city,country,latitude,longitude,timestamp_utc,aqi,pm25,pm10,no2,o3
Antananarivo,Madagascar,-18.8792,47.5079,2026-04-25 17:00:00+00:00,1.0,2.01,4.24,0.88,27.87
Buenos Aires,Argentina,-34.6037,-58.3816,2026-04-25 17:00:00+00:00,2.0,12.48,17.69,0.47,51.62
London,England,51.5074,-0.1278,2026-04-25 17:00:00+00:00,3.0,19.85,23.92,10.96,105.58
Madrid,Spain,40.4168,-3.7038,2026-04-25 17:00:00+00:00,2.0,0.51,0.75,0.43,74.5
Paris,France,48.8566,2.3522,2026-04-25 17:00:00+00:00,3.0,9.54,10.79,1.34,127.38
Antananarivo,Madagascar,-18.8792,47.5079,2026-04-25 18:00:00+00:00,1.0,2.18,4.46,0.89,26.02
Buenos Aires,Argentina,-34.6037,-58.3816,2026-04-25 18:00:00+00:00,2.0,10.88,15.68,0.44,51.16
London,England,51.5074,-0.1278,2026-04-25 18:00:00+00:00,3.0,19.69,23.6,13.47,104.0
Madrid,Spain,40.4168,-3.7038,2026-04-25 18:00:00+00:00,2.0,0.52,0.8,0.52,72.7
Paris,France,48.8566,2.3522,2026-04-25 18:00:00+00:00,3.0,10.13,11.5,1.78,125.68
Antananarivo,Madagascar,-18.8792,47.5079,2026-04-25 19:00:00+00:00,1.0,1.96,4.07,0.73,26.3
Buenos Aires,Argentina,-34.6037,-58.3816,2026-04-25 19:00:00+00:00,1.0,9.72,14.11,0.62,45.75
London,England,51.5074,-0.1278,2026-04-25 19:00:00+00:00,3.0,18.78,22.5,15.81,101.57
Madrid,Spain,40.4168,-3.7038,2026-04-25 19:00:00+00:00,2.0,0.52,0.85,0.69,69.19
Paris,France,48.8566,2.3522,2026-04-25 19:00:00+00:00,3.0,11.14,12.64,2.27,120.76
Antananarivo,Madagascar,-18.8792,47.5079,2026-04-25 20:00:00+00:00,1.0,1.99,4.15,0.71,25.12
Buenos Aires,Argentina,-34.6037,-58.3816,2026-04-25 20:00:00+00:00,1.0,9.04,13.06,1.04,38.57
London,England,51.5074,-0.1278,2026-04-25 20:00:00+00:00,2.0,17.74,21.29,15.78,99.89
Madrid,Spain,40.4168,-3.7038,2026-04-25 20:00:00+00:00,2.0,0.52,0.92,0.88,65.85
Paris,France,48.8566,2.3522,2026-04-25 20:00:00+00:00,3.0,12.52,14.22,2.72,114.7
Antananarivo,Madagascar,-18.8792,47.5079,2026-04-25 21:00:00+00:00,1.0,1.89,3.93,0.66,24.45
Buenos Aires,Argentina,-34.6037,-58.3816,2026-04-25 21:00:00+00:00,1.0,8.47,12.23,1.55,34.11
London,England,51.5074,-0.1278,2026-04-25 21:00:00+00:00,2.0,17.23,20.7,15.72,97.81
Madrid,Spain,40.4168,-3.7038,2026-04-25 21:00:00+00:00,2.0,0.52,0.97,1.04,63.87
Paris,France,48.8566,2.3522,2026-04-25 21:00:00+00:00,3.0,14.04,15.97,3.29,110.03
Antananarivo,Madagascar,-18.8792,47.5079,2026-04-25 22:00:00+00:00,1.0,1.87,3.85,0.66,22.49
Buenos Aires,Argentina,-34.6037,-58.3816,2026-04-25 22:00:00+00:00,1.0,7.97,11.42,1.96,30.96
London,England,51.5074,-0.1278,2026-04-25 22:00:00+00:00,2.0,16.8,20.3,16.03,93.95
Madrid,Spain,40.4168,-3.7038,2026-04-25 22:00:00+00:00,2.0,0.51,1.0,1.13,61.14
Paris,France,48.8566,2.3522,2026-04-25 22:00:00+00:00,3.0,14.79,16.93,3.92,102.25
Antananarivo,Madagascar,-18.8792,47.5079,2026-04-25 23:00:00+00:00,1.0,1.99,3.98,0.71,19.57
Buenos Aires,Argentina,-34.6037,-58.3816,2026-04-25 23:00:00+00:00,1.0,7.65,10.83,2.13,28.0
London,England,51.5074,-0.1278,2026-04-25 23:00:00+00:00,2.0,16.0,19.62,16.54,88.56
Madrid,Spain,40.4168,-3.7038,2026-04-25 23:00:00+00:00,1.0,0.51,1.05,1.12,58.68
Paris,France,48.8566,2.3522,2026-04-25 23:00:00+00:00,2.0,15.0,17.27,4.35,93.44
Antananarivo,Madagascar,-18.8792,47.5079,2026-04-26 00:00:00+00:00,1.0,2.09,4.02,0.75,17.51
Buenos Aires,Argentina,-34.6037,-58.3816,2026-04-26 00:00:00+00:00,1.0,7.45,10.44,2.18,26.14
London,England,51.5074,-0.1278,2026-04-26 00:00:00+00:00,2.0,15.12,18.76,17.16,82.84
Madrid,Spain,40.4168,-3.7038,2026-04-26 00:00:00+00:00,1.0,0.52,1.1,1.05,55.79
Paris,France,48.8566,2.3522,2026-04-26 00:00:00+00:00,2.0,14.38,16.6,4.19,84.25
Antananarivo,Madagascar,-18.8792,47.5079,2026-04-26 01:00:00+00:00,1.0,2.17,3.98,0.78,16.05
Buenos Aires,Argentina,-34.6037,-58.3816,2026-04-26 01:00:00+00:00,1.0,7.28,10.09,2.15,24.19
London,England,51.5074,-0.1278,2026-04-26 01:00:00+00:00,2.0,14.62,18.16,17.57,77.66
Madrid,Spain,40.4168,-3.7038,2026-04-26 01:00:00+00:00,1.0,0.54,1.1,0.93,52.11
Paris,France,48.8566,2.3522,2026-04-26 01:00:00+00:00,2.0,13.09,15.12,3.66,74.2
Antananarivo,Madagascar,-18.8792,47.5079,2026-04-26 02:00:00+00:00,1.0,2.23,4.02,0.8,15.08
Buenos Aires,Argentina,-34.6037,-58.3816,2026-04-26 02:00:00+00:00,1.0,7.44,10.21,2.23,20.71
London,England,51.5074,-0.1278,2026-04-26 02:00:00+00:00,2.0,14.56,17.98,17.22,73.72
Madrid,Spain,40.4168,-3.7038,2026-04-26 02:00:00+00:00,1.0,0.56,1.14,0.84,51.66
Paris,France,48.8566,2.3522,2026-04-26 02:00:00+00:00,2.0,12.15,14.02,3.3,65.69
Antananarivo,Madagascar,-18.8792,47.5079,2026-04-26 03:00:00+00:00,1.0,2.32,4.17,0.84,14.75
Buenos Aires,Argentina,-34.6037,-58.3816,2026-04-26 03:00:00+00:00,1.0,7.88,10.81,2.35,18.17
London,England,51.5074,-0.1278,2026-04-26 03:00:00+00:00,2.0,15.14,18.44,16.26,70.3
Madrid,Spain,40.4168,-3.7038,2026-04-26 03:00:00+00:00,1.0,0.6,1.22,0.77,54.06
Paris,France,48.8566,2.3522,2026-04-26 03:00:00+00:00,2.0,11.39,13.15,3.06,58.83
Antananarivo,Madagascar,-18.8792,47.5079,2026-04-26 04:00:00+00:00,1.0,2.46,4.74,0.86,15.21
Buenos Aires,Argentina,-34.6037,-58.3816,2026-04-26 04:00:00+00:00,1.0,8.04,12.29,2.02,21.92
London,England,51.5074,-0.1278,2026-04-26 04:00:00+00:00,2.0,15.48,18.55,14.88,67.66
Madrid,Spain,40.4168,-3.7038,2026-04-26 04:00:00+00:00,2.0,0.64,1.36,0.7,60.88
Paris,France,48.8566,2.3522,2026-04-26 04:00:00+00:00,2.0,10.67,12.36,3.06,52.57
Antananarivo,Madagascar,-18.8792,47.5079,2026-04-26 05:00:00+00:00,1.0,2.64,5.49,0.64,17.09
Buenos Aires,Argentina,-34.6037,-58.3816,2026-04-26 05:00:00+00:00,1.0,8.28,13.74,1.93,24.04
London,England,51.5074,-0.1278,2026-04-26 05:00:00+00:00,2.0,15.52,18.33,13.37,67.47
Madrid,Spain,40.4168,-3.7038,2026-04-26 05:00:00+00:00,2.0,0.76,1.6,0.78,63.46
Paris,France,48.8566,2.3522,2026-04-26 05:00:00+00:00,2.0,10.58,12.29,3.71,48.16
Antananarivo,Madagascar,-18.8792,47.5079,2026-04-26 06:00:00+00:00,1.0,3.0,6.08,0.49,22.49
Buenos Aires,Argentina,-34.6037,-58.3816,2026-04-26 06:00:00+00:00,1.0,8.29,15.09,1.83,27.34
London,England,51.5074,-0.1278,2026-04-26 06:00:00+00:00,2.0,15.25,17.83,11.87,71.07
Madrid,Spain,40.4168,-3.7038,2026-04-26 06:00:00+00:00,2.0,0.89,1.9,0.98,65.99
Paris,France,48.8566,2.3522,2026-04-26 06:00:00+00:00,2.0,10.91,12.69,4.75,44.49
Antananarivo,Madagascar,-18.8792,47.5079,2026-04-26 07:00:00+00:00,1.0,0.6,1.55,0.11,46.27
Buenos Aires,Argentina,-34.6037,-58.3816,2026-04-26 07:00:00+00:00,1.0,7.6,16.82,1.47,36.01
London,England,51.5074,-0.1278,2026-04-26 07:00:00+00:00,2.0,14.47,16.89,9.81,77.89
Madrid,Spain,40.4168,-3.7038,2026-04-26 07:00:00+00:00,2.0,1.06,2.26,1.09,68.56
Paris,France,48.8566,2.3522,2026-04-26 07:00:00+00:00,2.0,11.19,13.02,4.76,41.93
Antananarivo,Madagascar,-18.8792,47.5079,2026-04-26 08:00:00+00:00,1.0,0.51,1.22,0.07,47.18
Buenos Aires,Argentina,-34.6037,-58.3816,2026-04-26 08:00:00+00:00,1.0,7.06,16.43,1.41,37.25
London,England,51.5074,-0.1278,2026-04-26 08:00:00+00:00,2.0,14.18,16.58,8.65,80.25
Madrid,Spain,40.4168,-3.7038,2026-04-26 08:00:00+00:00,2.0,1.25,2.67,0.96,71.23
Paris,France,48.8566,2.3522,2026-04-26 08:00:00+00:00,2.0,11.53,13.43,4.29,41.35
Antananarivo,Madagascar,-18.8792,47.5079,2026-04-26 09:00:00+00:00,1.0,0.55,1.26,0.06,45.55
Buenos Aires,Argentina,-34.6037,-58.3816,2026-04-26 09:00:00+00:00,1.0,6.7,15.71,1.41,36.77
London,England,51.5074,-0.1278,2026-04-26 09:00:00+00:00,2.0,14.76,17.21,7.79,83.34
Madrid,Spain,40.4168,-3.7038,2026-04-26 09:00:00+00:00,2.0,1.48,3.16,0.76,78.51
Paris,France,48.8566,2.3522,2026-04-26 09:00:00+00:00,2.0,12.15,14.13,3.91,46.52
Antananarivo,Madagascar,-18.8792,47.5079,2026-04-26 10:00:00+00:00,1.0,0.65,1.31,0.07,44.97
Buenos Aires,Argentina,-34.6037,-58.3816,2026-04-26 10:00:00+00:00,1.0,6.22,14.26,1.44,35.91
London,England,51.5074,-0.1278,2026-04-26 10:00:00+00:00,2.0,16.51,19.04,7.19,88.83
Madrid,Spain,40.4168,-3.7038,2026-04-26 10:00:00+00:00,3.0,1.46,3.2,0.36,101.5
Paris,France,48.8566,2.3522,2026-04-26 10:00:00+00:00,3.0,10.91,12.76,2.48,102.44
Antananarivo,Madagascar,-18.8792,47.5079,2026-04-26 11:00:00+00:00,1.0,0.78,1.45,0.08,44.14
Buenos Aires,Argentina,-34.6037,-58.3816,2026-04-26 11:00:00+00:00,1.0,5.5,11.69,1.48,35.34
London,England,51.5074,-0.1278,2026-04-26 11:00:00+00:00,2.0,19.74,22.43,6.79,94.95
Madrid,Spain,40.4168,-3.7038,2026-04-26 11:00:00+00:00,3.0,1.4,3.04,0.25,105.11
Paris,France,48.8566,2.3522,2026-04-26 11:00:00+00:00,3.0,11.95,13.79,2.01,112.62
Antananarivo,Madagascar,-18.8792,47.5079,2026-04-26 12:00:00+00:00,1.0,0.87,1.58,0.1,43.89
Buenos Aires,Argentina,-34.6037,-58.3816,2026-04-26 12:00:00+00:00,1.0,4.38,8.27,1.35,36.56
London,England,51.5074,-0.1278,2026-04-26 12:00:00+00:00,3.0,23.9,26.75,6.47,102.68
Madrid,Spain,40.4168,-3.7038,2026-04-26 12:00:00+00:00,3.0,1.45,3.12,0.23,105.9
Paris,France,48.8566,2.3522,2026-04-26 12:00:00+00:00,3.0,14.0,15.88,1.68,117.77
Antananarivo,Madagascar,-18.8792,47.5079,2026-04-26 13:00:00+00:00,1.0,1.07,2.0,0.19,41.59
Buenos Aires,Argentina,-34.6037,-58.3816,2026-04-26 13:00:00+00:00,1.0,2.49,3.9,0.84,43.43
London,England,51.5074,-0.1278,2026-04-26 13:00:00+00:00,3.0,27.39,30.33,6.28,111.5
Madrid,Spain,40.4168,-3.7038,2026-04-26 13:00:00+00:00,3.0,1.41,3.34,0.19,108.03
Paris,France,48.8566,2.3522,2026-04-26 13:00:00+00:00,3.0,11.05,12.73,0.95,127.75
Antananarivo,Madagascar,-18.8792,47.5079,2026-04-26 14:00:00+00:00,1.0,1.36,2.67,0.41,37.69
Buenos Aires,Argentina,-34.6037,-58.3816,2026-04-26 14:00:00+00:00,1.0,1.56,2.34,0.52,46.62
London,England,51.5074,-0.1278,2026-04-26 14:00:00+00:00,3.0,29.56,32.55,6.33,118.98
Madrid,Spain,40.4168,-3.7038,2026-04-26 14:00:00+00:00,3.0,1.41,3.51,0.17,107.07
Paris,France,48.8566,2.3522,2026-04-26 14:00:00+00:00,3.0,9.69,11.26,0.72,131.35
Antananarivo,Madagascar,-18.8792,47.5079,2026-04-26 15:00:00+00:00,1.0,1.67,3.34,0.73,34.26
Buenos Aires,Argentina,-34.6037,-58.3816,2026-04-26 15:00:00+00:00,1.0,1.37,2.77,0.32,47.92
London,England,51.5074,-0.1278,2026-04-26 15:00:00+00:00,3.0,29.71,32.7,6.55,125.08
Madrid,Spain,40.4168,-3.7038,2026-04-26 15:00:00+00:00,3.0,1.38,3.41,0.19,106.95
Paris,France,48.8566,2.3522,2026-04-26 15:00:00+00:00,3.0,9.67,11.21,0.75,133.26
Antananarivo,Madagascar,-18.8792,47.5079,2026-04-26 16:00:00+00:00,1.0,2.05,4.23,0.96,30.59
Buenos Aires,Argentina,-34.6037,-58.3816,2026-04-26 16:00:00+00:00,1.0,1.26,3.45,0.19,48.77
London,England,51.5074,-0.1278,2026-04-26 16:00:00+00:00,3.0,28.48,31.48,7.2,128.68
Madrid,Spain,40.4168,-3.7038,2026-04-26 16:00:00+00:00,3.0,1.35,3.24,0.25,107.22
Paris,France,48.8566,2.3522,2026-04-26 16:00:00+00:00,3.0,9.83,11.39,0.98,133.89
Antananarivo,Madagascar,-18.8792,47.5079,2026-04-26 17:00:00+00:00,1.0,2.56,5.4,1.15,27.4
Buenos Aires,Argentina,-34.6037,-58.3816,2026-04-26 17:00:00+00:00,1.0,1.01,2.91,0.13,48.11
London,England,51.5074,-0.1278,2026-04-26 17:00:00+00:00,3.0,26.35,29.33,8.04,128.97
Madrid,Spain,40.4168,-3.7038,2026-04-26 17:00:00+00:00,3.0,1.31,3.07,0.34,105.78
Paris,France,48.8566,2.3522,2026-04-26 17:00:00+00:00,3.0,9.91,11.49,1.4,131.41
Antananarivo,Madagascar,-18.8792,47.5079,2026-04-26 18:00:00+00:00,1.0,3.06,6.45,1.28,24.7
Buenos Aires,Argentina,-34.6037,-58.3816,2026-04-26 18:00:00+00:00,1.0,1.19,3.39,0.11,47.83
London,England,51.5074,-0.1278,2026-04-26 18:00:00+00:00,3.0,23.82,26.75,8.77,126.94
Madrid,Spain,40.4168,-3.7038,2026-04-26 18:00:00+00:00,3.0,1.28,2.91,0.46,104.4
Paris,France,48.8566,2.3522,2026-04-26 18:00:00+00:00,3.0,9.54,11.13,1.83,127.7
Antananarivo,Madagascar,-18.8792,47.5079,2026-04-26 19:00:00+00:00,1.0,3.43,7.2,1.34,21.37
Buenos Aires,Argentina,-34.6037,-58.3816,2026-04-26 19:00:00+00:00,1.0,2.46,8.19,0.12,48.37
London,England,51.5074,-0.1278,2026-04-26 19:00:00+00:00,3.0,21.35,24.38,8.88,124.11
Madrid,Spain,40.4168,-3.7038,2026-04-26 19:00:00+00:00,3.0,1.26,2.79,0.64,101.15
Paris,France,48.8566,2.3522,2026-04-26 19:00:00+00:00,3.0,9.03,10.6,2.31,119.54
Antananarivo,Madagascar,-18.8792,47.5079,2026-04-26 20:00:00+00:00,1.0,3.65,7.58,1.37,18.74
Buenos Aires,Argentina,-34.6037,-58.3816,2026-04-26 20:00:00+00:00,1.0,4.95,18.62,0.16,48.46
London,England,51.5074,-0.1278,2026-04-26 20:00:00+00:00,3.0,18.87,22.15,8.39,120.3
Madrid,Spain,40.4168,-3.7038,2026-04-26 20:00:00+00:00,2.0,1.26,2.69,0.77,96.76
Paris,France,48.8566,2.3522,2026-04-26 20:00:00+00:00,3.0,8.58,10.17,2.78,108.48
Antananarivo,Madagascar,-18.8792,47.5079,2026-04-26 21:00:00+00:00,1.0,3.56,7.16,1.33,16.9
Buenos Aires,Argentina,-34.6037,-58.3816,2026-04-26 21:00:00+00:00,2.0,7.23,29.02,0.22,47.54
London,England,51.5074,-0.1278,2026-04-26 21:00:00+00:00,3.0,16.0,19.54,8.11,116.41
Madrid,Spain,40.4168,-3.7038,2026-04-26 21:00:00+00:00,2.0,1.25,2.61,0.86,93.1
Paris,France,48.8566,2.3522,2026-04-26 21:00:00+00:00,2.0,8.24,9.86,3.23,98.23
Antananarivo,Madagascar,-18.8792,47.5079,2026-04-26 22:00:00+00:00,1.0,3.45,6.71,1.27,15.46
Buenos Aires,Argentina,-34.6037,-58.3816,2026-04-26 22:00:00+00:00,2.0,9.17,37.52,0.26,45.62
London,England,51.5074,-0.1278,2026-04-26 22:00:00+00:00,3.0,13.27,16.94,7.29,113.68
Madrid,Spain,40.4168,-3.7038,2026-04-26 22:00:00+00:00,2.0,1.22,2.46,0.9,88.13
Paris,France,48.8566,2.3522,2026-04-26 22:00:00+00:00,2.0,7.91,9.49,3.36,87.96
Antananarivo,Madagascar,-18.8792,47.5079,2026-04-26 23:00:00+00:00,1.0,3.35,6.41,1.2,14.52
Buenos Aires,Argentina,-34.6037,-58.3816,2026-04-26 23:00:00+00:00,2.0,12.47,48.03,0.27,44.44
London,England,51.5074,-0.1278,2026-04-26 23:00:00+00:00,3.0,11.65,15.49,7.31,109.05
Madrid,Spain,40.4168,-3.7038,2026-04-26 23:00:00+00:00,2.0,1.21,2.39,0.9,84.89
Paris,France,48.8566,2.3522,2026-04-26 23:00:00+00:00,2.0,7.98,9.56,3.35,80.12
Antananarivo,Madagascar,-18.8792,47.5079,2026-04-27 00:00:00+00:00,1.0,3.15,6.0,1.12,14.37
Buenos Aires,Argentina,-34.6037,-58.3816,2026-04-27 00:00:00+00:00,3.0,15.44,60.28,0.26,44.68
London,England,51.5074,-0.1278,2026-04-27 00:00:00+00:00,3.0,10.93,14.89,7.58,103.68
Madrid,Spain,40.4168,-3.7038,2026-04-27 00:00:00+00:00,2.0,1.22,2.39,0.84,83.4
Paris,France,48.8566,2.3522,2026-04-27 00:00:00+00:00,2.0,8.79,10.38,3.27,73.57
Antananarivo,Madagascar,-18.8792,47.5079,2026-04-27 01:00:00+00:00,1.0,2.95,5.61,1.03,14.65
Buenos Aires,Argentina,-34.6037,-58.3816,2026-04-27 01:00:00+00:00,3.0,15.17,62.67,0.26,45.74
London,England,51.5074,-0.1278,2026-04-27 01:00:00+00:00,2.0,10.58,14.62,7.89,97.87
Madrid,Spain,40.4168,-3.7038,2026-04-27 01:00:00+00:00,2.0,1.24,2.43,0.76,81.58
Paris,France,48.8566,2.3522,2026-04-27 01:00:00+00:00,2.0,10.03,11.62,3.17,68.17
Antananarivo,Madagascar,-18.8792,47.5079,2026-04-27 02:00:00+00:00,1.0,2.86,5.39,0.99,14.34
Buenos Aires,Argentina,-34.6037,-58.3816,2026-04-27 02:00:00+00:00,3.0,13.19,58.09,0.26,46.73
London,England,51.5074,-0.1278,2026-04-27 02:00:00+00:00,2.0,10.44,14.59,8.19,93.16
Madrid,Spain,40.4168,-3.7038,2026-04-27 02:00:00+00:00,2.0,1.31,2.58,0.72,78.96
Paris,France,48.8566,2.3522,2026-04-27 02:00:00+00:00,2.0,11.52,13.12,3.17,64.67
Antananarivo,Madagascar,-18.8792,47.5079,2026-04-27 03:00:00+00:00,1.0,2.85,5.44,0.98,14.2
Buenos Aires,Argentina,-34.6037,-58.3816,2026-04-27 03:00:00+00:00,2.0,10.54,48.63,0.26,47.42
London,England,51.5074,-0.1278,2026-04-27 03:00:00+00:00,2.0,10.53,14.74,8.41,89.33
Madrid,Spain,40.4168,-3.7038,2026-04-27 03:00:00+00:00,2.0,1.41,2.8,0.7,76.33
Paris,France,48.8566,2.3522,2026-04-27 03:00:00+00:00,2.0,12.87,14.47,3.3,61.81
Antananarivo,Madagascar,-18.8792,47.5079,2026-04-27 04:00:00+00:00,1.0,2.98,6.16,0.99,14.38
Buenos Aires,Argentina,-34.6037,-58.3816,2026-04-27 04:00:00+00:00,2.0,7.98,37.76,0.26,47.38
London,England,51.5074,-0.1278,2026-04-27 04:00:00+00:00,2.0,10.57,14.79,8.39,86.15
Madrid,Spain,40.4168,-3.7038,2026-04-27 04:00:00+00:00,2.0,1.54,3.05,0.72,73.77
Paris,France,48.8566,2.3522,2026-04-27 04:00:00+00:00,2.0,13.7,15.28,3.65,58.08
Antananarivo,Madagascar,-18.8792,47.5079,2026-04-27 05:00:00+00:00,1.0,3.2,6.99,0.72,16.61
Buenos Aires,Argentina,-34.6037,-58.3816,2026-04-27 05:00:00+00:00,2.0,6.17,29.53,0.26,46.76
London,England,51.5074,-0.1278,2026-04-27 05:00:00+00:00,2.0,10.35,14.61,8.53,83.22
Madrid,Spain,40.4168,-3.7038,2026-04-27 05:00:00+00:00,2.0,1.71,3.37,0.88,72.39
Paris,France,48.8566,2.3522,2026-04-27 05:00:00+00:00,2.0,14.46,16.08,4.7,55.02
Antananarivo,Madagascar,-18.8792,47.5079,2026-04-27 06:00:00+00:00,1.0,3.51,7.43,0.55,22.6
Buenos Aires,Argentina,-34.6037,-58.3816,2026-04-27 06:00:00+00:00,2.0,4.67,22.11,0.27,46.01
London,England,51.5074,-0.1278,2026-04-27 06:00:00+00:00,2.0,10.09,14.43,9.0,80.36
Madrid,Spain,40.4168,-3.7038,2026-04-27 06:00:00+00:00,2.0,1.9,3.74,1.17,72.11
Paris,France,48.8566,2.3522,2026-04-27 06:00:00+00:00,2.0,15.09,16.81,6.3,52.87
Antananarivo,Madagascar,-18.8792,47.5079,2026-04-27 07:00:00+00:00,1.0,1.05,2.18,0.15,43.28
Buenos Aires,Argentina,-34.6037,-58.3816,2026-04-27 07:00:00+00:00,1.0,3.47,15.97,0.28,45.0
London,England,51.5074,-0.1278,2026-04-27 07:00:00+00:00,2.0,9.89,14.36,9.13,78.12
Madrid,Spain,40.4168,-3.7038,2026-04-27 07:00:00+00:00,2.0,2.07,4.04,1.36,71.78
Paris,France,48.8566,2.3522,2026-04-27 07:00:00+00:00,2.0,15.37,17.2,6.75,52.06
Antananarivo,Madagascar,-18.8792,47.5079,2026-04-27 08:00:00+00:00,1.0,0.93,1.72,0.1,47.77
Buenos Aires,Argentina,-34.6037,-58.3816,2026-04-27 08:00:00+00:00,1.0,2.68,11.78,0.29,44.25
London,England,51.5074,-0.1278,2026-04-27 08:00:00+00:00,2.0,10.18,14.85,9.25,76.02
Madrid,Spain,40.4168,-3.7038,2026-04-27 08:00:00+00:00,2.0,2.19,4.24,1.25,71.26
Paris,France,48.8566,2.3522,2026-04-27 08:00:00+00:00,2.0,15.69,17.67,6.64,52.19
Antananarivo,Madagascar,-18.8792,47.5079,2026-04-27 09:00:00+00:00,1.0,0.97,1.69,0.08,47.94
Buenos Aires,Argentina,-34.6037,-58.3816,2026-04-27 09:00:00+00:00,1.0,2.1,8.8,0.31,43.65
London,England,51.5074,-0.1278,2026-04-27 09:00:00+00:00,2.0,11.05,15.92,9.55,74.57
Madrid,Spain,40.4168,-3.7038,2026-04-27 09:00:00+00:00,2.0,2.28,4.37,1.03,74.64
Paris,France,48.8566,2.3522,2026-04-27 09:00:00+00:00,2.0,16.68,18.82,6.51,55.55
Antananarivo,Madagascar,-18.8792,47.5079,2026-04-27 10:00:00+00:00,1.0,0.92,1.49,0.07,49.82
Buenos Aires,Argentina,-34.6037,-58.3816,2026-04-27 10:00:00+00:00,1.0,1.66,6.61,0.34,42.86
London,England,51.5074,-0.1278,2026-04-27 10:00:00+00:00,2.0,12.56,17.61,9.56,75.41
Madrid,Spain,40.4168,-3.7038,2026-04-27 10:00:00+00:00,3.0,2.07,3.96,0.56,100.15
Paris,France,48.8566,2.3522,2026-04-27 10:00:00+00:00,2.0,18.81,20.93,5.04,90.92
Antananarivo,Madagascar,-18.8792,47.5079,2026-04-27 11:00:00+00:00,1.0,0.91,1.41,0.07,50.68
Buenos Aires,Argentina,-34.6037,-58.3816,2026-04-27 11:00:00+00:00,1.0,1.37,5.27,0.4,42.0
London,England,51.5074,-0.1278,2026-04-27 11:00:00+00:00,2.0,14.37,19.58,9.36,78.37
Madrid,Spain,40.4168,-3.7038,2026-04-27 11:00:00+00:00,3.0,1.91,3.55,0.38,105.73
Paris,France,48.8566,2.3522,2026-04-27 11:00:00+00:00,3.0,21.05,23.21,4.34,104.83
Antananarivo,Madagascar,-18.8792,47.5079,2026-04-27 12:00:00+00:00,1.0,0.93,1.41,0.08,50.03
Buenos Aires,Argentina,-34.6037,-58.3816,2026-04-27 12:00:00+00:00,1.0,1.22,4.59,0.4,41.05
London,England,51.5074,-0.1278,2026-04-27 12:00:00+00:00,2.0,17.33,22.72,9.23,82.3
Madrid,Spain,40.4168,-3.7038,2026-04-27 12:00:00+00:00,3.0,1.8,3.32,0.3,106.32
Paris,France,48.8566,2.3522,2026-04-27 12:00:00+00:00,3.0,23.7,25.93,3.91,112.57
Antananarivo,Madagascar,-18.8792,47.5079,2026-04-27 13:00:00+00:00,1.0,1.17,1.99,0.21,44.07
Buenos Aires,Argentina,-34.6037,-58.3816,2026-04-27 13:00:00+00:00,1.0,1.16,4.28,0.32,40.36
London,England,51.5074,-0.1278,2026-04-27 13:00:00+00:00,2.0,20.99,26.55,9.4,87.9
Madrid,Spain,40.4168,-3.7038,2026-04-27 13:00:00+00:00,3.0,1.47,3.43,0.19,102.82
Paris,France,48.8566,2.3522,2026-04-27 13:00:00+00:00,3.0,17.85,19.66,2.04,131.48
Antananarivo,Madagascar,-18.8792,47.5079,2026-04-27 14:00:00+00:00,1.0,1.64,3.04,0.49,36.87
Buenos Aires,Argentina,-34.6037,-58.3816,2026-04-27 14:00:00+00:00,1.0,1.15,4.15,0.26,40.14
London,England,51.5074,-0.1278,2026-04-27 14:00:00+00:00,2.0,24.58,30.25,9.81,93.57
Madrid,Spain,40.4168,-3.7038,2026-04-27 14:00:00+00:00,2.0,1.54,4.06,0.15,96.97
Paris,France,48.8566,2.3522,2026-04-27 14:00:00+00:00,3.0,14.54,16.08,1.21,138.29
Antananarivo,Madagascar,-18.8792,47.5079,2026-04-27 15:00:00+00:00,1.0,2.15,4.15,0.88,31.8
Buenos Aires,Argentina,-34.6037,-58.3816,2026-04-27 15:00:00+00:00,1.0,1.18,4.17,0.23,40.37
London,England,51.5074,-0.1278,2026-04-27 15:00:00+00:00,3.0,28.04,33.72,10.61,99.05
Madrid,Spain,40.4168,-3.7038,2026-04-27 15:00:00+00:00,2.0,1.64,4.36,0.16,93.55
Paris,France,48.8566,2.3522,2026-04-27 15:00:00+00:00,4.0,14.34,15.85,1.12,140.51
Antananarivo,Madagascar,-18.8792,47.5079,2026-04-27 16:00:00+00:00,1.0,2.86,5.79,1.22,27.09
Buenos Aires,Argentina,-34.6037,-58.3816,2026-04-27 16:00:00+00:00,1.0,1.29,4.38,0.21,41.29
London,England,51.5074,-0.1278,2026-04-27 16:00:00+00:00,3.0,30.93,36.56,12.46,102.87
Madrid,Spain,40.4168,-3.7038,2026-04-27 16:00:00+00:00,2.0,1.71,4.49,0.23,90.7
Paris,France,48.8566,2.3522,2026-04-27 16:00:00+00:00,4.0,14.84,16.41,1.39,141.01
Antananarivo,Madagascar,-18.8792,47.5079,2026-04-27 17:00:00+00:00,1.0,3.79,7.93,1.52,23.41
Buenos Aires,Argentina,-34.6037,-58.3816,2026-04-27 17:00:00+00:00,1.0,1.4,4.59,0.2,41.54
London,England,51.5074,-0.1278,2026-04-27 17:00:00+00:00,3.0,32.73,38.29,15.95,101.83
Madrid,Spain,40.4168,-3.7038,2026-04-27 17:00:00+00:00,2.0,1.75,4.53,0.32,86.53
Paris,France,48.8566,2.3522,2026-04-27 17:00:00+00:00,3.0,15.61,17.3,1.87,139.18
Antananarivo,Madagascar,-18.8792,47.5079,2026-04-27 18:00:00+00:00,1.0,4.69,9.7,1.76,21.02
Buenos Aires,Argentina,-34.6037,-58.3816,2026-04-27 18:00:00+00:00,1.0,1.49,4.74,0.21,41.67
London,England,51.5074,-0.1278,2026-04-27 18:00:00+00:00,3.0,33.58,39.05,21.29,96.79
Madrid,Spain,40.4168,-3.7038,2026-04-27 18:00:00+00:00,2.0,1.79,4.57,0.43,82.96
Paris,France,48.8566,2.3522,2026-04-27 18:00:00+00:00,3.0,16.26,18.06,2.33,136.58
Antananarivo,Madagascar,-18.8792,47.5079,2026-04-27 19:00:00+00:00,1.0,5.43,10.76,1.94,19.09
Buenos Aires,Argentina,-34.6037,-58.3816,2026-04-27 19:00:00+00:00,1.0,1.59,4.88,0.26,41.46
London,England,51.5074,-0.1278,2026-04-27 19:00:00+00:00,3.0,33.43,38.81,26.98,89.86
Madrid,Spain,40.4168,-3.7038,2026-04-27 19:00:00+00:00,2.0,1.82,4.59,0.58,79.12
Paris,France,48.8566,2.3522,2026-04-27 19:00:00+00:00,3.0,17.61,19.56,2.76,131.25
Antananarivo,Madagascar,-18.8792,47.5079,2026-04-27 20:00:00+00:00,1.0,5.94,11.19,2.03,17.1
Buenos Aires,Argentina,-34.6037,-58.3816,2026-04-27 20:00:00+00:00,1.0,1.69,5.05,0.41,40.19
London,England,51.5074,-0.1278,2026-04-27 20:00:00+00:00,3.0,33.08,38.37,29.74,82.01
Madrid,Spain,40.4168,-3.7038,2026-04-27 20:00:00+00:00,2.0,1.84,4.52,0.7,74.38
Paris,France,48.8566,2.3522,2026-04-27 20:00:00+00:00,3.0,20.39,22.58,3.15,126.31
Antananarivo,Madagascar,-18.8792,47.5079,2026-04-27 21:00:00+00:00,1.0,6.02,10.63,1.98,15.25
Buenos Aires,Argentina,-34.6037,-58.3816,2026-04-27 21:00:00+00:00,1.0,1.78,5.22,0.65,38.97
London,England,51.5074,-0.1278,2026-04-27 21:00:00+00:00,3.0,33.01,38.21,32.31,74.12
Madrid,Spain,40.4168,-3.7038,2026-04-27 21:00:00+00:00,2.0,1.86,4.39,0.8,70.16
Paris,France,48.8566,2.3522,2026-04-27 21:00:00+00:00,3.0,24.24,26.7,3.63,122.08
Antananarivo,Madagascar,-18.8792,47.5079,2026-04-27 22:00:00+00:00,1.0,5.84,9.68,1.82,13.57
Buenos Aires,Argentina,-34.6037,-58.3816,2026-04-27 22:00:00+00:00,1.0,1.85,5.31,0.89,37.38
London,England,51.5074,-0.1278,2026-04-27 22:00:00+00:00,3.0,32.84,37.91,33.77,69.0
Madrid,Spain,40.4168,-3.7038,2026-04-27 22:00:00+00:00,2.0,1.86,4.18,0.83,65.04
Paris,France,48.8566,2.3522,2026-04-27 22:00:00+00:00,3.0,27.63,30.32,4.13,115.06
Antananarivo,Madagascar,-18.8792,47.5079,2026-04-27 23:00:00+00:00,1.0,5.63,8.93,1.67,12.6
Buenos Aires,Argentina,-34.6037,-58.3816,2026-04-27 23:00:00+00:00,1.0,1.95,5.38,1.08,35.72
London,England,51.5074,-0.1278,2026-04-27 23:00:00+00:00,3.0,32.08,36.76,31.6,70.35
Madrid,Spain,40.4168,-3.7038,2026-04-27 23:00:00+00:00,2.0,1.93,4.13,0.82,61.55
Paris,France,48.8566,2.3522,2026-04-27 23:00:00+00:00,3.0,31.0,33.91,4.83,107.41
Antananarivo,Madagascar,-18.8792,47.5079,2026-04-28 00:00:00+00:00,1.0,5.34,8.24,1.53,12.3
Buenos Aires,Argentina,-34.6037,-58.3816,2026-04-28 00:00:00+00:00,1.0,2.06,5.49,1.24,34.36
London,England,51.5074,-0.1278,2026-04-28 00:00:00+00:00,3.0,29.89,33.91,26.81,73.22
Madrid,Spain,40.4168,-3.7038,2026-04-28 00:00:00+00:00,1.0,2.04,4.2,0.78,59.89
Paris,France,48.8566,2.3522,2026-04-28 00:00:00+00:00,3.0,34.31,37.43,5.63,99.39
Antananarivo,Madagascar,-18.8792,47.5079,2026-04-28 01:00:00+00:00,1.0,5.01,7.57,1.39,12.38
Buenos Aires,Argentina,-34.6037,-58.3816,2026-04-28 01:00:00+00:00,1.0,2.16,5.58,1.36,32.68
London,England,51.5074,-0.1278,2026-04-28 01:00:00+00:00,3.0,25.52,28.36,18.35,84.78
Madrid,Spain,40.4168,-3.7038,2026-04-28 01:00:00+00:00,1.0,2.14,4.31,0.72,59.37
Paris,France,48.8566,2.3522,2026-04-28 01:00:00+00:00,3.0,36.74,39.97,6.09,91.19
Antananarivo,Madagascar,-18.8792,47.5079,2026-04-28 02:00:00+00:00,1.0,4.75,7.06,1.27,12.12
Buenos Aires,Argentina,-34.6037,-58.3816,2026-04-28 02:00:00+00:00,1.0,2.32,5.84,1.51,31.39
London,England,51.5074,-0.1278,2026-04-28 02:00:00+00:00,2.0,21.17,23.06,13.83,88.82
Madrid,Spain,40.4168,-3.7038,2026-04-28 02:00:00+00:00,1.0,2.26,4.44,0.69,58.31
Paris,France,48.8566,2.3522,2026-04-28 02:00:00+00:00,3.0,38.59,41.87,6.21,85.71
Antananarivo,Madagascar,-18.8792,47.5079,2026-04-28 03:00:00+00:00,1.0,4.47,6.67,1.17,12.52
Buenos Aires,Argentina,-34.6037,-58.3816,2026-04-28 03:00:00+00:00,1.0,2.54,6.26,1.63,30.15
London,England,51.5074,-0.1278,2026-04-28 03:00:00+00:00,2.0,17.65,19.05,11.63,88.52
Madrid,Spain,40.4168,-3.7038,2026-04-28 03:00:00+00:00,1.0,2.39,4.6,0.67,57.8
Paris,France,48.8566,2.3522,2026-04-28 03:00:00+00:00,3.0,39.29,42.55,6.13,81.22
Antananarivo,Madagascar,-18.8792,47.5079,2026-04-28 04:00:00+00:00,1.0,4.13,6.66,1.05,13.9
Buenos Aires,Argentina,-34.6037,-58.3816,2026-04-28 04:00:00+00:00,1.0,2.84,6.9,1.77,28.88
London,England,51.5074,-0.1278,2026-04-28 04:00:00+00:00,2.0,14.4,15.61,8.83,88.48
Madrid,Spain,40.4168,-3.7038,2026-04-28 04:00:00+00:00,1.0,2.49,4.66,0.67,56.9
Paris,France,48.8566,2.3522,2026-04-28 04:00:00+00:00,3.0,38.53,41.72,6.07,76.22
Antananarivo,Madagascar,-18.8792,47.5079,2026-04-28 05:00:00+00:00,1.0,4.22,7.37,0.74,15.52
Buenos Aires,Argentina,-34.6037,-58.3816,2026-04-28 05:00:00+00:00,1.0,3.24,7.7,1.92,27.86
London,England,51.5074,-0.1278,2026-04-28 05:00:00+00:00,2.0,11.74,13.03,7.96,86.84
Madrid,Spain,40.4168,-3.7038,2026-04-28 05:00:00+00:00,1.0,2.59,4.68,0.82,55.44
Paris,France,48.8566,2.3522,2026-04-28 05:00:00+00:00,3.0,37.74,40.99,6.65,72.72
Antananarivo,Madagascar,-18.8792,47.5079,2026-04-28 06:00:00+00:00,1.0,4.52,7.93,0.54,21.02
Buenos Aires,Argentina,-34.6037,-58.3816,2026-04-28 06:00:00+00:00,1.0,3.69,8.67,2.02,27.35
London,England,51.5074,-0.1278,2026-04-28 06:00:00+00:00,2.0,9.16,10.45,7.43,87.94
Madrid,Spain,40.4168,-3.7038,2026-04-28 06:00:00+00:00,1.0,2.68,4.7,1.17,53.22
Paris,France,48.8566,2.3522,2026-04-28 06:00:00+00:00,3.0,37.01,40.4,8.5,70.65
Antananarivo,Madagascar,-18.8792,47.5079,2026-04-28 07:00:00+00:00,1.0,1.95,3.16,0.13,36.49
Buenos Aires,Argentina,-34.6037,-58.3816,2026-04-28 07:00:00+00:00,1.0,4.17,9.83,2.04,27.34
London,England,51.5074,-0.1278,2026-04-28 07:00:00+00:00,2.0,6.23,7.43,6.46,93.47
Madrid,Spain,40.4168,-3.7038,2026-04-28 07:00:00+00:00,1.0,2.71,4.61,1.49,50.33
Paris,France,48.8566,2.3522,2026-04-28 07:00:00+00:00,3.0,36.05,39.66,9.41,71.27
Antananarivo,Madagascar,-18.8792,47.5079,2026-04-28 08:00:00+00:00,1.0,1.67,2.65,0.08,39.41
Buenos Aires,Argentina,-34.6037,-58.3816,2026-04-28 08:00:00+00:00,1.0,4.66,11.04,2.13,27.26
London,England,51.5074,-0.1278,2026-04-28 08:00:00+00:00,2.0,4.73,6.03,5.99,96.95
Madrid,Spain,40.4168,-3.7038,2026-04-28 08:00:00+00:00,1.0,2.7,4.51,1.55,48.22
Paris,France,48.8566,2.3522,2026-04-28 08:00:00+00:00,3.0,36.21,40.07,9.43,72.66
Antananarivo,Madagascar,-18.8792,47.5079,2026-04-28 09:00:00+00:00,1.0,1.69,2.64,0.07,40.0
Buenos Aires,Argentina,-34.6037,-58.3816,2026-04-28 09:00:00+00:00,1.0,5.15,12.34,2.27,27.24
London,England,51.5074,-0.1278,2026-04-28 09:00:00+00:00,2.0,3.8,5.25,5.81,98.98
Madrid,Spain,40.4168,-3.7038,2026-04-28 09:00:00+00:00,1.0,2.68,4.44,1.48,48.5
Paris,France,48.8566,2.3522,2026-04-28 09:00:00+00:00,3.0,38.08,42.19,9.43,76.68
Antananarivo,Madagascar,-18.8792,47.5079,2026-04-28 10:00:00+00:00,1.0,1.81,2.78,0.08,40.75
Buenos Aires,Argentina,-34.6037,-58.3816,2026-04-28 10:00:00+00:00,1.0,5.55,13.6,2.5,27.17
London,England,51.5074,-0.1278,2026-04-28 10:00:00+00:00,3.0,2.77,4.25,5.11,104.18
Madrid,Spain,40.4168,-3.7038,2026-04-28 10:00:00+00:00,2.0,2.58,4.38,1.04,64.37
Paris,France,48.8566,2.3522,2026-04-28 10:00:00+00:00,3.0,34.61,38.24,6.21,109.69
Antananarivo,Madagascar,-18.8792,47.5079,2026-04-28 11:00:00+00:00,1.0,1.98,3.0,0.11,41.11
Buenos Aires,Argentina,-34.6037,-58.3816,2026-04-28 11:00:00+00:00,1.0,5.86,15.0,2.82,27.29
London,England,51.5074,-0.1278,2026-04-28 11:00:00+00:00,3.0,1.92,3.38,3.91,113.9
Madrid,Spain,40.4168,-3.7038,2026-04-28 11:00:00+00:00,2.0,2.5,4.25,0.78,68.68
Paris,France,48.8566,2.3522,2026-04-28 11:00:00+00:00,3.0,33.66,37.01,4.51,123.29
Antananarivo,Madagascar,-18.8792,47.5079,2026-04-28 12:00:00+00:00,1.0,2.11,3.19,0.13,41.06
Buenos Aires,Argentina,-34.6037,-58.3816,2026-04-28 12:00:00+00:00,1.0,6.18,16.57,2.76,28.35
London,England,51.5074,-0.1278,2026-04-28 12:00:00+00:00,3.0,1.61,3.09,2.94,121.83
Madrid,Spain,40.4168,-3.7038,2026-04-28 12:00:00+00:00,2.0,2.43,4.16,0.59,73.1
Paris,France,48.8566,2.3522,2026-04-28 12:00:00+00:00,3.0,34.94,38.2,3.57,130.37
Antananarivo,Madagascar,-18.8792,47.5079,2026-04-28 13:00:00+00:00,1.0,2.48,3.89,0.27,37.75
Buenos Aires,Argentina,-34.6037,-58.3816,2026-04-28 13:00:00+00:00,1.0,6.58,18.27,2.12,30.47
London,England,51.5074,-0.1278,2026-04-28 13:00:00+00:00,3.0,1.96,3.61,2.51,126.49
Madrid,Spain,40.4168,-3.7038,2026-04-28 13:00:00+00:00,2.0,1.73,3.68,0.29,85.2
Paris,France,48.8566,2.3522,2026-04-28 13:00:00+00:00,3.0,29.93,32.73,2.18,139.82
Antananarivo,Madagascar,-18.8792,47.5079,2026-04-28 14:00:00+00:00,1.0,3.05,4.99,0.55,32.92
Buenos Aires,Argentina,-34.6037,-58.3816,2026-04-28 14:00:00+00:00,1.0,7.27,19.83,1.82,32.58
London,England,51.5074,-0.1278,2026-04-28 14:00:00+00:00,3.0,3.47,5.51,2.41,129.41
Madrid,Spain,40.4168,-3.7038,2026-04-28 14:00:00+00:00,2.0,1.62,4.12,0.26,86.28
Paris,France,48.8566,2.3522,2026-04-28 14:00:00+00:00,4.0,23.4,25.75,1.35,140.31
Antananarivo,Madagascar,-18.8792,47.5079,2026-04-28 15:00:00+00:00,1.0,3.6,6.04,0.92,29.17
Buenos Aires,Argentina,-34.6037,-58.3816,2026-04-28 15:00:00+00:00,2.0,8.59,21.8,1.65,36.58
London,England,51.5074,-0.1278,2026-04-28 15:00:00+00:00,3.0,6.65,9.34,2.46,132.47
Madrid,Spain,40.4168,-3.7038,2026-04-28 15:00:00+00:00,2.0,1.58,4.08,0.31,85.72
Paris,France,48.8566,2.3522,2026-04-28 15:00:00+00:00,3.0,19.83,21.93,1.14,137.9
Antananarivo,Madagascar,-18.8792,47.5079,2026-04-28 16:00:00+00:00,1.0,4.28,7.57,1.25,25.24
Buenos Aires,Argentina,-34.6037,-58.3816,2026-04-28 16:00:00+00:00,2.0,10.61,24.72,1.24,46.26
London,England,51.5074,-0.1278,2026-04-28 16:00:00+00:00,3.0,10.2,13.44,2.78,135.21
Madrid,Spain,40.4168,-3.7038,2026-04-28 16:00:00+00:00,2.0,1.51,3.59,0.47,84.52
Paris,France,48.8566,2.3522,2026-04-28 16:00:00+00:00,3.0,16.53,18.42,1.26,134.34
Antananarivo,Madagascar,-18.8792,47.5079,2026-04-28 17:00:00+00:00,1.0,5.23,9.77,1.57,22.07
Buenos Aires,Argentina,-34.6037,-58.3816,2026-04-28 17:00:00+00:00,2.0,13.0,27.14,0.99,51.85
London,England,51.5074,-0.1278,2026-04-28 17:00:00+00:00,3.0,12.43,15.89,3.28,134.27
Madrid,Spain,40.4168,-3.7038,2026-04-28 17:00:00+00:00,2.0,1.44,3.03,0.65,82.26
Paris,France,48.8566,2.3522,2026-04-28 17:00:00+00:00,3.0,13.1,14.73,1.6,129.59
Antananarivo,Madagascar,-18.8792,47.5079,2026-04-28 18:00:00+00:00,1.0,6.18,11.8,1.83,20.06
Buenos Aires,Argentina,-34.6037,-58.3816,2026-04-28 18:00:00+00:00,2.0,14.66,28.68,0.84,55.77
London,England,51.5074,-0.1278,2026-04-28 18:00:00+00:00,3.0,12.58,16.1,3.96,131.27
Madrid,Spain,40.4168,-3.7038,2026-04-28 18:00:00+00:00,2.0,1.39,2.6,0.73,80.75
Paris,France,48.8566,2.3522,2026-04-28 18:00:00+00:00,3.0,10.26,11.67,2.08,125.3
Antananarivo,Madagascar,-18.8792,47.5079,2026-04-28 19:00:00+00:00,1.0,6.98,13.44,2.05,18.65
Buenos Aires,Argentina,-34.6037,-58.3816,2026-04-28 19:00:00+00:00,2.0,16.11,29.87,0.85,57.54
London,England,51.5074,-0.1278,2026-04-28 19:00:00+00:00,3.0,10.87,14.33,4.46,127.59
Madrid,Spain,40.4168,-3.7038,2026-04-28 19:00:00+00:00,2.0,1.36,2.34,0.72,78.57
Paris,France,48.8566,2.3522,2026-04-28 19:00:00+00:00,3.0,9.27,10.68,2.89,117.12
Antananarivo,Madagascar,-18.8792,47.5079,2026-04-28 20:00:00+00:00,1.0,7.49,14.28,2.17,17.48
Buenos Aires,Argentina,-34.6037,-58.3816,2026-04-28 20:00:00+00:00,2.0,17.43,30.63,1.2,55.81
London,England,51.5074,-0.1278,2026-04-28 20:00:00+00:00,3.0,8.79,12.27,4.7,123.54
Madrid,Spain,40.4168,-3.7038,2026-04-28 20:00:00+00:00,2.0,1.34,2.21,0.65,77.51
Paris,France,48.8566,2.3522,2026-04-28 20:00:00+00:00,3.0,9.22,10.75,3.65,106.99
Antananarivo,Madagascar,-18.8792,47.5079,2026-04-28 21:00:00+00:00,1.0,7.48,13.7,2.13,16.69
Buenos Aires,Argentina,-34.6037,-58.3816,2026-04-28 21:00:00+00:00,2.0,18.28,30.93,1.9,53.43
London,England,51.5074,-0.1278,2026-04-28 21:00:00+00:00,3.0,7.48,11.16,4.8,119.47
Madrid,Spain,40.4168,-3.7038,2026-04-28 21:00:00+00:00,2.0,1.29,2.0,0.57,76.96
Paris,France,48.8566,2.3522,2026-04-28 21:00:00+00:00,2.0,9.22,10.83,4.35,98.94
Antananarivo,Madagascar,-18.8792,47.5079,2026-04-28 22:00:00+00:00,1.0,7.12,12.33,1.94,16.12
Buenos Aires,Argentina,-34.6037,-58.3816,2026-04-28 22:00:00+00:00,2.0,18.83,30.84,2.47,51.16
London,England,51.5074,-0.1278,2026-04-28 22:00:00+00:00,3.0,7.0,10.94,4.8,114.96
Madrid,Spain,40.4168,-3.7038,2026-04-28 22:00:00+00:00,2.0,1.23,1.77,0.54,72.84
Paris,France,48.8566,2.3522,2026-04-28 22:00:00+00:00,2.0,9.12,10.73,4.6,90.63
Antananarivo,Madagascar,-18.8792,47.5079,2026-04-28 23:00:00+00:00,1.0,6.79,11.35,1.76,15.26
Buenos Aires,Argentina,-34.6037,-58.3816,2026-04-28 23:00:00+00:00,2.0,19.29,30.66,2.89,49.56
London,England,51.5074,-0.1278,2026-04-28 23:00:00+00:00,3.0,7.13,11.27,4.88,111.54
Madrid,Spain,40.4168,-3.7038,2026-04-28 23:00:00+00:00,2.0,1.21,1.65,0.56,66.05
Paris,France,48.8566,2.3522,2026-04-28 23:00:00+00:00,2.0,9.04,10.6,4.3,83.47
Antananarivo,Madagascar,-18.8792,47.5079,2026-04-29 00:00:00+00:00,1.0,6.41,10.46,1.6,14.49
Buenos Aires,Argentina,-34.6037,-58.3816,2026-04-29 00:00:00+00:00,2.0,19.52,30.13,3.27,48.22
London,England,51.5074,-0.1278,2026-04-29 00:00:00+00:00,3.0,7.99,12.04,4.98,108.45
Madrid,Spain,40.4168,-3.7038,2026-04-29 00:00:00+00:00,1.0,1.2,1.58,0.56,59.76
Paris,France,48.8566,2.3522,2026-04-29 00:00:00+00:00,2.0,8.67,10.13,3.61,76.66
Antananarivo,Madagascar,-18.8792,47.5079,2026-04-29 01:00:00+00:00,1.0,6.03,9.59,1.43,13.83
Buenos Aires,Argentina,-34.6037,-58.3816,2026-04-29 01:00:00+00:00,2.0,19.3,29.07,3.51,46.84
London,England,51.5074,-0.1278,2026-04-29 01:00:00+00:00,3.0,9.32,13.07,5.07,105.33
Madrid,Spain,40.4168,-3.7038,2026-04-29 01:00:00+00:00,1.0,1.19,1.54,0.55,54.74
Paris,France,48.8566,2.3522,2026-04-29 01:00:00+00:00,2.0,8.03,9.35,2.85,71.11
Antananarivo,Madagascar,-18.8792,47.5079,2026-04-29 02:00:00+00:00,1.0,5.77,8.94,1.33,13.39
Buenos Aires,Argentina,-34.6037,-58.3816,2026-04-29 02:00:00+00:00,2.0,18.95,28.02,3.45,46.55
London,England,51.5074,-0.1278,2026-04-29 02:00:00+00:00,3.0,10.58,13.95,5.2,102.2
Madrid,Spain,40.4168,-3.7038,2026-04-29 02:00:00+00:00,1.0,1.16,1.47,0.53,53.13
Paris,France,48.8566,2.3522,2026-04-29 02:00:00+00:00,2.0,7.56,8.75,2.29,68.02
Antananarivo,Madagascar,-18.8792,47.5079,2026-04-29 03:00:00+00:00,1.0,5.55,8.49,1.26,13.54
Buenos Aires,Argentina,-34.6037,-58.3816,2026-04-29 03:00:00+00:00,2.0,18.38,27.01,3.05,47.32
London,England,51.5074,-0.1278,2026-04-29 03:00:00+00:00,2.0,11.28,14.28,5.33,99.39
Madrid,Spain,40.4168,-3.7038,2026-04-29 03:00:00+00:00,1.0,1.07,1.32,0.52,55.54
Paris,France,48.8566,2.3522,2026-04-29 03:00:00+00:00,2.0,7.33,8.39,1.92,66.16
Antananarivo,Madagascar,-18.8792,47.5079,2026-04-29 04:00:00+00:00,1.0,5.1,8.24,1.13,14.41
Buenos Aires,Argentina,-34.6037,-58.3816,2026-04-29 04:00:00+00:00,2.0,17.83,26.45,2.64,48.84
London,England,51.5074,-0.1278,2026-04-29 04:00:00+00:00,2.0,11.32,14.04,5.46,96.62
Madrid,Spain,40.4168,-3.7038,2026-04-29 04:00:00+00:00,2.0,0.92,1.12,0.54,60.55
Paris,France,48.8566,2.3522,2026-04-29 04:00:00+00:00,2.0,7.26,8.23,1.77,64.65
Antananarivo,Madagascar,-18.8792,47.5079,2026-04-29 05:00:00+00:00,1.0,5.17,8.84,0.8,15.74
Buenos Aires,Argentina,-34.6037,-58.3816,2026-04-29 05:00:00+00:00,2.0,17.45,26.2,2.54,48.87
London,England,51.5074,-0.1278,2026-04-29 05:00:00+00:00,2.0,11.03,13.58,5.66,93.81
Madrid,Spain,40.4168,-3.7038,2026-04-29 05:00:00+00:00,2.0,0.84,1.08,0.67,60.63
Paris,France,48.8566,2.3522,2026-04-29 05:00:00+00:00,2.0,7.54,8.49,2.08,63.25
Antananarivo,Madagascar,-18.8792,47.5079,2026-04-29 06:00:00+00:00,1.0,5.77,9.78,0.62,20.87
Buenos Aires,Argentina,-34.6037,-58.3816,2026-04-29 06:00:00+00:00,2.0,16.88,25.83,2.59,48.24
London,England,51.5074,-0.1278,2026-04-29 06:00:00+00:00,2.0,10.45,12.94,6.6,91.25
Madrid,Spain,40.4168,-3.7038,2026-04-29 06:00:00+00:00,2.0,0.83,1.15,0.87,60.43
Paris,France,48.8566,2.3522,2026-04-29 06:00:00+00:00,2.0,8.22,9.18,2.76,63.65
Antananarivo,Madagascar,-18.8792,47.5079,2026-04-29 07:00:00+00:00,1.0,3.0,4.78,0.2,34.2
Buenos Aires,Argentina,-34.6037,-58.3816,2026-04-29 07:00:00+00:00,2.0,15.58,23.13,2.59,47.48
London,England,51.5074,-0.1278,2026-04-29 07:00:00+00:00,2.0,9.32,11.83,7.36,89.78
Madrid,Spain,40.4168,-3.7038,2026-04-29 07:00:00+00:00,2.0,0.81,1.21,1.0,61.65
Paris,France,48.8566,2.3522,2026-04-29 07:00:00+00:00,2.0,9.4,10.33,2.77,70.45
Antananarivo,Madagascar,-18.8792,47.5079,2026-04-29 08:00:00+00:00,1.0,2.73,4.25,0.13,36.65
Buenos Aires,Argentina,-34.6037,-58.3816,2026-04-29 08:00:00+00:00,2.0,13.95,19.23,2.6,46.2
London,England,51.5074,-0.1278,2026-04-29 08:00:00+00:00,2.0,8.33,10.87,7.29,89.4
Madrid,Spain,40.4168,-3.7038,2026-04-29 08:00:00+00:00,2.0,0.77,1.19,0.99,63.85
Paris,France,48.8566,2.3522,2026-04-29 08:00:00+00:00,2.0,9.62,10.5,2.39,72.49
Antananarivo,Madagascar,-18.8792,47.5079,2026-04-29 09:00:00+00:00,1.0,2.64,4.01,0.11,37.5
Buenos Aires,Argentina,-34.6037,-58.3816,2026-04-29 09:00:00+00:00,2.0,12.22,15.9,2.58,45.07
London,England,51.5074,-0.1278,2026-04-29 09:00:00+00:00,2.0,8.01,10.57,6.87,91.02
Madrid,Spain,40.4168,-3.7038,2026-04-29 09:00:00+00:00,2.0,0.72,1.13,0.92,67.53
Paris,France,48.8566,2.3522,2026-04-29 09:00:00+00:00,2.0,10.15,10.97,1.94,76.97
Antananarivo,Madagascar,-18.8792,47.5079,2026-04-29 10:00:00+00:00,1.0,2.59,3.77,0.1,39.92
Buenos Aires,Argentina,-34.6037,-58.3816,2026-04-29 10:00:00+00:00,2.0,10.48,13.64,2.51,44.73
London,England,51.5074,-0.1278,2026-04-29 10:00:00+00:00,2.0,8.63,11.22,6.14,95.07
Madrid,Spain,40.4168,-3.7038,2026-04-29 10:00:00+00:00,2.0,0.62,1.05,0.56,79.0
Paris,France,48.8566,2.3522,2026-04-29 10:00:00+00:00,2.0,8.58,9.14,1.27,98.69
Antananarivo,Madagascar,-18.8792,47.5079,2026-04-29 11:00:00+00:00,1.0,2.68,3.87,0.12,41.49
Buenos Aires,Argentina,-34.6037,-58.3816,2026-04-29 11:00:00+00:00,1.0,9.1,12.38,2.39,44.25
London,England,51.5074,-0.1278,2026-04-29 11:00:00+00:00,3.0,9.94,12.46,5.18,101.62
Madrid,Spain,40.4168,-3.7038,2026-04-29 11:00:00+00:00,2.0,0.64,1.04,0.41,82.29
Paris,France,48.8566,2.3522,2026-04-29 11:00:00+00:00,3.0,6.78,7.24,0.92,102.41
Antananarivo,Madagascar,-18.8792,47.5079,2026-04-29 12:00:00+00:00,1.0,2.71,3.93,0.14,42.36
Buenos Aires,Argentina,-34.6037,-58.3816,2026-04-29 12:00:00+00:00,1.0,8.15,12.0,2.25,43.53
London,England,51.5074,-0.1278,2026-04-29 12:00:00+00:00,3.0,11.88,14.32,4.3,109.67
Madrid,Spain,40.4168,-3.7038,2026-04-29 12:00:00+00:00,2.0,0.69,1.08,0.36,83.02
Paris,France,48.8566,2.3522,2026-04-29 12:00:00+00:00,3.0,5.68,6.12,0.81,102.91
Antananarivo,Madagascar,-18.8792,47.5079,2026-04-29 13:00:00+00:00,1.0,3.01,4.53,0.28,39.83
Buenos Aires,Argentina,-34.6037,-58.3816,2026-04-29 13:00:00+00:00,1.0,7.5,12.31,1.7,43.28
London,England,51.5074,-0.1278,2026-04-29 13:00:00+00:00,3.0,14.33,16.76,3.84,117.19
Madrid,Spain,40.4168,-3.7038,2026-04-29 13:00:00+00:00,2.0,0.72,1.11,0.3,84.24
Paris,France,48.8566,2.3522,2026-04-29 13:00:00+00:00,3.0,4.04,4.43,0.71,106.42
Antananarivo,Madagascar,-18.8792,47.5079,2026-04-29 14:00:00+00:00,1.0,3.55,5.59,0.57,35.44
Buenos Aires,Argentina,-34.6037,-58.3816,2026-04-29 14:00:00+00:00,1.0,7.39,13.25,1.14,44.77
London,England,51.5074,-0.1278,2026-04-29 14:00:00+00:00,3.0,16.76,19.3,3.66,122.32
Madrid,Spain,40.4168,-3.7038,2026-04-29 14:00:00+00:00,2.0,0.77,1.23,0.26,84.57
Paris,France,48.8566,2.3522,2026-04-29 14:00:00+00:00,3.0,3.35,3.74,0.67,108.78
Antananarivo,Madagascar,-18.8792,47.5079,2026-04-29 15:00:00+00:00,1.0,4.05,6.62,0.95,31.37
Buenos Aires,Argentina,-34.6037,-58.3816,2026-04-29 15:00:00+00:00,1.0,8.13,15.81,0.76,48.48
London,England,51.5074,-0.1278,2026-04-29 15:00:00+00:00,3.0,18.31,21.02,3.65,125.12
Madrid,Spain,40.4168,-3.7038,2026-04-29 15:00:00+00:00,2.0,0.86,1.34,0.25,85.05
Paris,France,48.8566,2.3522,2026-04-29 15:00:00+00:00,3.0,3.52,3.92,0.74,110.39
Antananarivo,Madagascar,-18.8792,47.5079,2026-04-29 16:00:00+00:00,1.0,4.62,7.96,1.23,26.65
Buenos Aires,Argentina,-34.6037,-58.3816,2026-04-29 16:00:00+00:00,2.0,9.23,24.07,0.48,52.8
London,England,51.5074,-0.1278,2026-04-29 16:00:00+00:00,3.0,18.84,21.69,3.86,127.37
Madrid,Spain,40.4168,-3.7038,2026-04-29 16:00:00+00:00,2.0,0.93,1.39,0.28,84.93
Paris,France,48.8566,2.3522,2026-04-29 16:00:00+00:00,3.0,3.74,4.15,0.9,113.01
Antananarivo,Madagascar,-18.8792,47.5079,2026-04-29 17:00:00+00:00,1.0,5.4,9.71,1.48,22.63
Buenos Aires,Argentina,-34.6037,-58.3816,2026-04-29 17:00:00+00:00,2.0,9.66,32.04,0.33,53.27
London,England,51.5074,-0.1278,2026-04-29 17:00:00+00:00,3.0,18.98,21.93,4.27,128.91
Madrid,Spain,40.4168,-3.7038,2026-04-29 17:00:00+00:00,2.0,0.99,1.41,0.33,83.78
Paris,France,48.8566,2.3522,2026-04-29 17:00:00+00:00,3.0,4.18,4.63,1.14,114.42
Antananarivo,Madagascar,-18.8792,47.5079,2026-04-29 18:00:00+00:00,1.0,6.15,11.24,1.64,19.42
Buenos Aires,Argentina,-34.6037,-58.3816,2026-04-29 18:00:00+00:00,2.0,9.66,37.82,0.26,52.07
London,England,51.5074,-0.1278,2026-04-29 18:00:00+00:00,3.0,18.51,21.55,4.88,129.97
Madrid,Spain,40.4168,-3.7038,2026-04-29 18:00:00+00:00,2.0,1.03,1.44,0.39,82.53
Paris,France,48.8566,2.3522,2026-04-29 18:00:00+00:00,3.0,5.06,5.59,1.34,115.83
Antananarivo,Madagascar,-18.8792,47.5079,2026-04-29 19:00:00+00:00,1.0,6.6,11.98,1.73,16.83
Buenos Aires,Argentina,-34.6037,-58.3816,2026-04-29 19:00:00+00:00,2.0,9.78,42.07,0.29,49.5
London,England,51.5074,-0.1278,2026-04-29 19:00:00+00:00,3.0,17.45,20.52,5.45,130.14
Madrid,Spain,40.4168,-3.7038,2026-04-29 19:00:00+00:00,2.0,1.07,1.5,0.55,74.51
Paris,France,48.8566,2.3522,2026-04-29 19:00:00+00:00,3.0,6.3,6.93,1.4,116.93
Antananarivo,Madagascar,-18.8792,47.5079,2026-04-29 20:00:00+00:00,1.0,6.7,11.77,1.72,15.02
Buenos Aires,Argentina,-34.6037,-58.3816,2026-04-29 20:00:00+00:00,2.0,10.15,44.53,0.44,46.32
London,England,51.5074,-0.1278,2026-04-29 20:00:00+00:00,3.0,16.79,19.89,5.65,129.08
Madrid,Spain,40.4168,-3.7038,2026-04-29 20:00:00+00:00,2.0,1.12,1.61,0.74,64.06
Paris,France,48.8566,2.3522,2026-04-29 20:00:00+00:00,3.0,7.28,8.02,1.3,118.62
Antananarivo,Madagascar,-18.8792,47.5079,2026-04-29 21:00:00+00:00,1.0,6.17,10.28,1.54,14.64
Buenos Aires,Argentina,-34.6037,-58.3816,2026-04-29 21:00:00+00:00,2.0,10.47,46.16,0.71,43.6
London,England,51.5074,-0.1278,2026-04-29 21:00:00+00:00,3.0,16.56,19.69,5.88,126.75
Madrid,Spain,40.4168,-3.7038,2026-04-29 21:00:00+00:00,1.0,1.15,1.7,0.87,57.59
Paris,France,48.8566,2.3522,2026-04-29 21:00:00+00:00,3.0,7.82,8.65,1.22,119.42
Antananarivo,Madagascar,-18.8792,47.5079,2026-04-29 22:00:00+00:00,1.0,4.93,7.94,1.16,16.72
Buenos Aires,Argentina,-34.6037,-58.3816,2026-04-29 22:00:00+00:00,2.0,10.65,45.34,1.08,39.5
London,England,51.5074,-0.1278,2026-04-29 22:00:00+00:00,3.0,16.29,19.45,6.0,123.42
Madrid,Spain,40.4168,-3.7038,2026-04-29 22:00:00+00:00,1.0,1.15,1.75,0.93,53.39
Paris,France,48.8566,2.3522,2026-04-29 22:00:00+00:00,3.0,8.28,9.16,1.1,117.01
Antananarivo,Madagascar,-18.8792,47.5079,2026-04-29 23:00:00+00:00,1.0,4.36,6.93,0.99,16.5
Buenos Aires,Argentina,-34.6037,-58.3816,2026-04-29 23:00:00+00:00,2.0,10.96,43.82,1.46,35.24
London,England,51.5074,-0.1278,2026-04-29 23:00:00+00:00,3.0,15.4,18.53,5.97,119.73
Madrid,Spain,40.4168,-3.7038,2026-04-29 23:00:00+00:00,1.0,1.16,1.8,0.9,49.74
Paris,France,48.8566,2.3522,2026-04-29 23:00:00+00:00,3.0,9.04,9.97,1.0,114.37
Antananarivo,Madagascar,-18.8792,47.5079,2026-04-30 00:00:00+00:00,1.0,3.78,6.01,0.84,16.44
Buenos Aires,Argentina,-34.6037,-58.3816,2026-04-30 00:00:00+00:00,2.0,11.22,42.74,1.74,31.88
London,England,51.5074,-0.1278,2026-04-30 00:00:00+00:00,3.0,13.95,16.97,5.87,115.96
Madrid,Spain,40.4168,-3.7038,2026-04-30 00:00:00+00:00,1.0,1.17,1.82,0.85,46.63
Paris,France,48.8566,2.3522,2026-04-30 00:00:00+00:00,3.0,9.82,10.78,0.94,111.72
Antananarivo,Madagascar,-18.8792,47.5079,2026-04-30 01:00:00+00:00,1.0,2.98,4.79,0.64,17.47
Buenos Aires,Argentina,-34.6037,-58.3816,2026-04-30 01:00:00+00:00,2.0,11.3,39.94,2.01,27.52
London,England,51.5074,-0.1278,2026-04-30 01:00:00+00:00,3.0,12.39,15.3,5.74,111.86
Madrid,Spain,40.4168,-3.7038,2026-04-30 01:00:00+00:00,1.0,1.18,1.85,0.78,46.04
Paris,France,48.8566,2.3522,2026-04-30 01:00:00+00:00,3.0,10.36,11.32,0.9,107.57
Antananarivo,Madagascar,-18.8792,47.5079,2026-04-30 02:00:00+00:00,1.0,2.51,3.96,0.56,17.54
Buenos Aires,Argentina,-34.6037,-58.3816,2026-04-30 02:00:00+00:00,2.0,11.53,38.13,2.35,23.11
London,England,51.5074,-0.1278,2026-04-30 02:00:00+00:00,3.0,10.92,13.68,5.47,107.82
Madrid,Spain,40.4168,-3.7038,2026-04-30 02:00:00+00:00,1.0,1.2,1.93,0.73,45.58
Paris,France,48.8566,2.3522,2026-04-30 02:00:00+00:00,3.0,10.88,11.83,0.9,103.79
Antananarivo,Madagascar,-18.8792,47.5079,2026-04-30 03:00:00+00:00,1.0,2.12,3.32,0.51,17.76
Buenos Aires,Argentina,-34.6037,-58.3816,2026-04-30 03:00:00+00:00,2.0,11.79,38.25,2.64,19.79
London,England,51.5074,-0.1278,2026-04-30 03:00:00+00:00,3.0,9.59,12.16,5.06,103.93
Madrid,Spain,40.4168,-3.7038,2026-04-30 03:00:00+00:00,1.0,1.23,2.05,0.7,46.18
Paris,France,48.8566,2.3522,2026-04-30 03:00:00+00:00,3.0,11.37,12.3,0.93,100.29
Antananarivo,Madagascar,-18.8792,47.5079,2026-04-30 04:00:00+00:00,1.0,1.72,2.93,0.48,18.24
Buenos Aires,Argentina,-34.6037,-58.3816,2026-04-30 04:00:00+00:00,2.0,11.94,39.15,2.85,17.49
London,England,51.5074,-0.1278,2026-04-30 04:00:00+00:00,3.0,8.47,10.85,4.6,100.75
Madrid,Spain,40.4168,-3.7038,2026-04-30 04:00:00+00:00,1.0,1.26,2.11,0.72,43.62
Paris,France,48.8566,2.3522,2026-04-30 04:00:00+00:00,2.0,11.6,12.51,1.01,96.12
Antananarivo,Madagascar,-18.8792,47.5079,2026-04-30 05:00:00+00:00,1.0,1.44,2.83,0.44,18.09
Buenos Aires,Argentina,-34.6037,-58.3816,2026-04-30 05:00:00+00:00,2.0,12.18,40.79,3.06,16.02
London,England,51.5074,-0.1278,2026-04-30 05:00:00+00:00,2.0,7.9,10.13,4.23,98.85
Madrid,Spain,40.4168,-3.7038,2026-04-30 05:00:00+00:00,1.0,1.3,2.14,0.95,37.84
Paris,France,48.8566,2.3522,2026-04-30 05:00:00+00:00,2.0,11.75,12.65,1.38,92.93
Antananarivo,Madagascar,-18.8792,47.5079,2026-04-30 06:00:00+00:00,1.0,1.25,2.66,0.36,19.07
Buenos Aires,Argentina,-34.6037,-58.3816,2026-04-30 06:00:00+00:00,2.0,12.4,42.31,3.28,14.94
London,England,51.5074,-0.1278,2026-04-30 06:00:00+00:00,2.0,7.68,9.8,4.27,97.5
Madrid,Spain,40.4168,-3.7038,2026-04-30 06:00:00+00:00,1.0,1.36,2.19,1.44,32.62
Paris,France,48.8566,2.3522,2026-04-30 06:00:00+00:00,2.0,11.81,12.73,2.03,89.73
Antananarivo,Madagascar,-18.8792,47.5079,2026-04-30 07:00:00+00:00,1.0,0.84,1.75,0.21,25.41
Buenos Aires,Argentina,-34.6037,-58.3816,2026-04-30 07:00:00+00:00,2.0,12.58,43.42,3.52,13.6
London,England,51.5074,-0.1278,2026-04-30 07:00:00+00:00,2.0,7.62,9.67,4.11,96.37
Madrid,Spain,40.4168,-3.7038,2026-04-30 07:00:00+00:00,1.0,1.38,2.25,1.7,29.0
Paris,France,48.8566,2.3522,2026-04-30 07:00:00+00:00,2.0,11.65,12.56,2.21,87.14
Antananarivo,Madagascar,-18.8792,47.5079,2026-04-30 08:00:00+00:00,1.0,0.73,1.44,0.14,28.09
Buenos Aires,Argentina,-34.6037,-58.3816,2026-04-30 08:00:00+00:00,2.0,12.84,44.21,3.89,11.62
London,England,51.5074,-0.1278,2026-04-30 08:00:00+00:00,2.0,7.96,10.01,3.91,96.11
Madrid,Spain,40.4168,-3.7038,2026-04-30 08:00:00+00:00,1.0,1.36,2.36,1.45,28.58
Paris,France,48.8566,2.3522,2026-04-30 08:00:00+00:00,2.0,11.31,12.22,2.05,86.49
Antananarivo,Madagascar,-18.8792,47.5079,2026-04-30 09:00:00+00:00,1.0,0.68,1.27,0.11,29.58
Buenos Aires,Argentina,-34.6037,-58.3816,2026-04-30 09:00:00+00:00,2.0,13.12,44.34,4.55,9.5
London,England,51.5074,-0.1278,2026-04-30 09:00:00+00:00,2.0,8.81,10.83,3.77,97.13
Madrid,Spain,40.4168,-3.7038,2026-04-30 09:00:00+00:00,1.0,1.36,2.49,1.15,33.48
Paris,France,48.8566,2.3522,2026-04-30 09:00:00+00:00,2.0,11.2,12.1,1.72,88.93
Antananarivo,Madagascar,-18.8792,47.5079,2026-04-30 10:00:00+00:00,1.0,0.61,1.09,0.09,31.95
Buenos Aires,Argentina,-34.6037,-58.3816,2026-04-30 10:00:00+00:00,2.0,13.25,43.64,5.46,7.37
London,England,51.5074,-0.1278,2026-04-30 10:00:00+00:00,2.0,10.29,12.3,3.62,99.44
Madrid,Spain,40.4168,-3.7038,2026-04-30 10:00:00+00:00,2.0,1.04,2.2,0.42,78.07
Paris,France,48.8566,2.3522,2026-04-30 10:00:00+00:00,2.0,10.41,11.35,1.25,98.5
Antananarivo,Madagascar,-18.8792,47.5079,2026-04-30 11:00:00+00:00,1.0,0.6,1.06,0.09,32.34
Buenos Aires,Argentina,-34.6037,-58.3816,2026-04-30 11:00:00+00:00,2.0,13.32,43.21,6.42,5.79
London,England,51.5074,-0.1278,2026-04-30 11:00:00+00:00,3.0,12.41,14.5,3.38,104.23
Madrid,Spain,40.4168,-3.7038,2026-04-30 11:00:00+00:00,2.0,0.9,1.86,0.26,84.56
Paris,France,48.8566,2.3522,2026-04-30 11:00:00+00:00,3.0,9.75,10.76,0.94,103.31
Antananarivo,Madagascar,-18.8792,47.5079,2026-04-30 12:00:00+00:00,1.0,0.6,1.08,0.1,32.06
Buenos Aires,Argentina,-34.6037,-58.3816,2026-04-30 12:00:00+00:00,2.0,13.35,43.62,5.16,8.04
London,England,51.5074,-0.1278,2026-04-30 12:00:00+00:00,3.0,14.94,17.06,3.03,110.85
Madrid,Spain,40.4168,-3.7038,2026-04-30 12:00:00+00:00,2.0,0.85,1.71,0.2,85.91
Paris,France,48.8566,2.3522,2026-04-30 12:00:00+00:00,3.0,9.64,10.67,0.78,106.08
Antananarivo,Madagascar,-18.8792,47.5079,2026-04-30 13:00:00+00:00,1.0,0.7,1.41,0.17,30.79
Buenos Aires,Argentina,-34.6037,-58.3816,2026-04-30 13:00:00+00:00,2.0,12.77,47.76,4.33,17.94
London,England,51.5074,-0.1278,2026-04-30 13:00:00+00:00,3.0,17.12,19.25,2.8,117.55
Madrid,Spain,40.4168,-3.7038,2026-04-30 13:00:00+00:00,2.0,0.81,1.59,0.18,88.39
Paris,France,48.8566,2.3522,2026-04-30 13:00:00+00:00,3.0,8.46,10.62,0.69,111.47
Antananarivo,Madagascar,-18.8792,47.5079,2026-04-30 14:00:00+00:00,1.0,0.92,1.99,0.35,28.49
Buenos Aires,Argentina,-34.6037,-58.3816,2026-04-30 14:00:00+00:00,2.0,12.92,47.35,5.39,22.29
London,England,51.5074,-0.1278,2026-04-30 14:00:00+00:00,3.0,18.44,20.59,2.69,122.34
Madrid,Spain,40.4168,-3.7038,2026-04-30 14:00:00+00:00,2.0,0.74,1.42,0.18,90.35
Paris,France,48.8566,2.3522,2026-04-30 14:00:00+00:00,3.0,7.41,10.91,0.6,112.8
Antananarivo,Madagascar,-18.8792,47.5079,2026-04-30 15:00:00+00:00,1.0,1.15,2.56,0.59,26.27
Buenos Aires,Argentina,-34.6037,-58.3816,2026-04-30 15:00:00+00:00,2.0,14.15,49.4,8.52,33.15
London,England,51.5074,-0.1278,2026-04-30 15:00:00+00:00,3.0,18.97,21.14,2.73,126.0
Madrid,Spain,40.4168,-3.7038,2026-04-30 15:00:00+00:00,2.0,0.71,1.35,0.2,91.11
Paris,France,48.8566,2.3522,2026-04-30 15:00:00+00:00,3.0,6.84,11.06,0.61,112.55
Antananarivo,Madagascar,-18.8792,47.5079,2026-04-30 16:00:00+00:00,1.0,1.38,3.07,0.72,24.51
Buenos Aires,Argentina,-34.6037,-58.3816,2026-04-30 16:00:00+00:00,2.0,11.99,44.37,6.55,55.2
London,England,51.5074,-0.1278,2026-04-30 16:00:00+00:00,3.0,18.65,20.81,3.04,128.7
Madrid,Spain,40.4168,-3.7038,2026-04-30 16:00:00+00:00,2.0,0.72,1.36,0.25,91.29
Paris,France,48.8566,2.3522,2026-04-30 16:00:00+00:00,3.0,6.73,11.29,0.76,112.36
Antananarivo,Madagascar,-18.8792,47.5079,2026-04-30 17:00:00+00:00,1.0,1.59,3.5,0.78,23.66
Buenos Aires,Argentina,-34.6037,-58.3816,2026-04-30 17:00:00+00:00,2.0,11.8,39.24,4.97,64.94
London,England,51.5074,-0.1278,2026-04-30 17:00:00+00:00,3.0,17.37,19.47,3.66,129.1
Madrid,Spain,40.4168,-3.7038,2026-04-30 17:00:00+00:00,2.0,0.74,1.39,0.33,89.65
Paris,France,48.8566,2.3522,2026-04-30 17:00:00+00:00,3.0,6.53,10.9,1.0,110.57
Antananarivo,Madagascar,-18.8792,47.5079,2026-04-30 18:00:00+00:00,1.0,1.7,3.68,0.77,23.28
Buenos Aires,Argentina,-34.6037,-58.3816,2026-04-30 18:00:00+00:00,2.0,13.09,38.53,4.81,73.27
London,England,51.5074,-0.1278,2026-04-30 18:00:00+00:00,3.0,15.46,17.52,4.52,127.29
Madrid,Spain,40.4168,-3.7038,2026-04-30 18:00:00+00:00,2.0,0.74,1.43,0.41,87.74
Paris,France,48.8566,2.3522,2026-04-30 18:00:00+00:00,3.0,6.16,10.24,1.26,108.55
Antananarivo,Madagascar,-18.8792,47.5079,2026-04-30 19:00:00+00:00,1.0,1.64,3.57,0.71,22.91
Buenos Aires,Argentina,-34.6037,-58.3816,2026-04-30 19:00:00+00:00,2.0,14.66,38.44,4.89,76.78
London,England,51.5074,-0.1278,2026-04-30 19:00:00+00:00,3.0,13.33,15.37,5.32,124.06
Madrid,Spain,40.4168,-3.7038,2026-04-30 19:00:00+00:00,2.0,0.76,1.49,0.53,82.67
Paris,France,48.8566,2.3522,2026-04-30 19:00:00+00:00,3.0,6.01,9.62,1.74,102.16
Antananarivo,Madagascar,-18.8792,47.5079,2026-04-30 20:00:00+00:00,1.0,1.54,3.4,0.66,22.73
Buenos Aires,Argentina,-34.6037,-58.3816,2026-04-30 20:00:00+00:00,2.0,16.01,37.98,5.91,73.36
London,England,51.5074,-0.1278,2026-04-30 20:00:00+00:00,3.0,11.3,13.33,5.41,119.88
Madrid,Spain,40.4168,-3.7038,2026-04-30 20:00:00+00:00,2.0,0.79,1.58,0.64,75.55
Paris,France,48.8566,2.3522,2026-04-30 20:00:00+00:00,2.0,6.18,9.42,2.24,93.75
Antananarivo,Madagascar,-18.8792,47.5079,2026-04-30 21:00:00+00:00,1.0,1.36,2.96,0.59,23.07
Buenos Aires,Argentina,-34.6037,-58.3816,2026-04-30 21:00:00+00:00,2.0,17.04,37.48,8.54,66.84
London,England,51.5074,-0.1278,2026-04-30 21:00:00+00:00,3.0,9.76,11.76,5.46,116.34
Madrid,Spain,40.4168,-3.7038,2026-04-30 21:00:00+00:00,2.0,0.82,1.65,0.71,69.31
Paris,France,48.8566,2.3522,2026-04-30 21:00:00+00:00,2.0,6.33,9.39,2.58,86.02
Antananarivo,Madagascar,-18.8792,47.5079,2026-04-30 22:00:00+00:00,1.0,1.21,2.59,0.52,23.69
Buenos Aires,Argentina,-34.6037,-58.3816,2026-04-30 22:00:00+00:00,2.0,18.0,37.12,11.05,59.78
London,England,51.5074,-0.1278,2026-04-30 22:00:00+00:00,3.0,8.9,10.87,5.65,112.81
Madrid,Spain,40.4168,-3.7038,2026-04-30 22:00:00+00:00,2.0,0.83,1.67,0.78,61.13
Paris,France,48.8566,2.3522,2026-04-30 22:00:00+00:00,2.0,6.27,9.35,2.64,76.2
Antananarivo,Madagascar,-18.8792,47.5079,2026-04-30 23:00:00+00:00,1.0,1.13,2.38,0.48,23.9
Buenos Aires,Argentina,-34.6037,-58.3816,2026-04-30 23:00:00+00:00,2.0,19.24,37.15,13.26,54.87
London,England,51.5074,-0.1278,2026-04-30 23:00:00+00:00,3.0,8.92,10.83,6.22,109.04
Madrid,Spain,40.4168,-3.7038,2026-04-30 23:00:00+00:00,1.0,0.85,1.72,0.85,53.94
Paris,France,48.8566,2.3522,2026-04-30 23:00:00+00:00,2.0,6.19,9.4,2.5,66.86
Antananarivo,Madagascar,-18.8792,47.5079,2026-05-01 00:00:00+00:00,1.0,1.06,2.21,0.45,24.21
Buenos Aires,Argentina,-34.6037,-58.3816,2026-05-01 00:00:00+00:00,2.0,20.58,37.15,15.58,50.6
London,England,51.5074,-0.1278,2026-05-01 00:00:00+00:00,3.0,9.79,11.63,7.05,105.02
Madrid,Spain,40.4168,-3.7038,2026-05-01 00:00:00+00:00,1.0,0.87,1.79,0.88,49.46
Paris,France,48.8566,2.3522,2026-05-01 00:00:00+00:00,1.0,6.06,9.37,2.24,59.16
Antananarivo,Madagascar,-18.8792,47.5079,2026-05-01 01:00:00+00:00,1.0,0.87,1.75,0.37,27.07
Buenos Aires,Argentina,-34.6037,-58.3816,2026-05-01 01:00:00+00:00,2.0,21.32,36.12,17.57,44.94
London,England,51.5074,-0.1278,2026-05-01 01:00:00+00:00,3.0,10.79,12.6,8.18,100.18
Madrid,Spain,40.4168,-3.7038,2026-05-01 01:00:00+00:00,1.0,0.88,1.79,0.94,47.26
Paris,France,48.8566,2.3522,2026-05-01 01:00:00+00:00,1.0,5.83,9.05,2.02,50.11
Antananarivo,Madagascar,-18.8792,47.5079,2026-05-01 02:00:00+00:00,1.0,0.77,1.55,0.33,28.9
Buenos Aires,Argentina,-34.6037,-58.3816,2026-05-01 02:00:00+00:00,2.0,21.55,34.57,19.17,38.84
London,England,51.5074,-0.1278,2026-05-01 02:00:00+00:00,2.0,11.78,13.61,9.59,94.61
Madrid,Spain,40.4168,-3.7038,2026-05-01 02:00:00+00:00,1.0,0.89,1.8,0.98,44.19
Paris,France,48.8566,2.3522,2026-05-01 02:00:00+00:00,1.0,5.66,8.64,1.94,40.45
Antananarivo,Madagascar,-18.8792,47.5079,2026-05-01 03:00:00+00:00,1.0,0.71,1.46,0.32,30.18
Buenos Aires,Argentina,-34.6037,-58.3816,2026-05-01 03:00:00+00:00,2.0,21.15,32.64,19.5,34.25
London,England,51.5074,-0.1278,2026-05-01 03:00:00+00:00,2.0,12.81,14.68,10.97,88.15
Madrid,Spain,40.4168,-3.7038,2026-05-01 03:00:00+00:00,1.0,0.9,1.8,1.04,40.96
Paris,France,48.8566,2.3522,2026-05-01 03:00:00+00:00,1.0,5.47,8.23,1.94,32.53
Antananarivo,Madagascar,-18.8792,47.5079,2026-05-01 04:00:00+00:00,1.0,0.72,1.56,0.34,31.07
Buenos Aires,Argentina,-34.6037,-58.3816,2026-05-01 04:00:00+00:00,2.0,20.12,30.2,18.58,31.23
London,England,51.5074,-0.1278,2026-05-01 04:00:00+00:00,2.0,13.76,15.72,12.48,80.9
Madrid,Spain,40.4168,-3.7038,2026-05-01 04:00:00+00:00,1.0,0.92,1.81,1.13,38.35
Paris,France,48.8566,2.3522,2026-05-01 04:00:00+00:00,1.0,5.23,7.78,2.13,26.03
Antananarivo,Madagascar,-18.8792,47.5079,2026-05-01 05:00:00+00:00,1.0,0.79,1.81,0.34,30.78
Buenos Aires,Argentina,-34.6037,-58.3816,2026-05-01 05:00:00+00:00,2.0,18.66,27.42,16.77,29.78
London,England,51.5074,-0.1278,2026-05-01 05:00:00+00:00,2.0,14.79,16.82,14.54,72.78
Madrid,Spain,40.4168,-3.7038,2026-05-01 05:00:00+00:00,1.0,0.95,1.87,1.42,36.2
Paris,France,48.8566,2.3522,2026-05-01 05:00:00+00:00,1.0,5.1,7.5,3.05,21.0
Antananarivo,Madagascar,-18.8792,47.5079,2026-05-01 06:00:00+00:00,1.0,0.89,2.03,0.3,31.03
Buenos Aires,Argentina,-34.6037,-58.3816,2026-05-01 06:00:00+00:00,2.0,16.94,24.45,14.36,29.71
London,England,51.5074,-0.1278,2026-05-01 06:00:00+00:00,2.0,15.84,17.9,17.4,64.16
Madrid,Spain,40.4168,-3.7038,2026-05-01 06:00:00+00:00,1.0,1.01,1.96,1.99,34.03
Paris,France,48.8566,2.3522,2026-05-01 06:00:00+00:00,1.0,5.01,7.25,4.16,18.47
Antananarivo,Madagascar,-18.8792,47.5079,2026-05-01 07:00:00+00:00,1.0,0.75,1.62,0.19,34.36
Buenos Aires,Argentina,-34.6037,-58.3816,2026-05-01 07:00:00+00:00,2.0,15.29,21.7,11.97,30.17
London,England,51.5074,-0.1278,2026-05-01 07:00:00+00:00,2.0,16.38,18.39,19.42,55.76
Madrid,Spain,40.4168,-3.7038,2026-05-01 07:00:00+00:00,1.0,1.03,2.01,2.04,32.15
Paris,France,48.8566,2.3522,2026-05-01 07:00:00+00:00,1.0,4.56,6.46,3.47,27.62
Antananarivo,Madagascar,-18.8792,47.5079,2026-05-01 08:00:00+00:00,1.0,0.77,1.56,0.14,34.97
Buenos Aires,Argentina,-34.6037,-58.3816,2026-05-01 08:00:00+00:00,2.0,14.0,19.51,10.13,29.75
London,England,51.5074,-0.1278,2026-05-01 08:00:00+00:00,2.0,16.75,18.73,20.92,48.05
Madrid,Spain,40.4168,-3.7038,2026-05-01 08:00:00+00:00,1.0,1.06,2.07,1.61,31.7
Paris,France,48.8566,2.3522,2026-05-01 08:00:00+00:00,1.0,4.28,5.91,2.93,29.73
Antananarivo,Madagascar,-18.8792,47.5079,2026-05-01 09:00:00+00:00,1.0,0.84,1.59,0.11,34.87
Buenos Aires,Argentina,-34.6037,-58.3816,2026-05-01 09:00:00+00:00,2.0,12.96,17.86,8.9,29.06
London,England,51.5074,-0.1278,2026-05-01 09:00:00+00:00,2.0,17.33,19.28,23.23,40.11
Madrid,Spain,40.4168,-3.7038,2026-05-01 09:00:00+00:00,1.0,1.13,2.21,1.37,35.39
Paris,France,48.8566,2.3522,2026-05-01 09:00:00+00:00,1.0,4.16,5.62,2.56,31.1
Antananarivo,Madagascar,-18.8792,47.5079,2026-05-01 10:00:00+00:00,1.0,0.86,1.52,0.09,37.04
Buenos Aires,Argentina,-34.6037,-58.3816,2026-05-01 10:00:00+00:00,2.0,12.04,16.55,8.35,28.09
London,England,51.5074,-0.1278,2026-05-01 10:00:00+00:00,2.0,18.09,20.02,24.74,33.43
Madrid,Spain,40.4168,-3.7038,2026-05-01 10:00:00+00:00,2.0,1.14,2.39,0.41,88.92
Paris,France,48.8566,2.3522,2026-05-01 10:00:00+00:00,2.0,2.43,3.24,0.8,88.17
Antananarivo,Madagascar,-18.8792,47.5079,2026-05-01 11:00:00+00:00,1.0,0.92,1.54,0.09,38.06
Buenos Aires,Argentina,-34.6037,-58.3816,2026-05-01 11:00:00+00:00,2.0,11.19,15.43,8.21,27.33
London,England,51.5074,-0.1278,2026-05-01 11:00:00+00:00,2.0,19.34,21.38,26.02,28.91
Madrid,Spain,40.4168,-3.7038,2026-05-01 11:00:00+00:00,2.0,1.06,2.16,0.24,93.99
Paris,France,48.8566,2.3522,2026-05-01 11:00:00+00:00,2.0,1.72,2.4,0.43,97.12
Antananarivo,Madagascar,-18.8792,47.5079,2026-05-01 12:00:00+00:00,1.0,1.0,1.65,0.1,37.76
Buenos Aires,Argentina,-34.6037,-58.3816,2026-05-01 12:00:00+00:00,2.0,10.39,14.44,7.4,28.76
London,England,51.5074,-0.1278,2026-05-01 12:00:00+00:00,2.0,21.39,23.65,27.88,26.93
Madrid,Spain,40.4168,-3.7038,2026-05-01 12:00:00+00:00,2.0,1.11,2.21,0.22,94.51
Paris,France,48.8566,2.3522,2026-05-01 12:00:00+00:00,2.0,1.45,2.04,0.39,98.27
Antananarivo,Madagascar,-18.8792,47.5079,2026-05-01 13:00:00+00:00,1.0,1.2,2.07,0.18,35.99
Buenos Aires,Argentina,-34.6037,-58.3816,2026-05-01 13:00:00+00:00,1.0,9.63,13.62,5.65,32.71
London,England,51.5074,-0.1278,2026-05-01 13:00:00+00:00,2.0,23.97,26.56,28.88,30.1
Madrid,Spain,40.4168,-3.7038,2026-05-01 13:00:00+00:00,2.0,1.2,2.37,0.22,95.68
Paris,France,48.8566,2.3522,2026-05-01 13:00:00+00:00,2.0,1.32,1.82,0.45,98.9
Antananarivo,Madagascar,-18.8792,47.5079,2026-05-01 14:00:00+00:00,1.0,1.51,2.77,0.38,32.93
Buenos Aires,Argentina,-34.6037,-58.3816,2026-05-01 14:00:00+00:00,1.0,9.19,13.23,4.91,35.68
London,England,51.5074,-0.1278,2026-05-01 14:00:00+00:00,2.0,23.94,26.78,28.21,36.67
Madrid,Spain,40.4168,-3.7038,2026-05-01 14:00:00+00:00,2.0,1.25,2.44,0.22,95.89
Paris,France,48.8566,2.3522,2026-05-01 14:00:00+00:00,2.0,1.32,1.71,0.63,96.66
Antananarivo,Madagascar,-18.8792,47.5079,2026-05-01 15:00:00+00:00,1.0,1.84,3.47,0.67,30.11
Buenos Aires,Argentina,-34.6037,-58.3816,2026-05-01 15:00:00+00:00,1.0,9.15,13.26,4.43,39.41
London,England,51.5074,-0.1278,2026-05-01 15:00:00+00:00,2.0,22.26,25.25,25.65,46.92
Madrid,Spain,40.4168,-3.7038,2026-05-01 15:00:00+00:00,2.0,1.29,2.51,0.24,96.0
Paris,France,48.8566,2.3522,2026-05-01 15:00:00+00:00,2.0,1.32,1.62,0.95,94.1
Antananarivo,Madagascar,-18.8792,47.5079,2026-05-01 16:00:00+00:00,1.0,2.39,4.6,0.98,26.16
Buenos Aires,Argentina,-34.6037,-58.3816,2026-05-01 16:00:00+00:00,1.0,9.46,13.8,3.25,47.89
London,England,51.5074,-0.1278,2026-05-01 16:00:00+00:00,2.0,19.38,22.4,22.7,59.97
Madrid,Spain,40.4168,-3.7038,2026-05-01 16:00:00+00:00,2.0,1.36,2.63,0.27,96.42
Paris,France,48.8566,2.3522,2026-05-01 16:00:00+00:00,2.0,1.33,1.59,1.51,89.74
Antananarivo,Madagascar,-18.8792,47.5079,2026-05-01 17:00:00+00:00,1.0,3.19,6.2,1.3,22.25
Buenos Aires,Argentina,-34.6037,-58.3816,2026-05-01 17:00:00+00:00,2.0,10.16,14.65,2.17,52.92
London,England,51.5074,-0.1278,2026-05-01 17:00:00+00:00,2.0,16.61,19.63,21.49,72.47
Madrid,Spain,40.4168,-3.7038,2026-05-01 17:00:00+00:00,2.0,1.43,2.75,0.33,95.12
Paris,France,48.8566,2.3522,2026-05-01 17:00:00+00:00,2.0,1.39,1.66,2.11,84.39
Antananarivo,Madagascar,-18.8792,47.5079,2026-05-01 18:00:00+00:00,1.0,3.95,7.6,1.51,19.27
Buenos Aires,Argentina,-34.6037,-58.3816,2026-05-01 18:00:00+00:00,2.0,11.06,15.83,1.55,55.27
London,England,51.5074,-0.1278,2026-05-01 18:00:00+00:00,2.0,15.09,18.2,21.48,83.29
Madrid,Spain,40.4168,-3.7038,2026-05-01 18:00:00+00:00,2.0,1.47,2.84,0.39,93.54
Paris,France,48.8566,2.3522,2026-05-01 18:00:00+00:00,2.0,1.44,1.73,2.54,80.4
Antananarivo,Madagascar,-18.8792,47.5079,2026-05-01 19:00:00+00:00,1.0,4.52,8.62,1.63,16.88
Buenos Aires,Argentina,-34.6037,-58.3816,2026-05-01 19:00:00+00:00,2.0,12.06,17.16,1.14,55.84
London,England,51.5074,-0.1278,2026-05-01 19:00:00+00:00,2.0,14.57,17.79,21.45,92.36
Madrid,Spain,40.4168,-3.7038,2026-05-01 19:00:00+00:00,2.0,1.5,2.9,0.55,89.25
Paris,France,48.8566,2.3522,2026-05-01 19:00:00+00:00,2.0,1.52,1.9,3.17,69.87
Antananarivo,Madagascar,-18.8792,47.5079,2026-05-01 20:00:00+00:00,1.0,4.7,8.85,1.64,15.39
Buenos Aires,Argentina,-34.6037,-58.3816,2026-05-01 20:00:00+00:00,2.0,12.87,18.1,1.08,53.41
London,England,51.5074,-0.1278,2026-05-01 20:00:00+00:00,2.0,14.87,18.23,19.72,99.38
Madrid,Spain,40.4168,-3.7038,2026-05-01 20:00:00+00:00,2.0,1.55,3.0,0.76,84.83
Paris,France,48.8566,2.3522,2026-05-01 20:00:00+00:00,1.0,1.66,2.17,3.81,56.01
Antananarivo,Madagascar,-18.8792,47.5079,2026-05-01 21:00:00+00:00,1.0,4.37,8.01,1.52,14.75
Buenos Aires,Argentina,-34.6037,-58.3816,2026-05-01 21:00:00+00:00,2.0,13.41,18.68,1.2,50.97
London,England,51.5074,-0.1278,2026-05-01 21:00:00+00:00,3.0,15.38,18.86,18.21,104.16
Madrid,Spain,40.4168,-3.7038,2026-05-01 21:00:00+00:00,2.0,1.62,3.15,0.92,82.38
Paris,France,48.8566,2.3522,2026-05-01 21:00:00+00:00,1.0,1.77,2.37,4.27,44.92
Antananarivo,Madagascar,-18.8792,47.5079,2026-05-01 22:00:00+00:00,1.0,3.62,6.53,1.28,14.64
Buenos Aires,Argentina,-34.6037,-58.3816,2026-05-01 22:00:00+00:00,2.0,13.78,19.13,1.19,49.49
London,England,51.5074,-0.1278,2026-05-01 22:00:00+00:00,3.0,15.56,19.03,17.33,106.27
Madrid,Spain,40.4168,-3.7038,2026-05-01 22:00:00+00:00,2.0,1.68,3.25,1.01,78.07
Paris,France,48.8566,2.3522,2026-05-01 22:00:00+00:00,1.0,1.78,2.41,4.22,36.03
Antananarivo,Madagascar,-18.8792,47.5079,2026-05-01 23:00:00+00:00,1.0,3.37,6.01,1.19,13.59
Buenos Aires,Argentina,-34.6037,-58.3816,2026-05-01 23:00:00+00:00,2.0,14.15,19.73,1.06,49.63
London,England,51.5074,-0.1278,2026-05-01 23:00:00+00:00,3.0,15.74,19.18,17.14,106.35
Madrid,Spain,40.4168,-3.7038,2026-05-01 23:00:00+00:00,2.0,1.78,3.42,1.0,73.3
Paris,France,48.8566,2.3522,2026-05-01 23:00:00+00:00,1.0,1.75,2.35,3.62,30.79
Antananarivo,Madagascar,-18.8792,47.5079,2026-05-02 00:00:00+00:00,1.0,3.21,5.67,1.15,12.76
Buenos Aires,Argentina,-34.6037,-58.3816,2026-05-02 00:00:00+00:00,2.0,14.02,19.89,0.96,50.44
London,England,51.5074,-0.1278,2026-05-02 00:00:00+00:00,3.0,15.54,18.97,17.12,105.63
Madrid,Spain,40.4168,-3.7038,2026-05-02 00:00:00+00:00,2.0,1.9,3.64,0.95,69.2
Paris,France,48.8566,2.3522,2026-05-02 00:00:00+00:00,1.0,1.72,2.26,2.99,29.28
Antananarivo,Madagascar,-18.8792,47.5079,2026-05-02 01:00:00+00:00,1.0,3.04,5.28,1.1,12.51
Buenos Aires,Argentina,-34.6037,-58.3816,2026-05-02 01:00:00+00:00,2.0,12.8,18.69,0.9,50.08
London,England,51.5074,-0.1278,2026-05-02 01:00:00+00:00,3.0,15.19,18.63,17.23,104.26
Madrid,Spain,40.4168,-3.7038,2026-05-02 01:00:00+00:00,2.0,2.04,3.83,0.81,68.36
Paris,France,48.8566,2.3522,2026-05-02 01:00:00+00:00,1.0,1.68,2.16,2.12,38.51
Antananarivo,Madagascar,-18.8792,47.5079,2026-05-02 02:00:00+00:00,1.0,2.86,4.85,1.02,12.34
Buenos Aires,Argentina,-34.6037,-58.3816,2026-05-02 02:00:00+00:00,2.0,10.84,16.41,0.88,49.51
London,England,51.5074,-0.1278,2026-05-02 02:00:00+00:00,3.0,14.58,18.05,17.67,101.26
Madrid,Spain,40.4168,-3.7038,2026-05-02 02:00:00+00:00,2.0,2.19,4.01,0.74,68.33
Paris,France,48.8566,2.3522,2026-05-02 02:00:00+00:00,1.0,1.79,2.27,1.8,35.53
Antananarivo,Madagascar,-18.8792,47.5079,2026-05-02 03:00:00+00:00,1.0,2.68,4.43,0.96,12.64
Buenos Aires,Argentina,-34.6037,-58.3816,2026-05-02 03:00:00+00:00,1.0,8.32,13.62,0.84,48.51
London,England,51.5074,-0.1278,2026-05-02 03:00:00+00:00,2.0,13.95,17.45,18.3,96.99
Madrid,Spain,40.4168,-3.7038,2026-05-02 03:00:00+00:00,2.0,2.3,4.12,0.7,68.47
Paris,France,48.8566,2.3522,2026-05-02 03:00:00+00:00,1.0,1.96,2.42,1.67,31.69
Antananarivo,Madagascar,-18.8792,47.5079,2026-05-02 04:00:00+00:00,1.0,2.58,4.37,0.91,13.08
Buenos Aires,Argentina,-34.6037,-58.3816,2026-05-02 04:00:00+00:00,1.0,5.85,11.39,0.74,46.71
London,England,51.5074,-0.1278,2026-05-02 04:00:00+00:00,2.0,13.44,16.93,19.72,91.28
Madrid,Spain,40.4168,-3.7038,2026-05-02 04:00:00+00:00,2.0,2.34,4.09,0.7,67.87
Paris,France,48.8566,2.3522,2026-05-02 04:00:00+00:00,1.0,2.18,2.61,1.69,28.37
Antananarivo,Madagascar,-18.8792,47.5079,2026-05-02 05:00:00+00:00,1.0,2.67,4.79,0.66,14.38
Buenos Aires,Argentina,-34.6037,-58.3816,2026-05-02 05:00:00+00:00,1.0,4.25,10.58,0.66,45.32
London,England,51.5074,-0.1278,2026-05-02 05:00:00+00:00,2.0,13.47,16.91,22.05,83.88
Madrid,Spain,40.4168,-3.7038,2026-05-02 05:00:00+00:00,2.0,2.36,4.0,0.8,65.64
Paris,France,48.8566,2.3522,2026-05-02 05:00:00+00:00,1.0,2.35,2.79,2.27,26.34
Antananarivo,Madagascar,-18.8792,47.5079,2026-05-02 06:00:00+00:00,1.0,3.14,5.46,0.48,18.75
Buenos Aires,Argentina,-34.6037,-58.3816,2026-05-02 06:00:00+00:00,1.0,3.33,10.54,0.61,44.25
London,England,51.5074,-0.1278,2026-05-02 06:00:00+00:00,2.0,14.12,17.42,25.43,78.18
Madrid,Spain,40.4168,-3.7038,2026-05-02 06:00:00+00:00,2.0,2.4,3.93,1.02,63.64
Paris,France,48.8566,2.3522,2026-05-02 06:00:00+00:00,1.0,2.51,2.99,3.18,25.15
Antananarivo,Madagascar,-18.8792,47.5079,2026-05-02 07:00:00+00:00,1.0,2.58,3.79,0.21,39.17
Buenos Aires,Argentina,-34.6037,-58.3816,2026-05-02 07:00:00+00:00,1.0,2.79,10.44,0.57,43.39
London,England,51.5074,-0.1278,2026-05-02 07:00:00+00:00,2.0,14.92,18.06,27.36,75.59
Madrid,Spain,40.4168,-3.7038,2026-05-02 07:00:00+00:00,2.0,2.39,3.8,1.21,61.74
Paris,France,48.8566,2.3522,2026-05-02 07:00:00+00:00,1.0,2.59,3.17,3.24,26.58
Antananarivo,Madagascar,-18.8792,47.5079,2026-05-02 08:00:00+00:00,1.0,2.76,3.83,0.15,42.05
Buenos Aires,Argentina,-34.6037,-58.3816,2026-05-02 08:00:00+00:00,1.0,2.48,10.08,0.54,43.38
London,England,51.5074,-0.1278,2026-05-02 08:00:00+00:00,2.0,15.95,18.95,27.39,74.04
Madrid,Spain,40.4168,-3.7038,2026-05-02 08:00:00+00:00,2.0,2.36,3.64,1.19,62.05
Paris,France,48.8566,2.3522,2026-05-02 08:00:00+00:00,1.0,2.57,3.34,2.73,28.91
Antananarivo,Madagascar,-18.8792,47.5079,2026-05-02 09:00:00+00:00,1.0,2.82,3.77,0.13,42.33
Buenos Aires,Argentina,-34.6037,-58.3816,2026-05-02 09:00:00+00:00,1.0,2.22,9.35,0.52,43.26
London,England,51.5074,-0.1278,2026-05-02 09:00:00+00:00,2.0,17.19,20.07,27.57,73.3
Madrid,Spain,40.4168,-3.7038,2026-05-02 09:00:00+00:00,2.0,2.33,3.48,0.94,67.31
Paris,France,48.8566,2.3522,2026-05-02 09:00:00+00:00,1.0,2.81,3.75,2.14,35.85
Antananarivo,Madagascar,-18.8792,47.5079,2026-05-02 10:00:00+00:00,1.0,2.64,3.41,0.11,44.74
Buenos Aires,Argentina,-34.6037,-58.3816,2026-05-02 10:00:00+00:00,1.0,1.89,8.1,0.5,42.46
London,England,51.5074,-0.1278,2026-05-02 10:00:00+00:00,2.0,18.42,21.17,29.43,71.64
Madrid,Spain,40.4168,-3.7038,2026-05-02 10:00:00+00:00,2.0,2.15,3.11,0.6,80.51
Paris,France,48.8566,2.3522,2026-05-02 10:00:00+00:00,2.0,3.56,5.23,0.92,87.67
Antananarivo,Madagascar,-18.8792,47.5079,2026-05-02 11:00:00+00:00,1.0,2.65,3.4,0.12,45.3
Buenos Aires,Argentina,-34.6037,-58.3816,2026-05-02 11:00:00+00:00,1.0,1.57,6.74,0.51,41.77
London,England,51.5074,-0.1278,2026-05-02 11:00:00+00:00,2.0,18.84,21.49,29.09,71.57
Madrid,Spain,40.4168,-3.7038,2026-05-02 11:00:00+00:00,2.0,2.03,2.84,0.54,82.49
Paris,France,48.8566,2.3522,2026-05-02 11:00:00+00:00,2.0,4.11,6.04,0.62,99.19
Antananarivo,Madagascar,-18.8792,47.5079,2026-05-02 12:00:00+00:00,1.0,2.7,3.48,0.13,45.0
Buenos Aires,Argentina,-34.6037,-58.3816,2026-05-02 12:00:00+00:00,1.0,1.28,5.49,0.47,41.63
London,England,51.5074,-0.1278,2026-05-02 12:00:00+00:00,2.0,18.58,21.18,26.42,74.28
Madrid,Spain,40.4168,-3.7038,2026-05-02 12:00:00+00:00,2.0,2.02,2.76,0.54,82.99
Paris,France,48.8566,2.3522,2026-05-02 12:00:00+00:00,3.0,4.55,6.58,0.53,101.77
Antananarivo,Madagascar,-18.8792,47.5079,2026-05-02 13:00:00+00:00,1.0,3.05,4.14,0.25,40.64
Buenos Aires,Argentina,-34.6037,-58.3816,2026-05-02 13:00:00+00:00,1.0,1.02,4.39,0.33,42.47
London,England,51.5074,-0.1278,2026-05-02 13:00:00+00:00,2.0,17.64,19.76,25.09,77.77
Madrid,Spain,40.4168,-3.7038,2026-05-02 13:00:00+00:00,2.0,1.83,2.45,0.44,85.83
Paris,France,48.8566,2.3522,2026-05-02 13:00:00+00:00,3.0,4.53,6.67,0.47,103.95
Antananarivo,Madagascar,-18.8792,47.5079,2026-05-02 14:00:00+00:00,1.0,3.66,5.24,0.53,34.58
Buenos Aires,Argentina,-34.6037,-58.3816,2026-05-02 14:00:00+00:00,1.0,0.87,3.82,0.25,44.21
London,England,51.5074,-0.1278,2026-05-02 14:00:00+00:00,2.0,15.7,17.29,20.13,86.09
Madrid,Spain,40.4168,-3.7038,2026-05-02 14:00:00+00:00,2.0,1.68,2.22,0.33,87.76
Paris,France,48.8566,2.3522,2026-05-02 14:00:00+00:00,3.0,4.13,6.05,0.49,102.7
Antananarivo,Madagascar,-18.8792,47.5079,2026-05-02 15:00:00+00:00,1.0,4.25,6.34,0.96,29.62
Buenos Aires,Argentina,-34.6037,-58.3816,2026-05-02 15:00:00+00:00,1.0,0.84,3.7,0.2,45.94
London,England,51.5074,-0.1278,2026-05-02 15:00:00+00:00,2.0,13.23,14.5,15.61,93.03
Madrid,Spain,40.4168,-3.7038,2026-05-02 15:00:00+00:00,2.0,1.65,2.18,0.29,88.82
Paris,France,48.8566,2.3522,2026-05-02 15:00:00+00:00,3.0,3.89,5.46,0.59,101.53
Antananarivo,Madagascar,-18.8792,47.5079,2026-05-02 16:00:00+00:00,1.0,4.9,7.67,1.26,25.24
Buenos Aires,Argentina,-34.6037,-58.3816,2026-05-02 16:00:00+00:00,1.0,0.78,3.45,0.16,48.58
London,England,51.5074,-0.1278,2026-05-02 16:00:00+00:00,2.0,11.09,12.14,12.41,96.37
Madrid,Spain,40.4168,-3.7038,2026-05-02 16:00:00+00:00,2.0,1.64,2.22,0.26,90.19
Paris,France,48.8566,2.3522,2026-05-02 16:00:00+00:00,2.0,3.91,5.04,0.98,97.64
Antananarivo,Madagascar,-18.8792,47.5079,2026-05-02 17:00:00+00:00,1.0,5.73,9.32,1.53,21.89
Buenos Aires,Argentina,-34.6037,-58.3816,2026-05-02 17:00:00+00:00,1.0,0.74,3.27,0.14,49.66
London,England,51.5074,-0.1278,2026-05-02 17:00:00+00:00,2.0,9.81,10.66,12.18,91.62
Madrid,Spain,40.4168,-3.7038,2026-05-02 17:00:00+00:00,2.0,1.65,2.29,0.25,89.53
Paris,France,48.8566,2.3522,2026-05-02 17:00:00+00:00,2.0,4.1,4.89,1.47,92.28
Antananarivo,Madagascar,-18.8792,47.5079,2026-05-02 18:00:00+00:00,1.0,6.52,10.73,1.72,19.38
Buenos Aires,Argentina,-34.6037,-58.3816,2026-05-02 18:00:00+00:00,1.0,0.75,3.27,0.14,49.77
London,England,51.5074,-0.1278,2026-05-02 18:00:00+00:00,2.0,8.7,9.35,13.96,83.88
Madrid,Spain,40.4168,-3.7038,2026-05-02 18:00:00+00:00,2.0,1.61,2.28,0.27,89.15
Paris,France,48.8566,2.3522,2026-05-02 18:00:00+00:00,2.0,4.23,4.83,1.73,89.02
Antananarivo,Madagascar,-18.8792,47.5079,2026-05-02 19:00:00+00:00,1.0,7.07,11.67,1.83,17.1
Buenos Aires,Argentina,-34.6037,-58.3816,2026-05-02 19:00:00+00:00,1.0,0.79,3.35,0.19,48.71
London,England,51.5074,-0.1278,2026-05-02 19:00:00+00:00,2.0,7.78,8.36,16.86,76.08
Madrid,Spain,40.4168,-3.7038,2026-05-02 19:00:00+00:00,2.0,1.57,2.23,0.43,81.58
Paris,France,48.8566,2.3522,2026-05-02 19:00:00+00:00,2.0,4.29,4.8,1.76,86.24
Antananarivo,Madagascar,-18.8792,47.5079,2026-05-02 20:00:00+00:00,1.0,7.29,11.8,1.87,15.47
Buenos Aires,Argentina,-34.6037,-58.3816,2026-05-02 20:00:00+00:00,1.0,0.86,3.42,0.33,46.24
London,England,51.5074,-0.1278,2026-05-02 20:00:00+00:00,2.0,7.02,7.57,19.23,68.55
Madrid,Spain,40.4168,-3.7038,2026-05-02 20:00:00+00:00,2.0,1.56,2.22,0.63,71.45
Paris,France,48.8566,2.3522,2026-05-02 20:00:00+00:00,2.0,4.35,4.8,1.66,84.39
Antananarivo,Madagascar,-18.8792,47.5079,2026-05-02 21:00:00+00:00,1.0,7.07,10.97,1.8,14.48
Buenos Aires,Argentina,-34.6037,-58.3816,2026-05-02 21:00:00+00:00,1.0,0.9,3.49,0.56,44.37
London,England,51.5074,-0.1278,2026-05-02 21:00:00+00:00,2.0,6.41,6.96,21.32,62.32
Madrid,Spain,40.4168,-3.7038,2026-05-02 21:00:00+00:00,2.0,1.55,2.25,0.78,64.76
Paris,France,48.8566,2.3522,2026-05-02 21:00:00+00:00,2.0,4.29,4.66,1.54,82.15
Antananarivo,Madagascar,-18.8792,47.5079,2026-05-02 22:00:00+00:00,1.0,6.61,9.79,1.63,13.76
Buenos Aires,Argentina,-34.6037,-58.3816,2026-05-02 22:00:00+00:00,1.0,0.94,3.53,0.77,42.23
London,England,51.5074,-0.1278,2026-05-02 22:00:00+00:00,1.0,5.92,6.49,22.46,56.6
Madrid,Spain,40.4168,-3.7038,2026-05-02 22:00:00+00:00,2.0,1.53,2.25,0.87,60.12
Paris,France,48.8566,2.3522,2026-05-02 22:00:00+00:00,2.0,4.11,4.38,1.36,78.59
Antananarivo,Madagascar,-18.8792,47.5079,2026-05-02 23:00:00+00:00,1.0,6.23,8.92,1.49,13.03
Buenos Aires,Argentina,-34.6037,-58.3816,2026-05-02 23:00:00+00:00,1.0,1.01,3.61,0.92,40.32
London,England,51.5074,-0.1278,2026-05-02 23:00:00+00:00,1.0,5.63,6.24,22.69,51.66
Madrid,Spain,40.4168,-3.7038,2026-05-02 23:00:00+00:00,1.0,1.53,2.29,0.9,56.68
Paris,France,48.8566,2.3522,2026-05-02 23:00:00+00:00,2.0,4.0,4.21,1.17,75.57
Antananarivo,Madagascar,-18.8792,47.5079,2026-05-03 00:00:00+00:00,1.0,5.75,8.04,1.33,13.32
Buenos Aires,Argentina,-34.6037,-58.3816,2026-05-03 00:00:00+00:00,1.0,1.09,3.76,1.02,38.92
London,England,51.5074,-0.1278,2026-05-03 00:00:00+00:00,1.0,5.58,6.24,22.39,47.36
Madrid,Spain,40.4168,-3.7038,2026-05-03 00:00:00+00:00,1.0,1.54,2.33,0.9,53.33
Paris,France,48.8566,2.3522,2026-05-03 00:00:00+00:00,2.0,3.97,4.17,1.02,72.69
Antananarivo,Madagascar,-18.8792,47.5079,2026-05-03 01:00:00+00:00,1.0,4.71,6.48,1.02,16.52
Buenos Aires,Argentina,-34.6037,-58.3816,2026-05-03 01:00:00+00:00,1.0,1.17,3.82,1.16,35.99
London,England,51.5074,-0.1278,2026-05-03 01:00:00+00:00,1.0,5.96,6.64,22.32,43.03
Madrid,Spain,40.4168,-3.7038,2026-05-03 01:00:00+00:00,1.0,1.52,2.32,0.89,49.96
Paris,France,48.8566,2.3522,2026-05-03 01:00:00+00:00,2.0,3.95,4.16,0.92,69.51
Antananarivo,Madagascar,-18.8792,47.5079,2026-05-03 02:00:00+00:00,1.0,4.25,5.76,0.88,17.48
Buenos Aires,Argentina,-34.6037,-58.3816,2026-05-03 02:00:00+00:00,1.0,1.28,3.9,1.4,31.97
London,England,51.5074,-0.1278,2026-05-03 02:00:00+00:00,1.0,6.58,7.28,24.35,37.36
Madrid,Spain,40.4168,-3.7038,2026-05-03 02:00:00+00:00,1.0,1.51,2.28,0.85,47.75
Paris,France,48.8566,2.3522,2026-05-03 02:00:00+00:00,2.0,3.92,4.13,0.84,65.7
Antananarivo,Madagascar,-18.8792,47.5079,2026-05-03 03:00:00+00:00,1.0,4.01,5.43,0.81,18.23
Buenos Aires,Argentina,-34.6037,-58.3816,2026-05-03 03:00:00+00:00,1.0,1.4,4.07,1.59,28.57
London,England,51.5074,-0.1278,2026-05-03 03:00:00+00:00,1.0,7.79,8.5,28.47,31.05
Madrid,Spain,40.4168,-3.7038,2026-05-03 03:00:00+00:00,1.0,1.48,2.21,0.8,47.54
Paris,France,48.8566,2.3522,2026-05-03 03:00:00+00:00,2.0,3.84,4.03,0.8,62.39
Antananarivo,Madagascar,-18.8792,47.5079,2026-05-03 04:00:00+00:00,1.0,3.89,5.53,0.78,18.96
Buenos Aires,Argentina,-34.6037,-58.3816,2026-05-03 04:00:00+00:00,1.0,1.53,4.26,1.72,25.02
London,England,51.5074,-0.1278,2026-05-03 04:00:00+00:00,1.0,9.15,9.83,34.34,23.84
Madrid,Spain,40.4168,-3.7038,2026-05-03 04:00:00+00:00,1.0,1.36,2.06,0.67,56.24
Paris,France,48.8566,2.3522,2026-05-03 04:00:00+00:00,2.0,3.64,3.82,0.8,60.51
Antananarivo,Madagascar,-18.8792,47.5079,2026-05-03 05:00:00+00:00,1.0,3.85,5.82,0.56,20.54
Buenos Aires,Argentina,-34.6037,-58.3816,2026-05-03 05:00:00+00:00,1.0,1.68,4.49,1.87,21.69
London,England,51.5074,-0.1278,2026-05-03 05:00:00+00:00,2.0,10.71,11.34,40.48,17.0
Madrid,Spain,40.4168,-3.7038,2026-05-03 05:00:00+00:00,1.0,1.28,1.94,0.73,54.97
Paris,France,48.8566,2.3522,2026-05-03 05:00:00+00:00,2.0,3.39,3.55,0.98,61.34
Antananarivo,Madagascar,-18.8792,47.5079,2026-05-03 06:00:00+00:00,1.0,3.9,5.95,0.39,24.86
Buenos Aires,Argentina,-34.6037,-58.3816,2026-05-03 06:00:00+00:00,1.0,1.86,4.81,2.01,18.9
London,England,51.5074,-0.1278,2026-05-03 06:00:00+00:00,2.0,12.33,12.89,43.93,13.58
Madrid,Spain,40.4168,-3.7038,2026-05-03 06:00:00+00:00,1.0,1.25,1.87,0.88,52.96
Paris,France,48.8566,2.3522,2026-05-03 06:00:00+00:00,2.0,3.11,3.26,1.3,64.48
Antananarivo,Madagascar,-18.8792,47.5079,2026-05-03 07:00:00+00:00,1.0,2.94,4.28,0.14,36.73
Buenos Aires,Argentina,-34.6037,-58.3816,2026-05-03 07:00:00+00:00,1.0,2.06,5.2,2.14,16.47
London,England,51.5074,-0.1278,2026-05-03 07:00:00+00:00,2.0,13.14,13.63,41.37,16.24
Madrid,Spain,40.4168,-3.7038,2026-05-03 07:00:00+00:00,1.0,1.17,1.71,0.83,55.14
Paris,France,48.8566,2.3522,2026-05-03 07:00:00+00:00,2.0,2.86,3.0,1.33,72.4
Antananarivo,Madagascar,-18.8792,47.5079,2026-05-03 08:00:00+00:00,1.0,2.8,4.09,0.09,38.11
Buenos Aires,Argentina,-34.6037,-58.3816,2026-05-03 08:00:00+00:00,1.0,2.29,5.68,2.31,14.64
London,England,51.5074,-0.1278,2026-05-03 08:00:00+00:00,2.0,13.12,13.57,40.78,17.26
Madrid,Spain,40.4168,-3.7038,2026-05-03 08:00:00+00:00,1.0,1.13,1.63,0.76,55.56
Paris,France,48.8566,2.3522,2026-05-03 08:00:00+00:00,2.0,2.76,2.93,1.23,76.35
Antananarivo,Madagascar,-18.8792,47.5079,2026-05-03 09:00:00+00:00,1.0,2.77,4.06,0.08,38.16
Buenos Aires,Argentina,-34.6037,-58.3816,2026-05-03 09:00:00+00:00,1.0,2.54,6.17,2.56,13.13
London,England,51.5074,-0.1278,2026-05-03 09:00:00+00:00,2.0,12.87,13.3,41.6,16.75
Madrid,Spain,40.4168,-3.7038,2026-05-03 09:00:00+00:00,1.0,1.11,1.57,0.67,57.18
Paris,France,48.8566,2.3522,2026-05-03 09:00:00+00:00,2.0,2.69,2.88,1.08,77.26
Antananarivo,Madagascar,-18.8792,47.5079,2026-05-03 10:00:00+00:00,1.0,2.58,3.69,0.07,41.99
Buenos Aires,Argentina,-34.6037,-58.3816,2026-05-03 10:00:00+00:00,1.0,2.75,6.59,2.98,11.69
London,England,51.5074,-0.1278,2026-05-03 10:00:00+00:00,2.0,13.28,13.75,40.15,17.95
Madrid,Spain,40.4168,-3.7038,2026-05-03 10:00:00+00:00,2.0,0.75,1.06,0.43,71.97
Paris,France,48.8566,2.3522,2026-05-03 10:00:00+00:00,2.0,2.4,2.59,0.82,80.21
Antananarivo,Madagascar,-18.8792,47.5079,2026-05-03 11:00:00+00:00,1.0,2.45,3.45,0.08,44.68
Buenos Aires,Argentina,-34.6037,-58.3816,2026-05-03 11:00:00+00:00,1.0,2.92,6.96,3.61,10.53
London,England,51.5074,-0.1278,2026-05-03 11:00:00+00:00,2.0,14.1,14.62,35.99,20.94
Madrid,Spain,40.4168,-3.7038,2026-05-03 11:00:00+00:00,2.0,0.66,0.85,0.32,76.66
Paris,France,48.8566,2.3522,2026-05-03 11:00:00+00:00,2.0,2.02,2.17,0.72,79.04
Antananarivo,Madagascar,-18.8792,47.5079,2026-05-03 12:00:00+00:00,1.0,2.4,3.4,0.08,44.78
Buenos Aires,Argentina,-34.6037,-58.3816,2026-05-03 12:00:00+00:00,1.0,3.05,7.35,3.06,12.11
London,England,51.5074,-0.1278,2026-05-03 12:00:00+00:00,2.0,14.94,15.53,32.2,23.4
Madrid,Spain,40.4168,-3.7038,2026-05-03 12:00:00+00:00,2.0,0.6,0.73,0.27,77.48
Paris,France,48.8566,2.3522,2026-05-03 12:00:00+00:00,2.0,1.6,1.7,0.7,76.42
Antananarivo,Madagascar,-18.8792,47.5079,2026-05-03 13:00:00+00:00,1.0,2.64,3.94,0.2,40.29
Buenos Aires,Argentina,-34.6037,-58.3816,2026-05-03 13:00:00+00:00,1.0,2.76,7.65,2.41,21.45
London,England,51.5074,-0.1278,2026-05-03 13:00:00+00:00,2.0,15.92,16.61,29.73,25.67
Madrid,Spain,40.4168,-3.7038,2026-05-03 13:00:00+00:00,2.0,0.55,0.61,0.24,79.72
Paris,France,48.8566,2.3522,2026-05-03 13:00:00+00:00,2.0,1.12,1.19,0.68,74.97
Antananarivo,Madagascar,-18.8792,47.5079,2026-05-03 14:00:00+00:00,1.0,3.12,4.92,0.47,34.27
Buenos Aires,Argentina,-34.6037,-58.3816,2026-05-03 14:00:00+00:00,1.0,2.83,7.82,2.66,25.39
London,England,51.5074,-0.1278,2026-05-03 14:00:00+00:00,2.0,16.38,17.23,29.41,26.86
Madrid,Spain,40.4168,-3.7038,2026-05-03 14:00:00+00:00,2.0,0.5,0.52,0.22,81.37
Paris,France,48.8566,2.3522,2026-05-03 14:00:00+00:00,2.0,0.88,0.93,0.67,72.59
Antananarivo,Madagascar,-18.8792,47.5079,2026-05-03 15:00:00+00:00,1.0,3.63,5.97,0.89,29.56
Buenos Aires,Argentina,-34.6037,-58.3816,2026-05-03 15:00:00+00:00,1.0,3.4,8.62,3.52,31.7
London,England,51.5074,-0.1278,2026-05-03 15:00:00+00:00,2.0,15.74,16.75,29.57,28.54
Madrid,Spain,40.4168,-3.7038,2026-05-03 15:00:00+00:00,2.0,0.5,0.5,0.21,83.08
Paris,France,48.8566,2.3522,2026-05-03 15:00:00+00:00,2.0,0.77,0.82,0.7,70.52
Antananarivo,Madagascar,-18.8792,47.5079,2026-05-03 16:00:00+00:00,1.0,4.2,7.29,1.2,25.15
Buenos Aires,Argentina,-34.6037,-58.3816,2026-05-03 16:00:00+00:00,1.0,2.45,6.75,2.36,51.81
London,England,51.5074,-0.1278,2026-05-03 16:00:00+00:00,2.0,15.84,17.06,30.47,31.02
Madrid,Spain,40.4168,-3.7038,2026-05-03 16:00:00+00:00,2.0,0.5,0.5,0.22,84.99
Paris,France,48.8566,2.3522,2026-05-03 16:00:00+00:00,2.0,0.7,0.74,0.76,69.2
Antananarivo,Madagascar,-18.8792,47.5079,2026-05-03 17:00:00+00:00,1.0,4.99,9.02,1.48,21.29
Buenos Aires,Argentina,-34.6037,-58.3816,2026-05-03 17:00:00+00:00,1.0,2.54,6.0,1.83,57.72
London,England,51.5074,-0.1278,2026-05-03 17:00:00+00:00,2.0,16.18,17.53,30.92,35.53
Madrid,Spain,40.4168,-3.7038,2026-05-03 17:00:00+00:00,2.0,0.5,0.5,0.25,85.52
Paris,France,48.8566,2.3522,2026-05-03 17:00:00+00:00,2.0,0.6,0.64,0.79,69.02
Antananarivo,Madagascar,-18.8792,47.5079,2026-05-03 18:00:00+00:00,1.0,5.81,10.63,1.69,18.2
Buenos Aires,Argentina,-34.6037,-58.3816,2026-05-03 18:00:00+00:00,2.0,3.1,6.34,1.83,61.6
London,England,51.5074,-0.1278,2026-05-03 18:00:00+00:00,2.0,15.15,16.45,30.17,43.08
Madrid,Spain,40.4168,-3.7038,2026-05-03 18:00:00+00:00,2.0,0.5,0.5,0.28,85.79
Paris,France,48.8566,2.3522,2026-05-03 18:00:00+00:00,2.0,0.53,0.54,0.79,69.45
Antananarivo,Madagascar,-18.8792,47.5079,2026-05-03 19:00:00+00:00,1.0,6.43,11.78,1.81,15.72
Buenos Aires,Argentina,-34.6037,-58.3816,2026-05-03 19:00:00+00:00,2.0,3.69,6.89,1.96,64.12
London,England,51.5074,-0.1278,2026-05-03 19:00:00+00:00,2.0,13.47,14.59,27.04,53.61
Madrid,Spain,40.4168,-3.7038,2026-05-03 19:00:00+00:00,2.0,0.5,0.53,0.35,84.04
Paris,France,48.8566,2.3522,2026-05-03 19:00:00+00:00,2.0,0.53,0.58,1.17,62.12
Antananarivo,Madagascar,-18.8792,47.5079,2026-05-03 20:00:00+00:00,1.0,6.74,12.26,1.85,13.95
Buenos Aires,Argentina,-34.6037,-58.3816,2026-05-03 20:00:00+00:00,2.0,4.1,7.3,2.53,63.4
London,England,51.5074,-0.1278,2026-05-03 20:00:00+00:00,2.0,12.43,13.47,25.04,57.68
Madrid,Spain,40.4168,-3.7038,2026-05-03 20:00:00+00:00,2.0,0.5,0.58,0.43,81.05
Paris,France,48.8566,2.3522,2026-05-03 20:00:00+00:00,1.0,0.57,0.74,1.72,50.11
Antananarivo,Madagascar,-18.8792,47.5079,2026-05-03 21:00:00+00:00,1.0,6.59,11.67,1.77,12.74
Buenos Aires,Argentina,-34.6037,-58.3816,2026-05-03 21:00:00+00:00,2.0,4.32,7.57,3.82,61.1
London,England,51.5074,-0.1278,2026-05-03 21:00:00+00:00,2.0,12.05,13.0,23.03,61.19
Madrid,Spain,40.4168,-3.7038,2026-05-03 21:00:00+00:00,2.0,0.5,0.65,0.49,78.49
Paris,France,48.8566,2.3522,2026-05-03 21:00:00+00:00,1.0,0.63,0.87,2.11,40.62
Antananarivo,Madagascar,-18.8792,47.5079,2026-05-03 22:00:00+00:00,1.0,6.3,10.82,1.63,12.17
Buenos Aires,Argentina,-34.6037,-58.3816,2026-05-03 22:00:00+00:00,1.0,4.46,7.83,5.05,58.35
London,England,51.5074,-0.1278,2026-05-03 22:00:00+00:00,2.0,11.57,12.39,20.36,66.37
Madrid,Spain,40.4168,-3.7038,2026-05-03 22:00:00+00:00,2.0,0.5,0.75,0.53,74.83
Paris,France,48.8566,2.3522,2026-05-03 22:00:00+00:00,1.0,0.65,0.9,2.24,33.19
Antananarivo,Madagascar,-18.8792,47.5079,2026-05-03 23:00:00+00:00,1.0,6.05,10.17,1.49,12.19
Buenos Aires,Argentina,-34.6037,-58.3816,2026-05-03 23:00:00+00:00,1.0,4.6,8.13,5.93,55.5
London,England,51.5074,-0.1278,2026-05-03 23:00:00+00:00,2.0,11.37,12.11,18.08,70.44
Madrid,Spain,40.4168,-3.7038,2026-05-03 23:00:00+00:00,2.0,0.5,0.87,0.55,71.53
Paris,France,48.8566,2.3522,2026-05-03 23:00:00+00:00,1.0,0.66,0.9,2.07,27.94
Antananarivo,Madagascar,-18.8792,47.5079,2026-05-04 00:00:00+00:00,1.0,5.74,9.5,1.36,12.78
Buenos Aires,Argentina,-34.6037,-58.3816,2026-05-04 00:00:00+00:00,1.0,4.75,8.41,6.53,52.43
London,England,51.5074,-0.1278,2026-05-04 00:00:00+00:00,2.0,11.13,11.85,16.04,74.67
Madrid,Spain,40.4168,-3.7038,2026-05-04 00:00:00+00:00,2.0,0.5,0.99,0.57,68.43
Paris,France,48.8566,2.3522,2026-05-04 00:00:00+00:00,1.0,0.66,0.88,1.76,26.5
Antananarivo,Madagascar,-18.8792,47.5079,2026-05-04 01:00:00+00:00,1.0,5.37,8.81,1.23,13.64
Buenos Aires,Argentina,-34.6037,-58.3816,2026-05-04 01:00:00+00:00,1.0,4.91,8.6,6.79,49.08
London,England,51.5074,-0.1278,2026-05-04 01:00:00+00:00,2.0,11.1,11.91,16.29,76.22
Madrid,Spain,40.4168,-3.7038,2026-05-04 01:00:00+00:00,2.0,0.51,1.1,0.58,64.57
Paris,France,48.8566,2.3522,2026-05-04 01:00:00+00:00,1.0,0.67,0.82,1.46,28.14
Antananarivo,Madagascar,-18.8792,47.5079,2026-05-04 02:00:00+00:00,1.0,5.03,8.25,1.14,14.48
Buenos Aires,Argentina,-34.6037,-58.3816,2026-05-04 02:00:00+00:00,1.0,5.06,8.7,6.52,46.42
London,England,51.5074,-0.1278,2026-05-04 02:00:00+00:00,2.0,11.45,12.41,18.83,74.06
Madrid,Spain,40.4168,-3.7038,2026-05-04 02:00:00+00:00,2.0,0.52,1.21,0.61,60.71
Paris,France,48.8566,2.3522,2026-05-04 02:00:00+00:00,1.0,0.65,0.79,1.31,26.72
Antananarivo,Madagascar,-18.8792,47.5079,2026-05-04 03:00:00+00:00,1.0,4.81,8.0,1.09,15.58
Buenos Aires,Argentina,-34.6037,-58.3816,2026-05-04 03:00:00+00:00,1.0,5.14,8.68,5.63,44.94
London,England,51.5074,-0.1278,2026-05-04 03:00:00+00:00,2.0,11.8,12.85,21.62,70.38
Madrid,Spain,40.4168,-3.7038,2026-05-04 03:00:00+00:00,1.0,0.53,1.3,0.65,57.2
Paris,France,48.8566,2.3522,2026-05-04 03:00:00+00:00,1.0,0.63,0.77,1.22,26.14
Antananarivo,Madagascar,-18.8792,47.5079,2026-05-04 04:00:00+00:00,1.0,4.69,8.39,1.07,18.48
Buenos Aires,Argentina,-34.6037,-58.3816,2026-05-04 04:00:00+00:00,1.0,5.16,8.6,4.51,44.23
London,England,51.5074,-0.1278,2026-05-04 04:00:00+00:00,2.0,12.01,13.09,23.87,65.65
Madrid,Spain,40.4168,-3.7038,2026-05-04 04:00:00+00:00,1.0,0.55,1.38,0.7,54.0
Paris,France,48.8566,2.3522,2026-05-04 04:00:00+00:00,1.0,0.63,0.76,1.21,27.12
Antananarivo,Madagascar,-18.8792,47.5079,2026-05-04 05:00:00+00:00,1.0,4.87,9.18,0.81,21.22
Buenos Aires,Argentina,-34.6037,-58.3816,2026-05-04 05:00:00+00:00,1.0,5.11,8.5,3.7,43.16
London,England,51.5074,-0.1278,2026-05-04 05:00:00+00:00,2.0,12.1,13.26,25.59,60.98
Madrid,Spain,40.4168,-3.7038,2026-05-04 05:00:00+00:00,1.0,0.59,1.44,0.85,51.3
Paris,France,48.8566,2.3522,2026-05-04 05:00:00+00:00,1.0,0.68,0.81,1.64,26.98
Antananarivo,Madagascar,-18.8792,47.5079,2026-05-04 06:00:00+00:00,1.0,5.34,9.87,0.62,27.08
Buenos Aires,Argentina,-34.6037,-58.3816,2026-05-04 06:00:00+00:00,1.0,5.03,8.44,3.11,42.06
London,England,51.5074,-0.1278,2026-05-04 06:00:00+00:00,2.0,12.26,13.5,26.98,57.5
Madrid,Spain,40.4168,-3.7038,2026-05-04 06:00:00+00:00,1.0,0.63,1.49,1.13,49.02
Paris,France,48.8566,2.3522,2026-05-04 06:00:00+00:00,1.0,0.75,0.9,2.47,26.89
Antananarivo,Madagascar,-18.8792,47.5079,2026-05-04 07:00:00+00:00,1.0,2.59,4.73,0.17,45.05
Buenos Aires,Argentina,-34.6037,-58.3816,2026-05-04 07:00:00+00:00,1.0,4.94,8.44,2.62,40.83
London,England,51.5074,-0.1278,2026-05-04 07:00:00+00:00,2.0,11.31,12.58,21.78,66.2
Madrid,Spain,40.4168,-3.7038,2026-05-04 07:00:00+00:00,1.0,0.66,1.5,1.2,47.07
Paris,France,48.8566,2.3522,2026-05-04 07:00:00+00:00,1.0,0.76,0.89,2.53,32.82
Antananarivo,Madagascar,-18.8792,47.5079,2026-05-04 08:00:00+00:00,1.0,2.43,4.3,0.11,46.36
Buenos Aires,Argentina,-34.6037,-58.3816,2026-05-04 08:00:00+00:00,1.0,4.88,8.53,2.31,39.65
London,England,51.5074,-0.1278,2026-05-04 08:00:00+00:00,2.0,11.18,12.4,18.85,68.38
Madrid,Spain,40.4168,-3.7038,2026-05-04 08:00:00+00:00,1.0,0.69,1.48,1.01,46.53
Paris,France,48.8566,2.3522,2026-05-04 08:00:00+00:00,1.0,0.8,0.93,2.4,33.56
Antananarivo,Madagascar,-18.8792,47.5079,2026-05-04 09:00:00+00:00,1.0,2.54,4.39,0.1,45.34
Buenos Aires,Argentina,-34.6037,-58.3816,2026-05-04 09:00:00+00:00,1.0,4.84,8.68,2.17,38.39
London,England,51.5074,-0.1278,2026-05-04 09:00:00+00:00,2.0,11.29,12.41,17.82,67.49
Madrid,Spain,40.4168,-3.7038,2026-05-04 09:00:00+00:00,1.0,0.74,1.49,0.77,50.25
Paris,France,48.8566,2.3522,2026-05-04 09:00:00+00:00,1.0,0.86,0.98,2.04,35.7
Antananarivo,Madagascar,-18.8792,47.5079,2026-05-04 10:00:00+00:00,1.0,2.25,3.65,0.09,49.28
Buenos Aires,Argentina,-34.6037,-58.3816,2026-05-04 10:00:00+00:00,1.0,4.78,8.87,2.23,37.01
London,England,51.5074,-0.1278,2026-05-04 10:00:00+00:00,2.0,11.7,12.72,16.87,67.29
Madrid,Spain,40.4168,-3.7038,2026-05-04 10:00:00+00:00,2.0,0.56,0.99,0.35,77.96
Paris,France,48.8566,2.3522,2026-05-04 10:00:00+00:00,1.0,0.92,1.0,1.22,56.68
Antananarivo,Madagascar,-18.8792,47.5079,2026-05-04 11:00:00+00:00,1.0,2.07,3.22,0.09,51.23
Buenos Aires,Argentina,-34.6037,-58.3816,2026-05-04 11:00:00+00:00,1.0,4.73,9.23,2.48,35.8
London,England,51.5074,-0.1278,2026-05-04 11:00:00+00:00,2.0,12.31,13.23,16.75,68.02
Madrid,Spain,40.4168,-3.7038,2026-05-04 11:00:00+00:00,2.0,0.51,0.77,0.22,83.86
Paris,France,48.8566,2.3522,2026-05-04 11:00:00+00:00,2.0,1.0,1.06,0.86,66.22
Antananarivo,Madagascar,-18.8792,47.5079,2026-05-04 12:00:00+00:00,1.0,2.07,3.16,0.1,50.49
Buenos Aires,Argentina,-34.6037,-58.3816,2026-05-04 12:00:00+00:00,1.0,4.7,9.74,2.5,35.3
London,England,51.5074,-0.1278,2026-05-04 12:00:00+00:00,2.0,13.2,14.05,16.97,69.67
Madrid,Spain,40.4168,-3.7038,2026-05-04 12:00:00+00:00,2.0,0.51,0.75,0.17,86.92
Paris,France,48.8566,2.3522,2026-05-04 12:00:00+00:00,2.0,1.1,1.15,0.71,70.69
Antananarivo,Madagascar,-18.8792,47.5079,2026-05-04 13:00:00+00:00,1.0,2.37,3.73,0.23,45.65
Buenos Aires,Argentina,-34.6037,-58.3816,2026-05-04 13:00:00+00:00,1.0,4.68,10.24,1.92,35.92
London,England,51.5074,-0.1278,2026-05-04 13:00:00+00:00,2.0,14.15,14.96,17.86,72.22
Madrid,Spain,40.4168,-3.7038,2026-05-04 13:00:00+00:00,2.0,0.5,0.75,0.15,93.3
Paris,France,48.8566,2.3522,2026-05-04 13:00:00+00:00,2.0,1.17,1.22,0.67,76.08
Antananarivo,Madagascar,-18.8792,47.5079,2026-05-04 14:00:00+00:00,1.0,2.91,4.77,0.51,39.4
Buenos Aires,Argentina,-34.6037,-58.3816,2026-05-04 14:00:00+00:00,1.0,4.84,10.75,1.66,37.32
London,England,51.5074,-0.1278,2026-05-04 14:00:00+00:00,2.0,15.02,15.83,19.79,74.88
Madrid,Spain,40.4168,-3.7038,2026-05-04 14:00:00+00:00,2.0,0.5,0.74,0.15,97.66
Paris,France,48.8566,2.3522,2026-05-04 14:00:00+00:00,2.0,1.2,1.26,0.84,77.5
Antananarivo,Madagascar,-18.8792,47.5079,2026-05-04 15:00:00+00:00,1.0,3.48,5.89,0.92,34.55
Buenos Aires,Argentina,-34.6037,-58.3816,2026-05-04 15:00:00+00:00,1.0,5.39,11.63,1.46,40.84
London,England,51.5074,-0.1278,2026-05-04 15:00:00+00:00,2.0,15.51,16.37,22.94,76.82
Madrid,Spain,40.4168,-3.7038,2026-05-04 15:00:00+00:00,2.0,0.5,0.76,0.17,99.67
Paris,France,48.8566,2.3522,2026-05-04 15:00:00+00:00,2.0,1.23,1.3,1.16,77.07
Antananarivo,Madagascar,-18.8792,47.5079,2026-05-04 16:00:00+00:00,1.0,4.02,7.0,1.17,30.12
Buenos Aires,Argentina,-34.6037,-58.3816,2026-05-04 16:00:00+00:00,1.0,6.11,12.82,1.06,48.91
London,England,51.5074,-0.1278,2026-05-04 16:00:00+00:00,2.0,15.7,16.71,27.51,76.28
Madrid,Spain,40.4168,-3.7038,2026-05-04 16:00:00+00:00,3.0,0.5,0.79,0.21,101.31
Paris,France,48.8566,2.3522,2026-05-04 16:00:00+00:00,2.0,1.27,1.37,1.67,74.44
Antananarivo,Madagascar,-18.8792,47.5079,2026-05-04 17:00:00+00:00,1.0,4.55,8.0,1.3,26.64
Buenos Aires,Argentina,-34.6037,-58.3816,2026-05-04 17:00:00+00:00,1.0,6.96,13.89,0.79,54.02
London,England,51.5074,-0.1278,2026-05-04 17:00:00+00:00,2.0,15.1,16.31,32.02,73.61
Madrid,Spain,40.4168,-3.7038,2026-05-04 17:00:00+00:00,3.0,0.5,0.81,0.25,101.28
Paris,France,48.8566,2.3522,2026-05-04 17:00:00+00:00,2.0,1.31,1.45,2.08,69.52
Antananarivo,Madagascar,-18.8792,47.5079,2026-05-04 18:00:00+00:00,1.0,4.93,8.59,1.35,24.29
Buenos Aires,Argentina,-34.6037,-58.3816,2026-05-04 18:00:00+00:00,1.0,7.84,14.87,0.71,56.76
London,England,51.5074,-0.1278,2026-05-04 18:00:00+00:00,2.0,13.97,15.42,35.66,71.09
Madrid,Spain,40.4168,-3.7038,2026-05-04 18:00:00+00:00,3.0,0.5,0.81,0.3,100.48
Paris,France,48.8566,2.3522,2026-05-04 18:00:00+00:00,2.0,1.33,1.52,2.22,65.94
Antananarivo,Madagascar,-18.8792,47.5079,2026-05-04 19:00:00+00:00,1.0,4.55,7.97,1.18,23.7
Buenos Aires,Argentina,-34.6037,-58.3816,2026-05-04 19:00:00+00:00,1.0,8.65,15.54,0.85,54.78
London,England,51.5074,-0.1278,2026-05-04 19:00:00+00:00,2.0,12.85,14.48,36.07,69.56
Madrid,Spain,40.4168,-3.7038,2026-05-04 19:00:00+00:00,2.0,0.5,0.82,0.38,98.14
Paris,France,48.8566,2.3522,2026-05-04 19:00:00+00:00,2.0,1.4,1.65,2.4,60.48
Antananarivo,Madagascar,-18.8792,47.5079,2026-05-04 20:00:00+00:00,1.0,4.39,7.76,1.12,22.49
Buenos Aires,Argentina,-34.6037,-58.3816,2026-05-04 20:00:00+00:00,1.0,9.24,15.85,1.46,48.86
London,England,51.5074,-0.1278,2026-05-04 20:00:00+00:00,2.0,11.88,13.56,32.18,68.38
Madrid,Spain,40.4168,-3.7038,2026-05-04 20:00:00+00:00,2.0,0.5,0.84,0.43,95.82
Paris,France,48.8566,2.3522,2026-05-04 20:00:00+00:00,1.0,1.57,1.92,2.75,50.77
Antananarivo,Madagascar,-18.8792,47.5079,2026-05-04 21:00:00+00:00,1.0,3.97,6.87,1.0,21.66
Buenos Aires,Argentina,-34.6037,-58.3816,2026-05-04 21:00:00+00:00,1.0,9.55,16.01,2.66,43.71
London,England,51.5074,-0.1278,2026-05-04 21:00:00+00:00,2.0,10.85,12.48,28.25,66.33
Madrid,Spain,40.4168,-3.7038,2026-05-04 21:00:00+00:00,2.0,0.5,0.83,0.45,94.26
Paris,France,48.8566,2.3522,2026-05-04 21:00:00+00:00,1.0,1.81,2.25,3.23,40.9
Antananarivo,Madagascar,-18.8792,47.5079,2026-05-04 22:00:00+00:00,1.0,3.58,5.56,0.91,20.44
Buenos Aires,Argentina,-34.6037,-58.3816,2026-05-04 22:00:00+00:00,1.0,9.74,16.08,3.7,39.63
London,England,51.5074,-0.1278,2026-05-04 22:00:00+00:00,2.0,9.71,11.32,25.08,63.65
Madrid,Spain,40.4168,-3.7038,2026-05-04 22:00:00+00:00,2.0,0.5,0.81,0.47,91.28
Paris,France,48.8566,2.3522,2026-05-04 22:00:00+00:00,1.0,2.05,2.57,3.6,32.4
Antananarivo,Madagascar,-18.8792,47.5079,2026-05-04 23:00:00+00:00,1.0,3.39,5.04,0.87,18.69
Buenos Aires,Argentina,-34.6037,-58.3816,2026-05-04 23:00:00+00:00,2.0,10.03,16.27,4.52,35.71
London,England,51.5074,-0.1278,2026-05-04 23:00:00+00:00,2.0,9.05,10.69,22.8,61.24
Madrid,Spain,40.4168,-3.7038,2026-05-04 23:00:00+00:00,2.0,0.5,0.82,0.47,88.8
Paris,France,48.8566,2.3522,2026-05-04 23:00:00+00:00,1.0,2.52,3.09,3.84,27.08
Antananarivo,Madagascar,-18.8792,47.5079,2026-05-05 00:00:00+00:00,1.0,3.23,4.79,0.84,17.31
Buenos Aires,Argentina,-34.6037,-58.3816,2026-05-05 00:00:00+00:00,2.0,10.33,16.44,5.37,31.62
London,England,51.5074,-0.1278,2026-05-05 00:00:00+00:00,2.0,8.75,10.55,20.24,61.64
Madrid,Spain,40.4168,-3.7038,2026-05-05 00:00:00+00:00,2.0,0.5,0.85,0.47,86.47
Paris,France,48.8566,2.3522,2026-05-05 00:00:00+00:00,1.0,3.35,3.98,4.07,23.88
Antananarivo,Madagascar,-18.8792,47.5079,2026-05-05 01:00:00+00:00,1.0,3.13,4.65,0.82,16.18
Buenos Aires,Argentina,-34.6037,-58.3816,2026-05-05 01:00:00+00:00,2.0,10.41,16.31,6.36,27.34
London,England,51.5074,-0.1278,2026-05-05 01:00:00+00:00,2.0,8.02,9.89,13.38,69.31
Madrid,Spain,40.4168,-3.7038,2026-05-05 01:00:00+00:00,2.0,0.5,0.88,0.47,82.31
Paris,France,48.8566,2.3522,2026-05-05 01:00:00+00:00,1.0,4.14,4.74,4.33,21.9
Antananarivo,Madagascar,-18.8792,47.5079,2026-05-05 02:00:00+00:00,1.0,3.06,4.56,0.81,15.46
Buenos Aires,Argentina,-34.6037,-58.3816,2026-05-05 02:00:00+00:00,2.0,10.53,16.31,7.55,24.5
London,England,51.5074,-0.1278,2026-05-05 02:00:00+00:00,2.0,6.94,8.93,9.55,72.8
Madrid,Spain,40.4168,-3.7038,2026-05-05 02:00:00+00:00,2.0,0.5,0.92,0.5,78.06
Paris,France,48.8566,2.3522,2026-05-05 02:00:00+00:00,1.0,4.6,5.13,4.63,20.52
Antananarivo,Madagascar,-18.8792,47.5079,2026-05-05 03:00:00+00:00,1.0,3.02,4.59,0.83,15.33
Buenos Aires,Argentina,-34.6037,-58.3816,2026-05-05 03:00:00+00:00,2.0,10.6,16.38,8.49,23.33
London,England,51.5074,-0.1278,2026-05-05 03:00:00+00:00,2.0,6.07,8.26,7.85,74.34
Madrid,Spain,40.4168,-3.7038,2026-05-05 03:00:00+00:00,2.0,0.5,0.98,0.53,74.33
Paris,France,48.8566,2.3522,2026-05-05 03:00:00+00:00,1.0,4.75,5.19,4.79,19.87
Antananarivo,Madagascar,-18.8792,47.5079,2026-05-05 04:00:00+00:00,1.0,3.16,5.31,0.9,15.76
Buenos Aires,Argentina,-34.6037,-58.3816,2026-05-05 04:00:00+00:00,2.0,10.51,16.25,8.63,23.84
London,England,51.5074,-0.1278,2026-05-05 04:00:00+00:00,2.0,5.55,7.91,7.01,75.42
Madrid,Spain,40.4168,-3.7038,2026-05-05 04:00:00+00:00,2.0,0.5,1.03,0.59,69.88
Paris,France,48.8566,2.3522,2026-05-05 04:00:00+00:00,1.0,4.35,4.7,4.7,20.51
Antananarivo,Madagascar,-18.8792,47.5079,2026-05-05 05:00:00+00:00,1.0,3.39,6.26,0.77,17.16
Buenos Aires,Argentina,-34.6037,-58.3816,2026-05-05 05:00:00+00:00,2.0,10.44,15.82,8.01,21.9
London,England,51.5074,-0.1278,2026-05-05 05:00:00+00:00,2.0,5.16,7.59,6.67,76.47
Madrid,Spain,40.4168,-3.7038,2026-05-05 05:00:00+00:00,2.0,0.5,1.12,0.79,65.4
Paris,France,48.8566,2.3522,2026-05-05 05:00:00+00:00,1.0,3.78,4.07,4.6,19.96
Antananarivo,Madagascar,-18.8792,47.5079,2026-05-05 06:00:00+00:00,1.0,3.62,6.7,0.58,21.45
Buenos Aires,Argentina,-34.6037,-58.3816,2026-05-05 06:00:00+00:00,2.0,10.35,15.56,6.89,20.66
London,England,51.5074,-0.1278,2026-05-05 06:00:00+00:00,2.0,4.88,7.26,6.77,76.88
Madrid,Spain,40.4168,-3.7038,2026-05-05 06:00:00+00:00,2.0,0.51,1.23,1.16,61.28
Paris,France,48.8566,2.3522,2026-05-05 06:00:00+00:00,1.0,3.39,3.64,4.9,18.81
Antananarivo,Madagascar,-18.8792,47.5079,2026-05-05 07:00:00+00:00,1.0,1.4,2.6,0.16,38.77
Buenos Aires,Argentina,-34.6037,-58.3816,2026-05-05 07:00:00+00:00,2.0,10.26,15.35,5.53,19.33
London,England,51.5074,-0.1278,2026-05-05 07:00:00+00:00,2.0,4.33,6.52,7.03,78.13
Madrid,Spain,40.4168,-3.7038,2026-05-05 07:00:00+00:00,1.0,0.52,1.31,1.29,57.5
Paris,France,48.8566,2.3522,2026-05-05 07:00:00+00:00,1.0,3.12,3.32,4.76,19.84
Antananarivo,Madagascar,-18.8792,47.5079,2026-05-05 08:00:00+00:00,1.0,1.19,2.16,0.1,41.23
Buenos Aires,Argentina,-34.6037,-58.3816,2026-05-05 08:00:00+00:00,2.0,10.25,15.29,4.66,17.18
London,England,51.5074,-0.1278,2026-05-05 08:00:00+00:00,2.0,3.96,6.01,7.9,78.57
Madrid,Spain,40.4168,-3.7038,2026-05-05 08:00:00+00:00,1.0,0.54,1.37,1.04,54.98
Paris,France,48.8566,2.3522,2026-05-05 08:00:00+00:00,1.0,2.93,3.11,4.45,18.85
Antananarivo,Madagascar,-18.8792,47.5079,2026-05-05 09:00:00+00:00,1.0,1.29,2.26,0.08,40.25
Buenos Aires,Argentina,-34.6037,-58.3816,2026-05-05 09:00:00+00:00,2.0,10.27,15.39,4.29,14.99
London,England,51.5074,-0.1278,2026-05-05 09:00:00+00:00,2.0,3.95,5.9,8.56,79.25
Madrid,Spain,40.4168,-3.7038,2026-05-05 09:00:00+00:00,1.0,0.56,1.44,0.8,56.19
Paris,France,48.8566,2.3522,2026-05-05 09:00:00+00:00,1.0,2.77,2.94,4.07,17.47
Antananarivo,Madagascar,-18.8792,47.5079,2026-05-05 10:00:00+00:00,1.0,1.38,2.25,0.08,41.73
Buenos Aires,Argentina,-34.6037,-58.3816,2026-05-05 10:00:00+00:00,2.0,10.25,15.54,4.39,12.65
London,England,51.5074,-0.1278,2026-05-05 10:00:00+00:00,2.0,4.06,5.95,8.91,81.8
Madrid,Spain,40.4168,-3.7038,2026-05-05 10:00:00+00:00,2.0,0.5,0.91,0.26,87.78
Paris,France,48.8566,2.3522,2026-05-05 10:00:00+00:00,1.0,2.32,2.46,3.66,17.2
Antananarivo,Madagascar,-18.8792,47.5079,2026-05-05 11:00:00+00:00,1.0,1.4,2.18,0.08,43.09
Buenos Aires,Argentina,-34.6037,-58.3816,2026-05-05 11:00:00+00:00,2.0,10.21,15.64,4.71,9.94
London,England,51.5074,-0.1278,2026-05-05 11:00:00+00:00,2.0,3.93,5.72,8.91,86.61
Madrid,Spain,40.4168,-3.7038,2026-05-05 11:00:00+00:00,2.0,0.5,0.72,0.17,92.88
Paris,France,48.8566,2.3522,2026-05-05 11:00:00+00:00,1.0,2.12,2.25,3.36,18.99
Antananarivo,Madagascar,-18.8792,47.5079,2026-05-05 12:00:00+00:00,1.0,1.5,2.26,0.09,42.81
Buenos Aires,Argentina,-34.6037,-58.3816,2026-05-05 12:00:00+00:00,2.0,10.17,15.65,3.98,8.83
London,England,51.5074,-0.1278,2026-05-05 12:00:00+00:00,2.0,3.71,5.4,8.64,91.26
Madrid,Spain,40.4168,-3.7038,2026-05-05 12:00:00+00:00,2.0,0.5,0.68,0.15,93.28
Paris,France,48.8566,2.3522,2026-05-05 12:00:00+00:00,1.0,2.07,2.19,3.24,22.68
Antananarivo,Madagascar,-18.8792,47.5079,2026-05-05 13:00:00+00:00,1.0,1.78,2.77,0.18,40.42
Buenos Aires,Argentina,-34.6037,-58.3816,2026-05-05 13:00:00+00:00,1.0,9.96,15.44,2.81,9.74
London,England,51.5074,-0.1278,2026-05-05 13:00:00+00:00,2.0,3.8,5.43,8.37,95.45
Madrid,Spain,40.4168,-3.7038,2026-05-05 13:00:00+00:00,2.0,0.5,0.65,0.14,95.21
Paris,France,48.8566,2.3522,2026-05-05 13:00:00+00:00,1.0,1.6,1.66,2.38,45.68
Antananarivo,Madagascar,-18.8792,47.5079,2026-05-05 14:00:00+00:00,1.0,2.25,3.67,0.41,37.01
Buenos Aires,Argentina,-34.6037,-58.3816,2026-05-05 14:00:00+00:00,1.0,9.74,15.23,2.44,11.02
London,England,51.5074,-0.1278,2026-05-05 14:00:00+00:00,2.0,4.02,5.66,8.55,98.25
Madrid,Spain,40.4168,-3.7038,2026-05-05 14:00:00+00:00,2.0,0.5,0.59,0.14,96.44
Paris,France,48.8566,2.3522,2026-05-05 14:00:00+00:00,2.0,1.35,1.39,1.61,60.29
Antananarivo,Madagascar,-18.8792,47.5079,2026-05-05 15:00:00+00:00,1.0,2.76,4.62,0.74,34.17
Buenos Aires,Argentina,-34.6037,-58.3816,2026-05-05 15:00:00+00:00,1.0,9.72,15.42,2.67,14.61
London,England,51.5074,-0.1278,2026-05-05 15:00:00+00:00,3.0,4.09,5.84,8.68,100.5
Madrid,Spain,40.4168,-3.7038,2026-05-05 15:00:00+00:00,2.0,0.5,0.54,0.15,96.11
Paris,France,48.8566,2.3522,2026-05-05 15:00:00+00:00,2.0,1.39,1.43,1.51,65.06
Antananarivo,Madagascar,-18.8792,47.5079,2026-05-05 16:00:00+00:00,1.0,3.41,5.93,1.04,30.58
Buenos Aires,Argentina,-34.6037,-58.3816,2026-05-05 16:00:00+00:00,1.0,8.85,16.28,2.75,45.53
London,England,51.5074,-0.1278,2026-05-05 16:00:00+00:00,3.0,3.99,5.88,9.41,100.58
Madrid,Spain,40.4168,-3.7038,2026-05-05 16:00:00+00:00,2.0,0.5,0.5,0.17,95.44
Paris,France,48.8566,2.3522,2026-05-05 16:00:00+00:00,2.0,1.48,1.52,1.74,66.06
Antananarivo,Madagascar,-18.8792,47.5079,2026-05-05 17:00:00+00:00,1.0,4.31,7.76,1.36,26.71
Buenos Aires,Argentina,-34.6037,-58.3816,2026-05-05 17:00:00+00:00,1.0,9.08,16.64,2.55,51.12
London,England,51.5074,-0.1278,2026-05-05 17:00:00+00:00,2.0,4.0,6.03,11.66,97.14
Madrid,Spain,40.4168,-3.7038,2026-05-05 17:00:00+00:00,2.0,0.5,0.5,0.2,93.82
Paris,France,48.8566,2.3522,2026-05-05 17:00:00+00:00,2.0,1.54,1.59,2.06,64.66
Antananarivo,Madagascar,-18.8792,47.5079,2026-05-05 18:00:00+00:00,1.0,5.19,9.39,1.6,23.39
Buenos Aires,Argentina,-34.6037,-58.3816,2026-05-05 18:00:00+00:00,1.0,9.57,17.05,2.56,53.08
London,England,51.5074,-0.1278,2026-05-05 18:00:00+00:00,2.0,4.06,6.22,14.2,93.0
Madrid,Spain,40.4168,-3.7038,2026-05-05 18:00:00+00:00,2.0,0.5,0.51,0.24,92.1
Paris,France,48.8566,2.3522,2026-05-05 18:00:00+00:00,2.0,1.59,1.65,2.38,63.29
Antananarivo,Madagascar,-18.8792,47.5079,2026-05-05 19:00:00+00:00,1.0,5.91,10.59,1.76,20.39
Buenos Aires,Argentina,-34.6037,-58.3816,2026-05-05 19:00:00+00:00,2.0,10.11,17.34,2.53,50.35
London,England,51.5074,-0.1278,2026-05-05 19:00:00+00:00,2.0,4.04,6.26,15.7,89.53
Madrid,Spain,40.4168,-3.7038,2026-05-05 19:00:00+00:00,2.0,0.5,0.51,0.34,88.48
Paris,France,48.8566,2.3522,2026-05-05 19:00:00+00:00,2.0,1.65,1.74,2.71,60.99
Antananarivo,Madagascar,-18.8792,47.5079,2026-05-05 20:00:00+00:00,1.0,6.37,11.28,1.85,17.87
Buenos Aires,Argentina,-34.6037,-58.3816,2026-05-05 20:00:00+00:00,2.0,10.62,17.48,2.97,44.06
London,England,51.5074,-0.1278,2026-05-05 20:00:00+00:00,2.0,3.73,5.87,15.11,87.53
Madrid,Spain,40.4168,-3.7038,2026-05-05 20:00:00+00:00,2.0,0.5,0.52,0.44,83.96
Paris,France,48.8566,2.3522,2026-05-05 20:00:00+00:00,1.0,1.76,1.88,2.86,57.47
Antananarivo,Madagascar,-18.8792,47.5079,2026-05-05 21:00:00+00:00,1.0,6.33,10.99,1.8,15.93
Buenos Aires,Argentina,-34.6037,-58.3816,2026-05-05 21:00:00+00:00,2.0,11.07,17.61,3.96,39.1
London,England,51.5074,-0.1278,2026-05-05 21:00:00+00:00,2.0,3.17,5.13,13.42,88.47
Madrid,Spain,40.4168,-3.7038,2026-05-05 21:00:00+00:00,2.0,0.5,0.52,0.5,80.63
Paris,France,48.8566,2.3522,2026-05-05 21:00:00+00:00,1.0,1.85,2.0,2.93,53.2
Antananarivo,Madagascar,-18.8792,47.5079,2026-05-05 22:00:00+00:00,1.0,6.13,10.32,1.72,14.44
Buenos Aires,Argentina,-34.6037,-58.3816,2026-05-05 22:00:00+00:00,2.0,11.56,17.84,4.54,35.61
London,England,51.5074,-0.1278,2026-05-05 22:00:00+00:00,2.0,2.44,4.21,10.0,93.99
Madrid,Spain,40.4168,-3.7038,2026-05-05 22:00:00+00:00,2.0,0.5,0.52,0.58,74.15
Paris,France,48.8566,2.3522,2026-05-05 22:00:00+00:00,1.0,1.87,2.04,2.83,48.72
Antananarivo,Madagascar,-18.8792,47.5079,2026-05-05 23:00:00+00:00,1.0,5.92,9.68,1.64,13.52
Buenos Aires,Argentina,-34.6037,-58.3816,2026-05-05 23:00:00+00:00,2.0,12.22,18.23,4.77,33.15
London,England,51.5074,-0.1278,2026-05-05 23:00:00+00:00,2.0,1.95,3.65,7.98,95.77
Madrid,Spain,40.4168,-3.7038,2026-05-05 23:00:00+00:00,2.0,0.5,0.53,0.67,67.03
Paris,France,48.8566,2.3522,2026-05-05 23:00:00+00:00,1.0,1.99,2.18,2.66,45.17
Antananarivo,Madagascar,-18.8792,47.5079,2026-05-06 00:00:00+00:00,1.0,5.56,8.94,1.55,13.25
Buenos Aires,Argentina,-34.6037,-58.3816,2026-05-06 00:00:00+00:00,2.0,13.07,18.86,5.44,32.53
London,England,51.5074,-0.1278,2026-05-06 00:00:00+00:00,2.0,1.65,3.28,6.63,96.29
Madrid,Spain,40.4168,-3.7038,2026-05-06 00:00:00+00:00,2.0,0.5,0.55,0.72,61.79
Paris,France,48.8566,2.3522,2026-05-06 00:00:00+00:00,1.0,2.32,2.52,2.5,42.4
Antananarivo,Madagascar,-18.8792,47.5079,2026-05-06 01:00:00+00:00,1.0,5.1,8.1,1.43,13.75
Buenos Aires,Argentina,-34.6037,-58.3816,2026-05-06 01:00:00+00:00,2.0,14.38,20.16,6.72,35.72
London,England,51.5074,-0.1278,2026-05-06 01:00:00+00:00,2.0,1.62,3.17,5.7,96.55
Madrid,Spain,40.4168,-3.7038,2026-05-06 01:00:00+00:00,1.0,0.5,0.58,0.75,57.39
Paris,France,48.8566,2.3522,2026-05-06 01:00:00+00:00,1.0,2.68,2.88,2.36,39.68
Antananarivo,Madagascar,-18.8792,47.5079,2026-05-06 02:00:00+00:00,1.0,4.86,7.56,1.34,13.42
Buenos Aires,Argentina,-34.6037,-58.3816,2026-05-06 02:00:00+00:00,2.0,15.97,21.46,7.76,33.01
London,England,51.5074,-0.1278,2026-05-06 02:00:00+00:00,2.0,1.96,3.54,5.81,95.99
Madrid,Spain,40.4168,-3.7038,2026-05-06 02:00:00+00:00,1.0,0.5,0.61,0.78,54.0
Paris,France,48.8566,2.3522,2026-05-06 02:00:00+00:00,1.0,2.99,3.19,2.33,36.95
Antananarivo,Madagascar,-18.8792,47.5079,2026-05-06 03:00:00+00:00,1.0,4.72,7.21,1.3,13.18
Buenos Aires,Argentina,-34.6037,-58.3816,2026-05-06 03:00:00+00:00,2.0,17.52,22.71,8.09,30.24
London,England,51.5074,-0.1278,2026-05-06 03:00:00+00:00,2.0,2.63,4.37,5.97,94.16
Madrid,Spain,40.4168,-3.7038,2026-05-06 03:00:00+00:00,1.0,0.5,0.66,0.83,51.59
Paris,France,48.8566,2.3522,2026-05-06 03:00:00+00:00,1.0,3.4,3.59,2.38,35.21
Antananarivo,Madagascar,-18.8792,47.5079,2026-05-06 04:00:00+00:00,1.0,4.67,7.41,1.27,13.26
Buenos Aires,Argentina,-34.6037,-58.3816,2026-05-06 04:00:00+00:00,2.0,18.88,23.66,7.96,27.96
London,England,51.5074,-0.1278,2026-05-06 04:00:00+00:00,2.0,3.53,5.48,6.07,90.51
Madrid,Spain,40.4168,-3.7038,2026-05-06 04:00:00+00:00,1.0,0.5,0.7,0.92,49.16
Paris,France,48.8566,2.3522,2026-05-06 04:00:00+00:00,1.0,3.8,3.98,2.51,35.11
Antananarivo,Madagascar,-18.8792,47.5079,2026-05-06 05:00:00+00:00,1.0,4.76,8.11,0.91,15.01
Buenos Aires,Argentina,-34.6037,-58.3816,2026-05-06 05:00:00+00:00,2.0,19.65,23.99,7.51,25.88
London,England,51.5074,-0.1278,2026-05-06 05:00:00+00:00,2.0,4.23,6.55,6.23,85.59
Madrid,Spain,40.4168,-3.7038,2026-05-06 05:00:00+00:00,1.0,0.5,0.78,1.24,45.39
Paris,France,48.8566,2.3522,2026-05-06 05:00:00+00:00,1.0,4.65,4.81,2.89,36.73
Antananarivo,Madagascar,-18.8792,47.5079,2026-05-06 06:00:00+00:00,1.0,5.38,9.04,0.65,20.64
Buenos Aires,Argentina,-34.6037,-58.3816,2026-05-06 06:00:00+00:00,2.0,20.02,23.97,6.89,24.44
London,England,51.5074,-0.1278,2026-05-06 06:00:00+00:00,2.0,4.38,7.13,6.53,80.9
Madrid,Spain,40.4168,-3.7038,2026-05-06 06:00:00+00:00,1.0,0.5,0.87,1.84,41.32
Paris,France,48.8566,2.3522,2026-05-06 06:00:00+00:00,1.0,5.53,5.71,3.47,39.4
Antananarivo,Madagascar,-18.8792,47.5079,2026-05-06 07:00:00+00:00,1.0,2.75,4.48,0.22,33.28
Buenos Aires,Argentina,-34.6037,-58.3816,2026-05-06 07:00:00+00:00,2.0,20.04,23.52,6.28,23.29
London,England,51.5074,-0.1278,2026-05-06 07:00:00+00:00,2.0,3.82,6.91,7.09,77.21
Madrid,Spain,40.4168,-3.7038,2026-05-06 07:00:00+00:00,1.0,0.5,0.93,1.99,39.11
Paris,France,48.8566,2.3522,2026-05-06 07:00:00+00:00,1.0,6.21,6.38,3.91,44.24
Antananarivo,Madagascar,-18.8792,47.5079,2026-05-06 08:00:00+00:00,1.0,2.66,4.12,0.14,35.94
Buenos Aires,Argentina,-34.6037,-58.3816,2026-05-06 08:00:00+00:00,2.0,20.07,23.06,5.67,22.71
London,England,51.5074,-0.1278,2026-05-06 08:00:00+00:00,2.0,3.42,6.68,7.65,75.49
Madrid,Spain,40.4168,-3.7038,2026-05-06 08:00:00+00:00,1.0,0.5,1.0,1.75,38.01
Paris,France,48.8566,2.3522,2026-05-06 08:00:00+00:00,1.0,6.82,7.01,4.26,47.43
Antananarivo,Madagascar,-18.8792,47.5079,2026-05-06 09:00:00+00:00,1.0,2.62,3.93,0.11,36.68
Buenos Aires,Argentina,-34.6037,-58.3816,2026-05-06 09:00:00+00:00,2.0,20.14,22.73,5.1,22.86
London,England,51.5074,-0.1278,2026-05-06 09:00:00+00:00,2.0,3.27,6.55,8.16,74.82
Madrid,Spain,40.4168,-3.7038,2026-05-06 09:00:00+00:00,1.0,0.54,1.14,1.69,40.42
Paris,France,48.8566,2.3522,2026-05-06 09:00:00+00:00,1.0,7.34,7.54,4.56,50.04
Antananarivo,Madagascar,-18.8792,47.5079,2026-05-06 10:00:00+00:00,1.0,2.08,3.06,0.09,40.39
Buenos Aires,Argentina,-34.6037,-58.3816,2026-05-06 10:00:00+00:00,2.0,20.09,22.43,4.62,23.28
London,England,51.5074,-0.1278,2026-05-06 10:00:00+00:00,2.0,3.3,6.61,9.1,74.23
Madrid,Spain,40.4168,-3.7038,2026-05-06 10:00:00+00:00,2.0,0.5,0.82,0.57,87.36
Paris,France,48.8566,2.3522,2026-05-06 10:00:00+00:00,1.0,7.45,7.7,4.68,53.15
Antananarivo,Madagascar,-18.8792,47.5079,2026-05-06 11:00:00+00:00,1.0,1.95,2.79,0.08,42.22
Buenos Aires,Argentina,-34.6037,-58.3816,2026-05-06 11:00:00+00:00,2.0,19.82,21.96,4.45,23.17
London,England,51.5074,-0.1278,2026-05-06 11:00:00+00:00,2.0,3.42,6.64,10.33,74.61
Madrid,Spain,40.4168,-3.7038,2026-05-06 11:00:00+00:00,2.0,0.5,0.67,0.3,92.33
Paris,France,48.8566,2.3522,2026-05-06 11:00:00+00:00,1.0,7.12,7.43,4.98,57.37
Antananarivo,Madagascar,-18.8792,47.5079,2026-05-06 12:00:00+00:00,1.0,1.95,2.76,0.09,42.5
Buenos Aires,Argentina,-34.6037,-58.3816,2026-05-06 12:00:00+00:00,2.0,19.21,21.28,4.46,23.65
London,England,51.5074,-0.1278,2026-05-06 12:00:00+00:00,2.0,3.78,6.77,11.0,76.74
Madrid,Spain,40.4168,-3.7038,2026-05-06 12:00:00+00:00,2.0,0.51,0.69,0.24,93.18
Paris,France,48.8566,2.3522,2026-05-06 12:00:00+00:00,2.0,6.61,6.95,4.96,63.07
Antananarivo,Madagascar,-18.8792,47.5079,2026-05-06 13:00:00+00:00,1.0,2.31,3.43,0.23,39.46
Buenos Aires,Argentina,-34.6037,-58.3816,2026-05-06 13:00:00+00:00,2.0,17.76,19.93,4.59,25.02
London,England,51.5074,-0.1278,2026-05-06 13:00:00+00:00,2.0,4.43,7.17,11.68,79.95
Madrid,Spain,40.4168,-3.7038,2026-05-06 13:00:00+00:00,2.0,0.52,0.72,0.23,94.23
Paris,France,48.8566,2.3522,2026-05-06 13:00:00+00:00,2.0,4.43,4.76,3.93,75.53
Antananarivo,Madagascar,-18.8792,47.5079,2026-05-06 14:00:00+00:00,1.0,2.96,4.66,0.56,34.75
Buenos Aires,Argentina,-34.6037,-58.3816,2026-05-06 14:00:00+00:00,2.0,16.07,18.38,4.6,24.61
London,England,51.5074,-0.1278,2026-05-06 14:00:00+00:00,2.0,4.98,7.47,12.23,83.58
Madrid,Spain,40.4168,-3.7038,2026-05-06 14:00:00+00:00,2.0,0.52,0.73,0.24,94.37
Paris,France,48.8566,2.3522,2026-05-06 14:00:00+00:00,2.0,2.71,3.05,2.92,84.89
Antananarivo,Madagascar,-18.8792,47.5079,2026-05-06 15:00:00+00:00,1.0,3.64,5.94,1.04,30.57
Buenos Aires,Argentina,-34.6037,-58.3816,2026-05-06 15:00:00+00:00,2.0,14.45,16.85,4.7,23.69
London,England,51.5074,-0.1278,2026-05-06 15:00:00+00:00,2.0,5.44,7.76,12.93,86.72
Madrid,Spain,40.4168,-3.7038,2026-05-06 15:00:00+00:00,2.0,0.52,0.75,0.27,94.62
Paris,France,48.8566,2.3522,2026-05-06 15:00:00+00:00,2.0,1.72,2.09,2.42,88.52
Antananarivo,Madagascar,-18.8792,47.5079,2026-05-06 16:00:00+00:00,1.0,4.47,7.67,1.42,25.93
Buenos Aires,Argentina,-34.6037,-58.3816,2026-05-06 16:00:00+00:00,2.0,12.02,13.88,5.72,22.26
London,England,51.5074,-0.1278,2026-05-06 16:00:00+00:00,2.0,5.7,7.9,14.79,87.48
Madrid,Spain,40.4168,-3.7038,2026-05-06 16:00:00+00:00,2.0,0.54,0.8,0.32,96.17
Paris,France,48.8566,2.3522,2026-05-06 16:00:00+00:00,2.0,1.52,1.93,2.09,90.7
Antananarivo,Madagascar,-18.8792,47.5079,2026-05-06 17:00:00+00:00,1.0,5.62,10.01,1.8,21.72
Buenos Aires,Argentina,-34.6037,-58.3816,2026-05-06 17:00:00+00:00,1.0,8.91,10.15,6.7,20.51
London,England,51.5074,-0.1278,2026-05-06 17:00:00+00:00,2.0,5.27,7.39,18.18,84.48
Madrid,Spain,40.4168,-3.7038,2026-05-06 17:00:00+00:00,2.0,0.55,0.83,0.38,96.53
Paris,France,48.8566,2.3522,2026-05-06 17:00:00+00:00,2.0,1.45,1.93,2.11,89.17
Antananarivo,Madagascar,-18.8792,47.5079,2026-05-06 18:00:00+00:00,1.0,6.79,12.18,2.06,18.52
Buenos Aires,Argentina,-34.6037,-58.3816,2026-05-06 18:00:00+00:00,1.0,6.86,7.81,7.88,19.29
London,England,51.5074,-0.1278,2026-05-06 18:00:00+00:00,2.0,4.8,6.9,21.7,80.53
Madrid,Spain,40.4168,-3.7038,2026-05-06 18:00:00+00:00,2.0,0.55,0.85,0.43,97.03
Paris,France,48.8566,2.3522,2026-05-06 18:00:00+00:00,2.0,1.42,1.97,2.17,87.03
Antananarivo,Madagascar,-18.8792,47.5079,2026-05-06 19:00:00+00:00,1.0,7.7,13.56,2.22,16.02
Buenos Aires,Argentina,-34.6037,-58.3816,2026-05-06 19:00:00+00:00,1.0,5.82,6.62,9.41,19.06
London,England,51.5074,-0.1278,2026-05-06 19:00:00+00:00,2.0,4.44,6.51,23.16,77.65
Madrid,Spain,40.4168,-3.7038,2026-05-06 19:00:00+00:00,2.0,0.56,0.89,0.56,95.38
Paris,France,48.8566,2.3522,2026-05-06 19:00:00+00:00,2.0,1.44,2.07,2.42,82.0
Antananarivo,Madagascar,-18.8792,47.5079,2026-05-06 20:00:00+00:00,1.0,8.23,14.02,2.3,14.57
Buenos Aires,Argentina,-34.6037,-58.3816,2026-05-06 20:00:00+00:00,1.0,6.06,6.85,10.94,18.41
London,England,51.5074,-0.1278,2026-05-06 20:00:00+00:00,2.0,4.3,6.28,22.34,74.71
Madrid,Spain,40.4168,-3.7038,2026-05-06 20:00:00+00:00,2.0,0.57,0.97,0.74,90.12
Paris,France,48.8566,2.3522,2026-05-06 20:00:00+00:00,2.0,1.54,2.27,2.71,74.51
Antananarivo,Madagascar,-18.8792,47.5079,2026-05-06 21:00:00+00:00,1.0,8.13,13.2,2.21,13.78
Buenos Aires,Argentina,-34.6037,-58.3816,2026-05-06 21:00:00+00:00,1.0,6.64,7.44,12.48,18.05
London,England,51.5074,-0.1278,2026-05-06 21:00:00+00:00,2.0,4.48,6.29,21.08,72.57
Madrid,Spain,40.4168,-3.7038,2026-05-06 21:00:00+00:00,2.0,0.61,1.04,0.9,84.69
Paris,France,48.8566,2.3522,2026-05-06 21:00:00+00:00,2.0,1.64,2.47,2.96,67.67
Antananarivo,Madagascar,-18.8792,47.5079,2026-05-06 22:00:00+00:00,1.0,7.71,11.9,2.04,13.36
Buenos Aires,Argentina,-34.6037,-58.3816,2026-05-06 22:00:00+00:00,1.0,7.28,8.02,13.37,18.42
London,England,51.5074,-0.1278,2026-05-06 22:00:00+00:00,2.0,4.35,5.88,17.67,77.46
Madrid,Spain,40.4168,-3.7038,2026-05-06 22:00:00+00:00,2.0,0.63,1.07,1.09,75.17
Paris,France,48.8566,2.3522,2026-05-06 22:00:00+00:00,2.0,1.71,2.6,3.04,60.18
Antananarivo,Madagascar,-18.8792,47.5079,2026-05-06 23:00:00+00:00,1.0,7.29,10.66,1.87,13.12
Buenos Aires,Argentina,-34.6037,-58.3816,2026-05-06 23:00:00+00:00,1.0,7.68,8.33,13.67,18.78
London,England,51.5074,-0.1278,2026-05-06 23:00:00+00:00,2.0,3.98,5.36,15.63,79.93
Madrid,Spain,40.4168,-3.7038,2026-05-06 23:00:00+00:00,2.0,0.66,1.12,1.3,65.39
Paris,France,48.8566,2.3522,2026-05-06 23:00:00+00:00,1.0,1.79,2.73,2.94,53.32
Antananarivo,Madagascar,-18.8792,47.5079,2026-05-07 00:00:00+00:00,1.0,6.66,9.31,1.67,13.37
Buenos Aires,Argentina,-34.6037,-58.3816,2026-05-07 00:00:00+00:00,1.0,7.74,8.3,13.15,19.41
London,England,51.5074,-0.1278,2026-05-07 00:00:00+00:00,2.0,3.59,4.83,12.41,84.23
Madrid,Spain,40.4168,-3.7038,2026-05-07 00:00:00+00:00,1.0,0.7,1.2,1.47,58.08
Paris,France,48.8566,2.3522,2026-05-07 00:00:00+00:00,1.0,1.89,2.87,2.73,47.97
Antananarivo,Madagascar,-18.8792,47.5079,2026-05-07 01:00:00+00:00,1.0,5.86,8.03,1.42,14.5
Buenos Aires,Argentina,-34.6037,-58.3816,2026-05-07 01:00:00+00:00,1.0,7.55,8.07,11.52,20.41
London,England,51.5074,-0.1278,2026-05-07 01:00:00+00:00,2.0,2.68,3.78,6.93,92.99
Madrid,Spain,40.4168,-3.7038,2026-05-07 01:00:00+00:00,1.0,0.73,1.29,1.6,52.99
Paris,France,48.8566,2.3522,2026-05-07 01:00:00+00:00,1.0,1.96,2.98,2.51,42.52
Antananarivo,Madagascar,-18.8792,47.5079,2026-05-07 02:00:00+00:00,1.0,5.47,7.52,1.28,14.99
Buenos Aires,Argentina,-34.6037,-58.3816,2026-05-07 02:00:00+00:00,1.0,7.22,7.78,9.68,20.84
London,England,51.5074,-0.1278,2026-05-07 02:00:00+00:00,2.0,2.44,3.49,6.05,93.43
Madrid,Spain,40.4168,-3.7038,2026-05-07 02:00:00+00:00,1.0,0.8,1.42,1.71,49.69
Paris,France,48.8566,2.3522,2026-05-07 02:00:00+00:00,1.0,2.05,3.11,2.39,37.37
Antananarivo,Madagascar,-18.8792,47.5079,2026-05-07 03:00:00+00:00,1.0,5.23,7.35,1.22,15.76
Buenos Aires,Argentina,-34.6037,-58.3816,2026-05-07 03:00:00+00:00,1.0,6.56,7.17,7.47,21.32
London,England,51.5074,-0.1278,2026-05-07 03:00:00+00:00,2.0,2.34,3.36,5.82,92.75
Madrid,Spain,40.4168,-3.7038,2026-05-07 03:00:00+00:00,1.0,0.88,1.54,1.77,46.87
Paris,France,48.8566,2.3522,2026-05-07 03:00:00+00:00,1.0,2.17,3.25,2.36,32.93
Antananarivo,Madagascar,-18.8792,47.5079,2026-05-07 04:00:00+00:00,1.0,5.0,7.67,1.2,17.04
Buenos Aires,Argentina,-34.6037,-58.3816,2026-05-07 04:00:00+00:00,1.0,5.69,6.45,5.18,22.1
London,England,51.5074,-0.1278,2026-05-07 04:00:00+00:00,2.0,2.27,3.27,5.64,92.31
Madrid,Spain,40.4168,-3.7038,2026-05-07 04:00:00+00:00,1.0,0.95,1.65,1.82,44.5
Paris,France,48.8566,2.3522,2026-05-07 04:00:00+00:00,1.0,2.29,3.38,2.46,29.08
Antananarivo,Madagascar,-18.8792,47.5079,2026-05-07 05:00:00+00:00,1.0,4.89,8.23,0.89,20.19
Buenos Aires,Argentina,-34.6037,-58.3816,2026-05-07 05:00:00+00:00,1.0,4.92,5.82,3.57,22.43
London,England,51.5074,-0.1278,2026-05-07 05:00:00+00:00,2.0,2.24,3.21,5.24,92.99
Madrid,Spain,40.4168,-3.7038,2026-05-07 05:00:00+00:00,1.0,1.01,1.78,2.05,43.08
Paris,France,48.8566,2.3522,2026-05-07 05:00:00+00:00,1.0,2.45,3.6,3.12,25.67
Antananarivo,Madagascar,-18.8792,47.5079,2026-05-07 06:00:00+00:00,1.0,4.98,8.54,0.64,27.59
Buenos Aires,Argentina,-34.6037,-58.3816,2026-05-07 06:00:00+00:00,1.0,4.61,5.53,2.89,21.52
London,England,51.5074,-0.1278,2026-05-07 06:00:00+00:00,2.0,2.14,3.07,5.14,94.64
Madrid,Spain,40.4168,-3.7038,2026-05-07 06:00:00+00:00,1.0,1.08,1.95,2.47,43.65
Paris,France,48.8566,2.3522,2026-05-07 06:00:00+00:00,1.0,2.75,3.98,3.73,23.1
Antananarivo,Madagascar,-18.8792,47.5079,2026-05-07 07:00:00+00:00,1.0,1.23,2.48,0.15,49.12
Buenos Aires,Argentina,-34.6037,-58.3816,2026-05-07 07:00:00+00:00,1.0,4.39,5.22,2.74,20.56
London,England,51.5074,-0.1278,2026-05-07 07:00:00+00:00,2.0,1.89,2.8,4.55,97.01
Madrid,Spain,40.4168,-3.7038,2026-05-07 07:00:00+00:00,1.0,1.13,2.11,2.35,53.25
Paris,France,48.8566,2.3522,2026-05-07 07:00:00+00:00,1.0,2.88,4.18,3.21,22.01
Antananarivo,Madagascar,-18.8792,47.5079,2026-05-07 08:00:00+00:00,1.0,1.02,2.09,0.1,50.2
Buenos Aires,Argentina,-34.6037,-58.3816,2026-05-07 08:00:00+00:00,1.0,3.81,4.53,2.23,22.04
London,England,51.5074,-0.1278,2026-05-07 08:00:00+00:00,3.0,1.77,2.66,3.91,100.01
Madrid,Spain,40.4168,-3.7038,2026-05-07 08:00:00+00:00,1.0,1.11,2.09,2.03,57.64
Paris,France,48.8566,2.3522,2026-05-07 08:00:00+00:00,1.0,2.85,4.22,2.79,21.5
Antananarivo,Madagascar,-18.8792,47.5079,2026-05-07 09:00:00+00:00,1.0,1.11,2.16,0.09,49.88
Buenos Aires,Argentina,-34.6037,-58.3816,2026-05-07 09:00:00+00:00,1.0,3.15,3.85,1.49,26.2
London,England,51.5074,-0.1278,2026-05-07 09:00:00+00:00,3.0,1.81,2.68,3.37,103.34
Madrid,Spain,40.4168,-3.7038,2026-05-07 09:00:00+00:00,2.0,1.12,2.11,1.73,63.82
Paris,France,48.8566,2.3522,2026-05-07 09:00:00+00:00,1.0,3.1,4.56,2.71,25.39
Antananarivo,Madagascar,-18.8792,47.5079,2026-05-07 10:00:00+00:00,1.0,1.14,2.06,0.09,53.32
Buenos Aires,Argentina,-34.6037,-58.3816,2026-05-07 10:00:00+00:00,1.0,2.68,3.42,1.0,30.17
London,England,51.5074,-0.1278,2026-05-07 10:00:00+00:00,3.0,1.99,2.87,2.84,107.51
Madrid,Spain,40.4168,-3.7038,2026-05-07 10:00:00+00:00,2.0,0.7,1.41,0.59,93.52
Paris,France,48.8566,2.3522,2026-05-07 10:00:00+00:00,2.0,3.09,4.09,1.3,88.69
Antananarivo,Madagascar,-18.8792,47.5079,2026-05-07 11:00:00+00:00,1.0,1.14,1.97,0.09,55.31
Buenos Aires,Argentina,-34.6037,-58.3816,2026-05-07 11:00:00+00:00,1.0,2.68,3.48,0.96,30.52
London,England,51.5074,-0.1278,2026-05-07 11:00:00+00:00,3.0,2.28,3.18,2.35,112.27
Madrid,Spain,40.4168,-3.7038,2026-05-07 11:00:00+00:00,2.0,0.66,1.26,0.29,99.02
Paris,France,48.8566,2.3522,2026-05-07 11:00:00+00:00,2.0,2.27,3.01,0.75,98.34
Antananarivo,Madagascar,-18.8792,47.5079,2026-05-07 12:00:00+00:00,1.0,1.16,1.99,0.1,55.26
Buenos Aires,Argentina,-34.6037,-58.3816,2026-05-07 12:00:00+00:00,1.0,2.66,3.57,1.07,29.11
London,England,51.5074,-0.1278,2026-05-07 12:00:00+00:00,3.0,2.59,3.52,1.97,117.12
Madrid,Spain,40.4168,-3.7038,2026-05-07 12:00:00+00:00,3.0,0.68,1.26,0.22,100.4
Paris,France,48.8566,2.3522,2026-05-07 12:00:00+00:00,2.0,2.23,2.91,0.69,99.45
Antananarivo,Madagascar,-18.8792,47.5079,2026-05-07 13:00:00+00:00,1.0,1.43,2.61,0.23,52.19
Buenos Aires,Argentina,-34.6037,-58.3816,2026-05-07 13:00:00+00:00,1.0,2.59,3.78,1.04,29.49
London,England,51.5074,-0.1278,2026-05-07 13:00:00+00:00,3.0,2.84,3.8,1.86,121.3
Madrid,Spain,40.4168,-3.7038,2026-05-07 13:00:00+00:00,3.0,0.73,1.36,0.19,102.98
Paris,France,48.8566,2.3522,2026-05-07 13:00:00+00:00,3.0,2.25,2.9,0.7,100.59
Antananarivo,Madagascar,-18.8792,47.5079,2026-05-07 14:00:00+00:00,1.0,1.93,3.71,0.54,49.37
Buenos Aires,Argentina,-34.6037,-58.3816,2026-05-07 14:00:00+00:00,1.0,2.79,4.59,0.86,31.49
London,England,51.5074,-0.1278,2026-05-07 14:00:00+00:00,3.0,2.98,3.99,2.0,123.8
Madrid,Spain,40.4168,-3.7038,2026-05-07 14:00:00+00:00,3.0,0.75,1.4,0.19,103.94
Paris,France,48.8566,2.3522,2026-05-07 14:00:00+00:00,3.0,2.24,2.87,0.7,100.68
Antananarivo,Madagascar,-18.8792,47.5079,2026-05-07 15:00:00+00:00,1.0,2.43,4.8,0.97,46.81
Buenos Aires,Argentina,-34.6037,-58.3816,2026-05-07 15:00:00+00:00,1.0,3.11,5.68,0.67,34.13
London,England,51.5074,-0.1278,2026-05-07 15:00:00+00:00,3.0,3.14,4.24,2.23,125.48
Madrid,Spain,40.4168,-3.7038,2026-05-07 15:00:00+00:00,3.0,0.75,1.38,0.22,104.34
Paris,France,48.8566,2.3522,2026-05-07 15:00:00+00:00,3.0,2.26,2.88,0.75,100.68
Antananarivo,Madagascar,-18.8792,47.5079,2026-05-07 16:00:00+00:00,1.0,3.07,6.17,1.27,42.72
Buenos Aires,Argentina,-34.6037,-58.3816,2026-05-07 16:00:00+00:00,1.0,3.37,6.75,0.52,37.04
London,England,51.5074,-0.1278,2026-05-07 16:00:00+00:00,3.0,3.27,4.5,2.86,125.42
Madrid,Spain,40.4168,-3.7038,2026-05-07 16:00:00+00:00,3.0,0.73,1.32,0.26,104.4
Paris,France,48.8566,2.3522,2026-05-07 16:00:00+00:00,2.0,2.4,3.05,0.94,99.89
Antananarivo,Madagascar,-18.8792,47.5079,2026-05-07 17:00:00+00:00,1.0,3.89,7.83,1.5,38.18
Buenos Aires,Argentina,-34.6037,-58.3816,2026-05-07 17:00:00+00:00,1.0,3.24,7.06,0.45,39.27
London,England,51.5074,-0.1278,2026-05-07 17:00:00+00:00,3.0,3.33,4.79,3.85,123.28
Madrid,Spain,40.4168,-3.7038,2026-05-07 17:00:00+00:00,3.0,0.71,1.28,0.3,103.69
Paris,France,48.8566,2.3522,2026-05-07 17:00:00+00:00,2.0,2.72,3.44,1.26,96.81
Antananarivo,Madagascar,-18.8792,47.5079,2026-05-07 18:00:00+00:00,1.0,4.59,9.03,1.59,34.07
Buenos Aires,Argentina,-34.6037,-58.3816,2026-05-07 18:00:00+00:00,1.0,2.84,6.55,0.44,40.39
London,England,51.5074,-0.1278,2026-05-07 18:00:00+00:00,3.0,3.23,5.05,4.82,119.39
Madrid,Spain,40.4168,-3.7038,2026-05-07 18:00:00+00:00,3.0,0.7,1.29,0.35,103.38
Paris,France,48.8566,2.3522,2026-05-07 18:00:00+00:00,2.0,3.1,3.93,1.62,93.57
Antananarivo,Madagascar,-18.8792,47.5079,2026-05-07 19:00:00+00:00,1.0,4.65,8.91,1.46,30.22
Buenos Aires,Argentina,-34.6037,-58.3816,2026-05-07 19:00:00+00:00,1.0,2.29,5.27,0.45,40.72
London,England,51.5074,-0.1278,2026-05-07 19:00:00+00:00,3.0,3.06,5.28,5.48,115.14
Madrid,Spain,40.4168,-3.7038,2026-05-07 19:00:00+00:00,2.0,0.72,1.34,0.49,99.21
Paris,France,48.8566,2.3522,2026-05-07 19:00:00+00:00,2.0,3.61,4.58,2.22,87.67
Antananarivo,Madagascar,-18.8792,47.5079,2026-05-07 20:00:00+00:00,1.0,5.02,9.26,1.48,26.3
Buenos Aires,Argentina,-34.6037,-58.3816,2026-05-07 20:00:00+00:00,1.0,1.78,3.7,0.51,39.55
London,England,51.5074,-0.1278,2026-05-07 20:00:00+00:00,3.0,2.87,5.42,5.12,112.11
Madrid,Spain,40.4168,-3.7038,2026-05-07 20:00:00+00:00,2.0,0.78,1.47,0.67,93.3
Paris,France,48.8566,2.3522,2026-05-07 20:00:00+00:00,2.0,4.29,5.39,2.83,79.25
Antananarivo,Madagascar,-18.8792,47.5079,2026-05-07 21:00:00+00:00,1.0,5.05,8.85,1.43,23.26
Buenos Aires,Argentina,-34.6037,-58.3816,2026-05-07 21:00:00+00:00,1.0,1.33,2.39,0.6,37.92
London,England,51.5074,-0.1278,2026-05-07 21:00:00+00:00,3.0,2.72,5.44,4.59,110.6
Madrid,Spain,40.4168,-3.7038,2026-05-07 21:00:00+00:00,2.0,0.84,1.6,0.82,88.69
Paris,France,48.8566,2.3522,2026-05-07 21:00:00+00:00,2.0,4.98,6.15,3.32,71.53
Antananarivo,Madagascar,-18.8792,47.5079,2026-05-07 22:00:00+00:00,1.0,4.94,8.18,1.34,21.06
Buenos Aires,Argentina,-34.6037,-58.3816,2026-05-07 22:00:00+00:00,1.0,0.85,1.43,0.61,37.94
London,England,51.5074,-0.1278,2026-05-07 22:00:00+00:00,3.0,2.65,5.31,4.32,109.62
Madrid,Spain,40.4168,-3.7038,2026-05-07 22:00:00+00:00,2.0,0.9,1.71,0.92,84.55
Paris,France,48.8566,2.3522,2026-05-07 22:00:00+00:00,2.0,5.36,6.46,3.33,63.05
Antananarivo,Madagascar,-18.8792,47.5079,2026-05-07 23:00:00+00:00,1.0,4.82,7.65,1.25,19.83
Buenos Aires,Argentina,-34.6037,-58.3816,2026-05-07 23:00:00+00:00,1.0,0.52,0.93,0.56,40.27
London,England,51.5074,-0.1278,2026-05-07 23:00:00+00:00,3.0,2.96,5.43,4.61,107.9
Madrid,Spain,40.4168,-3.7038,2026-05-07 23:00:00+00:00,2.0,0.97,1.86,0.93,81.95
Paris,France,48.8566,2.3522,2026-05-07 23:00:00+00:00,1.0,5.66,6.65,2.89,56.0
Antananarivo,Madagascar,-18.8792,47.5079,2026-05-08 00:00:00+00:00,1.0,4.62,7.13,1.15,19.58
Buenos Aires,Argentina,-34.6037,-58.3816,2026-05-08 00:00:00+00:00,1.0,0.5,0.8,0.5,42.33
London,England,51.5074,-0.1278,2026-05-08 00:00:00+00:00,3.0,3.76,6.0,5.05,105.38
Madrid,Spain,40.4168,-3.7038,2026-05-08 00:00:00+00:00,2.0,1.05,2.0,0.89,80.55
Paris,France,48.8566,2.3522,2026-05-08 00:00:00+00:00,1.0,5.77,6.63,2.33,50.22
Antananarivo,Madagascar,-18.8792,47.5079,2026-05-08 01:00:00+00:00,1.0,4.36,6.63,1.06,20.02
Buenos Aires,Argentina,-34.6037,-58.3816,2026-05-08 01:00:00+00:00,1.0,0.5,0.76,0.47,42.23
London,England,51.5074,-0.1278,2026-05-08 01:00:00+00:00,3.0,4.85,6.8,5.8,101.84
Madrid,Spain,40.4168,-3.7038,2026-05-08 01:00:00+00:00,2.0,1.19,2.26,0.8,82.73
Paris,France,48.8566,2.3522,2026-05-08 01:00:00+00:00,1.0,5.63,6.35,1.87,45.45
Antananarivo,Madagascar,-18.8792,47.5079,2026-05-08 02:00:00+00:00,1.0,4.11,6.22,1.01,20.43
Buenos Aires,Argentina,-34.6037,-58.3816,2026-05-08 02:00:00+00:00,1.0,0.5,0.75,0.46,42.39
London,England,51.5074,-0.1278,2026-05-08 02:00:00+00:00,2.0,5.73,7.44,6.8,95.76
Madrid,Spain,40.4168,-3.7038,2026-05-08 02:00:00+00:00,2.0,1.32,2.47,0.8,79.77
Paris,France,48.8566,2.3522,2026-05-08 02:00:00+00:00,1.0,5.34,5.97,1.57,41.75
Antananarivo,Madagascar,-18.8792,47.5079,2026-05-08 03:00:00+00:00,1.0,3.96,6.05,1.0,20.69
Buenos Aires,Argentina,-34.6037,-58.3816,2026-05-08 03:00:00+00:00,1.0,0.5,0.76,0.41,43.83
London,England,51.5074,-0.1278,2026-05-08 03:00:00+00:00,2.0,6.41,7.96,7.73,87.45
Madrid,Spain,40.4168,-3.7038,2026-05-08 03:00:00+00:00,2.0,1.43,2.66,0.84,76.21
Paris,France,48.8566,2.3522,2026-05-08 03:00:00+00:00,1.0,5.03,5.57,1.41,38.88
Antananarivo,Madagascar,-18.8792,47.5079,2026-05-08 04:00:00+00:00,1.0,4.05,6.6,1.1,20.92
Buenos Aires,Argentina,-34.6037,-58.3816,2026-05-08 04:00:00+00:00,1.0,0.5,0.84,0.34,45.11
London,England,51.5074,-0.1278,2026-05-08 04:00:00+00:00,2.0,6.65,8.07,8.82,77.98
Madrid,Spain,40.4168,-3.7038,2026-05-08 04:00:00+00:00,2.0,1.51,2.82,0.9,72.7
Paris,France,48.8566,2.3522,2026-05-08 04:00:00+00:00,1.0,4.8,5.28,1.44,36.38
Antananarivo,Madagascar,-18.8792,47.5079,2026-05-08 05:00:00+00:00,1.0,4.21,7.45,0.92,22.49
Buenos Aires,Argentina,-34.6037,-58.3816,2026-05-08 05:00:00+00:00,1.0,0.51,1.0,0.31,45.33
London,England,51.5074,-0.1278,2026-05-08 05:00:00+00:00,2.0,6.79,8.16,9.97,69.65
Madrid,Spain,40.4168,-3.7038,2026-05-08 05:00:00+00:00,2.0,1.6,3.01,1.07,70.78
Paris,France,48.8566,2.3522,2026-05-08 05:00:00+00:00,1.0,4.63,5.11,1.91,34.06
Antananarivo,Madagascar,-18.8792,47.5079,2026-05-08 06:00:00+00:00,1.0,4.53,8.13,0.68,28.13
Buenos Aires,Argentina,-34.6037,-58.3816,2026-05-08 06:00:00+00:00,1.0,0.51,1.0,0.29,44.37
London,England,51.5074,-0.1278,2026-05-08 06:00:00+00:00,2.0,6.91,8.31,11.16,63.55
Madrid,Spain,40.4168,-3.7038,2026-05-08 06:00:00+00:00,2.0,1.71,3.24,1.37,70.1
Paris,France,48.8566,2.3522,2026-05-08 06:00:00+00:00,1.0,4.59,5.08,2.57,32.16
Antananarivo,Madagascar,-18.8792,47.5079,2026-05-08 07:00:00+00:00,1.0,1.48,2.97,0.19,47.4
Buenos Aires,Argentina,-34.6037,-58.3816,2026-05-08 07:00:00+00:00,1.0,0.51,0.87,0.28,42.86
London,England,51.5074,-0.1278,2026-05-08 07:00:00+00:00,1.0,6.94,8.4,11.94,59.79
Madrid,Spain,40.4168,-3.7038,2026-05-08 07:00:00+00:00,2.0,1.79,3.39,1.63,70.63
Paris,France,48.8566,2.3522,2026-05-08 07:00:00+00:00,1.0,4.43,4.92,2.48,32.01
Antananarivo,Madagascar,-18.8792,47.5079,2026-05-08 08:00:00+00:00,1.0,1.21,2.41,0.12,49.88
Buenos Aires,Argentina,-34.6037,-58.3816,2026-05-08 08:00:00+00:00,1.0,0.5,0.76,0.28,41.99
London,England,51.5074,-0.1278,2026-05-08 08:00:00+00:00,1.0,7.22,8.77,11.68,58.0
Madrid,Spain,40.4168,-3.7038,2026-05-08 08:00:00+00:00,2.0,1.84,3.45,1.46,72.88
Paris,France,48.8566,2.3522,2026-05-08 08:00:00+00:00,1.0,4.06,4.54,2.16,33.84
Antananarivo,Madagascar,-18.8792,47.5079,2026-05-08 09:00:00+00:00,1.0,1.25,2.38,0.09,49.21
Buenos Aires,Argentina,-34.6037,-58.3816,2026-05-08 09:00:00+00:00,1.0,0.5,0.75,0.27,41.75
London,England,51.5074,-0.1278,2026-05-08 09:00:00+00:00,1.0,8.28,9.95,10.8,58.45
Madrid,Spain,40.4168,-3.7038,2026-05-08 09:00:00+00:00,2.0,1.85,3.56,1.02,80.7
Paris,France,48.8566,2.3522,2026-05-08 09:00:00+00:00,1.0,3.8,4.26,1.92,39.06
Antananarivo,Madagascar,-18.8792,47.5079,2026-05-08 10:00:00+00:00,1.0,1.02,1.87,0.08,51.03
Buenos Aires,Argentina,-34.6037,-58.3816,2026-05-08 10:00:00+00:00,1.0,0.51,0.82,0.28,42.15
London,England,51.5074,-0.1278,2026-05-08 10:00:00+00:00,2.0,10.6,12.44,9.43,61.88
Madrid,Spain,40.4168,-3.7038,2026-05-08 10:00:00+00:00,2.0,1.29,2.6,0.41,99.29
Paris,France,48.8566,2.3522,2026-05-08 10:00:00+00:00,2.0,2.11,2.32,0.7,86.42
Antananarivo,Madagascar,-18.8792,47.5079,2026-05-08 11:00:00+00:00,1.0,1.03,1.77,0.08,50.65
Buenos Aires,Argentina,-34.6037,-58.3816,2026-05-08 11:00:00+00:00,1.0,0.52,1.09,0.31,43.09
London,England,51.5074,-0.1278,2026-05-08 11:00:00+00:00,2.0,14.07,16.04,8.52,68.06
Madrid,Spain,40.4168,-3.7038,2026-05-08 11:00:00+00:00,3.0,0.88,1.73,0.23,102.8
Paris,France,48.8566,2.3522,2026-05-08 11:00:00+00:00,2.0,1.76,1.9,0.44,93.01
Antananarivo,Madagascar,-18.8792,47.5079,2026-05-08 12:00:00+00:00,1.0,1.11,1.87,0.09,49.17
Buenos Aires,Argentina,-34.6037,-58.3816,2026-05-08 12:00:00+00:00,1.0,0.57,1.65,0.34,44.1
London,England,51.5074,-0.1278,2026-05-08 12:00:00+00:00,2.0,17.65,19.66,7.23,78.59
Madrid,Spain,40.4168,-3.7038,2026-05-08 12:00:00+00:00,3.0,0.7,1.35,0.19,103.07
Paris,France,48.8566,2.3522,2026-05-08 12:00:00+00:00,2.0,1.76,1.9,0.4,93.65
Antananarivo,Madagascar,-18.8792,47.5079,2026-05-08 13:00:00+00:00,1.0,1.39,2.45,0.21,45.36
Buenos Aires,Argentina,-34.6037,-58.3816,2026-05-08 13:00:00+00:00,1.0,0.62,2.37,0.32,44.8
London,England,51.5074,-0.1278,2026-05-08 13:00:00+00:00,2.0,20.03,21.94,5.87,91.7
Madrid,Spain,40.4168,-3.7038,2026-05-08 13:00:00+00:00,3.0,0.62,1.2,0.17,103.48
Paris,France,48.8566,2.3522,2026-05-08 13:00:00+00:00,2.0,1.8,1.93,0.41,95.05
Antananarivo,Madagascar,-18.8792,47.5079,2026-05-08 14:00:00+00:00,1.0,1.86,3.43,0.51,40.19
Buenos Aires,Argentina,-34.6037,-58.3816,2026-05-08 14:00:00+00:00,1.0,0.68,2.95,0.28,45.3
London,England,51.5074,-0.1278,2026-05-08 14:00:00+00:00,3.0,19.82,21.51,4.87,103.73
Madrid,Spain,40.4168,-3.7038,2026-05-08 14:00:00+00:00,3.0,0.59,1.15,0.18,102.27
Paris,France,48.8566,2.3522,2026-05-08 14:00:00+00:00,2.0,1.76,1.89,0.44,96.0
Antananarivo,Madagascar,-18.8792,47.5079,2026-05-08 15:00:00+00:00,1.0,2.35,4.44,0.88,36.09
Buenos Aires,Argentina,-34.6037,-58.3816,2026-05-08 15:00:00+00:00,1.0,0.72,3.31,0.23,45.88
London,England,51.5074,-0.1278,2026-05-08 15:00:00+00:00,3.0,17.43,18.88,4.26,112.31
Madrid,Spain,40.4168,-3.7038,2026-05-08 15:00:00+00:00,3.0,0.6,1.16,0.21,101.16
Paris,France,48.8566,2.3522,2026-05-08 15:00:00+00:00,2.0,1.67,1.79,0.51,96.48
Antananarivo,Madagascar,-18.8792,47.5079,2026-05-08 16:00:00+00:00,1.0,2.89,5.56,1.11,32.38
Buenos Aires,Argentina,-34.6037,-58.3816,2026-05-08 16:00:00+00:00,1.0,0.77,3.86,0.19,46.71
London,England,51.5074,-0.1278,2026-05-08 16:00:00+00:00,3.0,15.7,17.02,4.24,117.23
Madrid,Spain,40.4168,-3.7038,2026-05-08 16:00:00+00:00,3.0,0.64,1.23,0.24,101.46
Paris,France,48.8566,2.3522,2026-05-08 16:00:00+00:00,2.0,1.73,1.87,0.84,94.51
Antananarivo,Madagascar,-18.8792,47.5079,2026-05-08 17:00:00+00:00,1.0,3.46,6.73,1.25,29.51
Buenos Aires,Argentina,-34.6037,-58.3816,2026-05-08 17:00:00+00:00,1.0,0.86,4.38,0.17,47.11
London,England,51.5074,-0.1278,2026-05-08 17:00:00+00:00,3.0,15.51,16.92,4.78,118.81
Madrid,Spain,40.4168,-3.7038,2026-05-08 17:00:00+00:00,3.0,0.72,1.35,0.3,100.9
Paris,France,48.8566,2.3522,2026-05-08 17:00:00+00:00,2.0,1.95,2.14,1.36,89.45
Antananarivo,Madagascar,-18.8792,47.5079,2026-05-08 18:00:00+00:00,1.0,3.92,7.58,1.31,27.36
Buenos Aires,Argentina,-34.6037,-58.3816,2026-05-08 18:00:00+00:00,1.0,0.94,4.8,0.16,47.17
London,England,51.5074,-0.1278,2026-05-08 18:00:00+00:00,3.0,15.8,17.37,5.48,118.72
Madrid,Spain,40.4168,-3.7038,2026-05-08 18:00:00+00:00,3.0,0.81,1.52,0.36,100.6
Paris,France,48.8566,2.3522,2026-05-08 18:00:00+00:00,2.0,2.16,2.4,1.85,84.3
Antananarivo,Madagascar,-18.8792,47.5079,2026-05-08 19:00:00+00:00,1.0,4.35,8.25,1.37,24.76
Buenos Aires,Argentina,-34.6037,-58.3816,2026-05-08 19:00:00+00:00,1.0,0.98,4.98,0.17,47.33
London,England,51.5074,-0.1278,2026-05-08 19:00:00+00:00,3.0,15.21,16.88,5.95,117.51
Madrid,Spain,40.4168,-3.7038,2026-05-08 19:00:00+00:00,2.0,0.93,1.73,0.57,96.22
Paris,France,48.8566,2.3522,2026-05-08 19:00:00+00:00,2.0,2.35,2.63,2.25,79.86
Antananarivo,Madagascar,-18.8792,47.5079,2026-05-08 20:00:00+00:00,1.0,4.83,8.93,1.45,22.4
Buenos Aires,Argentina,-34.6037,-58.3816,2026-05-08 20:00:00+00:00,1.0,0.98,4.96,0.23,47.17
London,England,51.5074,-0.1278,2026-05-08 20:00:00+00:00,3.0,13.69,15.35,5.99,115.8
Madrid,Spain,40.4168,-3.7038,2026-05-08 20:00:00+00:00,2.0,1.06,1.93,0.82,89.96
Paris,France,48.8566,2.3522,2026-05-08 20:00:00+00:00,2.0,2.5,2.83,2.47,76.52
Antananarivo,Madagascar,-18.8792,47.5079,2026-05-08 21:00:00+00:00,1.0,4.9,8.75,1.42,20.77
Buenos Aires,Argentina,-34.6037,-58.3816,2026-05-08 21:00:00+00:00,1.0,0.96,4.88,0.33,46.9
London,England,51.5074,-0.1278,2026-05-08 21:00:00+00:00,3.0,12.75,14.42,6.11,114.42
Madrid,Spain,40.4168,-3.7038,2026-05-08 21:00:00+00:00,2.0,1.16,2.08,1.02,86.17
Paris,France,48.8566,2.3522,2026-05-08 21:00:00+00:00,2.0,2.62,2.98,2.66,73.85
Antananarivo,Madagascar,-18.8792,47.5079,2026-05-08 22:00:00+00:00,1.0,4.7,8.11,1.31,19.44
Buenos Aires,Argentina,-34.6037,-58.3816,2026-05-08 22:00:00+00:00,1.0,0.93,4.75,0.37,46.24
London,England,51.5074,-0.1278,2026-05-08 22:00:00+00:00,3.0,13.89,15.68,6.52,112.54
Madrid,Spain,40.4168,-3.7038,2026-05-08 22:00:00+00:00,2.0,1.23,2.15,1.13,83.43
Paris,France,48.8566,2.3522,2026-05-08 22:00:00+00:00,2.0,2.65,3.01,2.69,69.41
Antananarivo,Madagascar,-18.8792,47.5079,2026-05-08 23:00:00+00:00,1.0,4.37,7.38,1.19,18.85
Buenos Aires,Argentina,-34.6037,-58.3816,2026-05-08 23:00:00+00:00,1.0,0.89,4.52,0.38,45.61
London,England,51.5074,-0.1278,2026-05-08 23:00:00+00:00,3.0,16.68,18.69,7.29,108.1
Madrid,Spain,40.4168,-3.7038,2026-05-08 23:00:00+00:00,2.0,1.31,2.23,1.15,82.35
Paris,France,48.8566,2.3522,2026-05-08 23:00:00+00:00,2.0,2.72,3.09,2.57,64.31
Antananarivo,Madagascar,-18.8792,47.5079,2026-05-09 00:00:00+00:00,1.0,3.9,6.5,1.05,19.45
Buenos Aires,Argentina,-34.6037,-58.3816,2026-05-09 00:00:00+00:00,1.0,0.84,4.19,0.39,45.01
London,England,51.5074,-0.1278,2026-05-09 00:00:00+00:00,3.0,19.41,21.59,7.96,101.28
Madrid,Spain,40.4168,-3.7038,2026-05-09 00:00:00+00:00,2.0,1.4,2.33,1.1,81.31
Paris,France,48.8566,2.3522,2026-05-09 00:00:00+00:00,1.0,2.8,3.18,2.37,59.19
Antananarivo,Madagascar,-18.8792,47.5079,2026-05-09 01:00:00+00:00,1.0,3.35,5.56,0.88,21.06
Buenos Aires,Argentina,-34.6037,-58.3816,2026-05-09 01:00:00+00:00,1.0,0.8,3.82,0.39,44.23
London,England,51.5074,-0.1278,2026-05-09 01:00:00+00:00,2.0,21.12,23.34,8.29,94.07
Madrid,Spain,40.4168,-3.7038,2026-05-09 01:00:00+00:00,2.0,1.47,2.41,1.01,80.16
Paris,France,48.8566,2.3522,2026-05-09 01:00:00+00:00,1.0,2.84,3.21,2.15,53.61
Antananarivo,Madagascar,-18.8792,47.5079,2026-05-09 02:00:00+00:00,1.0,3.13,5.08,0.82,21.24
Buenos Aires,Argentina,-34.6037,-58.3816,2026-05-09 02:00:00+00:00,1.0,0.77,3.52,0.38,44.07
London,England,51.5074,-0.1278,2026-05-09 02:00:00+00:00,2.0,22.13,24.31,8.54,87.98
Madrid,Spain,40.4168,-3.7038,2026-05-09 02:00:00+00:00,2.0,1.52,2.47,0.93,79.22
Paris,France,48.8566,2.3522,2026-05-09 02:00:00+00:00,1.0,2.89,3.25,2.0,48.36
Antananarivo,Madagascar,-18.8792,47.5079,2026-05-09 03:00:00+00:00,1.0,3.0,4.79,0.8,21.45
Buenos Aires,Argentina,-34.6037,-58.3816,2026-05-09 03:00:00+00:00,1.0,0.75,3.09,0.37,43.99
London,England,51.5074,-0.1278,2026-05-09 03:00:00+00:00,2.0,22.95,25.05,8.74,82.84
Madrid,Spain,40.4168,-3.7038,2026-05-09 03:00:00+00:00,2.0,1.54,2.5,0.87,79.13
Paris,France,48.8566,2.3522,2026-05-09 03:00:00+00:00,1.0,2.94,3.31,1.94,43.57
Antananarivo,Madagascar,-18.8792,47.5079,2026-05-09 04:00:00+00:00,1.0,2.94,4.88,0.82,22.0
Buenos Aires,Argentina,-34.6037,-58.3816,2026-05-09 04:00:00+00:00,1.0,0.7,2.26,0.35,43.66
London,England,51.5074,-0.1278,2026-05-09 04:00:00+00:00,2.0,24.25,26.25,8.87,78.74
Madrid,Spain,40.4168,-3.7038,2026-05-09 04:00:00+00:00,2.0,1.55,2.46,0.76,83.29
Paris,France,48.8566,2.3522,2026-05-09 04:00:00+00:00,1.0,2.99,3.38,1.99,38.65
Antananarivo,Madagascar,-18.8792,47.5079,2026-05-09 05:00:00+00:00,1.0,2.94,5.27,0.65,23.49
Buenos Aires,Argentina,-34.6037,-58.3816,2026-05-09 05:00:00+00:00,1.0,0.64,1.47,0.34,43.55
London,England,51.5074,-0.1278,2026-05-09 05:00:00+00:00,3.0,26.09,28.02,9.08,75.1
Madrid,Spain,40.4168,-3.7038,2026-05-09 05:00:00+00:00,2.0,1.54,2.4,0.79,83.86
Paris,France,48.8566,2.3522,2026-05-09 05:00:00+00:00,1.0,3.05,3.48,2.35,33.5
Antananarivo,Madagascar,-18.8792,47.5079,2026-05-09 06:00:00+00:00,1.0,3.12,5.72,0.46,27.24
Buenos Aires,Argentina,-34.6037,-58.3816,2026-05-09 06:00:00+00:00,1.0,0.63,1.11,0.34,44.04
London,England,51.5074,-0.1278,2026-05-09 06:00:00+00:00,3.0,28.51,30.43,9.62,71.63
Madrid,Spain,40.4168,-3.7038,2026-05-09 06:00:00+00:00,2.0,1.56,2.4,0.93,84.04
Paris,France,48.8566,2.3522,2026-05-09 06:00:00+00:00,1.0,3.1,3.58,2.73,28.59
Antananarivo,Madagascar,-18.8792,47.5079,2026-05-09 07:00:00+00:00,1.0,1.47,2.99,0.14,42.12
Buenos Aires,Argentina,-34.6037,-58.3816,2026-05-09 07:00:00+00:00,1.0,0.65,0.95,0.31,46.35
London,England,51.5074,-0.1278,2026-05-09 07:00:00+00:00,3.0,31.09,33.06,9.85,68.37
Madrid,Spain,40.4168,-3.7038,2026-05-09 07:00:00+00:00,2.0,1.54,2.27,1.12,84.27
Paris,France,48.8566,2.3522,2026-05-09 07:00:00+00:00,1.0,3.08,3.58,2.33,25.26
Antananarivo,Madagascar,-18.8792,47.5079,2026-05-09 08:00:00+00:00,1.0,1.38,2.9,0.09,43.42
Buenos Aires,Argentina,-34.6037,-58.3816,2026-05-09 08:00:00+00:00,1.0,0.67,0.9,0.25,49.94
London,England,51.5074,-0.1278,2026-05-09 08:00:00+00:00,3.0,33.37,35.45,9.72,66.53
Madrid,Spain,40.4168,-3.7038,2026-05-09 08:00:00+00:00,2.0,1.5,2.08,1.18,84.73
Paris,France,48.8566,2.3522,2026-05-09 08:00:00+00:00,1.0,3.05,3.56,1.91,24.16
Antananarivo,Madagascar,-18.8792,47.5079,2026-05-09 09:00:00+00:00,1.0,1.51,3.16,0.08,43.19
Buenos Aires,Argentina,-34.6037,-58.3816,2026-05-09 09:00:00+00:00,1.0,0.72,0.9,0.19,52.89
London,England,51.5074,-0.1278,2026-05-09 09:00:00+00:00,3.0,35.4,37.61,9.43,67.24
Madrid,Spain,40.4168,-3.7038,2026-05-09 09:00:00+00:00,2.0,1.44,1.91,1.1,86.42
Paris,France,48.8566,2.3522,2026-05-09 09:00:00+00:00,1.0,3.14,3.65,1.69,27.16
Antananarivo,Madagascar,-18.8792,47.5079,2026-05-09 10:00:00+00:00,1.0,1.39,2.84,0.07,46.36
Buenos Aires,Argentina,-34.6037,-58.3816,2026-05-09 10:00:00+00:00,1.0,0.72,0.89,0.18,54.22
London,England,51.5074,-0.1278,2026-05-09 10:00:00+00:00,3.0,35.99,38.25,8.43,73.09
Madrid,Spain,40.4168,-3.7038,2026-05-09 10:00:00+00:00,2.0,1.04,1.29,0.61,95.88
Paris,France,48.8566,2.3522,2026-05-09 10:00:00+00:00,1.0,3.09,3.52,1.26,54.34
Antananarivo,Madagascar,-18.8792,47.5079,2026-05-09 11:00:00+00:00,1.0,1.33,2.66,0.07,47.95
Buenos Aires,Argentina,-34.6037,-58.3816,2026-05-09 11:00:00+00:00,1.0,0.73,0.89,0.21,54.11
London,England,51.5074,-0.1278,2026-05-09 11:00:00+00:00,3.0,33.98,36.13,6.99,85.32
Madrid,Spain,40.4168,-3.7038,2026-05-09 11:00:00+00:00,2.0,0.75,0.88,0.41,98.14
Paris,France,48.8566,2.3522,2026-05-09 11:00:00+00:00,2.0,3.36,3.76,0.91,66.18
Antananarivo,Madagascar,-18.8792,47.5079,2026-05-09 12:00:00+00:00,1.0,1.39,2.77,0.08,47.65
Buenos Aires,Argentina,-34.6037,-58.3816,2026-05-09 12:00:00+00:00,1.0,0.78,0.94,0.21,53.46
London,England,51.5074,-0.1278,2026-05-09 12:00:00+00:00,3.0,29.97,31.89,5.48,101.09
Madrid,Spain,40.4168,-3.7038,2026-05-09 12:00:00+00:00,2.0,0.62,0.71,0.34,97.06
Paris,France,48.8566,2.3522,2026-05-09 12:00:00+00:00,2.0,3.41,3.76,0.7,73.01
Antananarivo,Madagascar,-18.8792,47.5079,2026-05-09 13:00:00+00:00,1.0,1.66,3.35,0.18,44.18
Buenos Aires,Argentina,-34.6037,-58.3816,2026-05-09 13:00:00+00:00,1.0,0.84,1.01,0.15,52.52
London,England,51.5074,-0.1278,2026-05-09 13:00:00+00:00,3.0,24.8,26.54,4.27,115.9
Madrid,Spain,40.4168,-3.7038,2026-05-09 13:00:00+00:00,2.0,0.56,0.62,0.3,96.16
Paris,France,48.8566,2.3522,2026-05-09 13:00:00+00:00,2.0,2.12,2.34,0.46,88.12
Antananarivo,Madagascar,-18.8792,47.5079,2026-05-09 14:00:00+00:00,1.0,2.1,4.3,0.43,40.02
Buenos Aires,Argentina,-34.6037,-58.3816,2026-05-09 14:00:00+00:00,1.0,0.95,1.14,0.13,51.99
London,England,51.5074,-0.1278,2026-05-09 14:00:00+00:00,3.0,20.6,22.3,3.53,125.78
Madrid,Spain,40.4168,-3.7038,2026-05-09 14:00:00+00:00,2.0,0.5,0.54,0.26,94.45
Paris,France,48.8566,2.3522,2026-05-09 14:00:00+00:00,2.0,1.32,1.47,0.39,94.27
Antananarivo,Madagascar,-18.8792,47.5079,2026-05-09 15:00:00+00:00,1.0,2.55,5.29,0.78,37.48
Buenos Aires,Argentina,-34.6037,-58.3816,2026-05-09 15:00:00+00:00,1.0,1.09,1.34,0.12,50.98
London,England,51.5074,-0.1278,2026-05-09 15:00:00+00:00,3.0,17.08,18.87,3.25,130.58
Madrid,Spain,40.4168,-3.7038,2026-05-09 15:00:00+00:00,2.0,0.5,0.5,0.23,93.39
Paris,France,48.8566,2.3522,2026-05-09 15:00:00+00:00,2.0,1.07,1.21,0.42,95.78
Antananarivo,Madagascar,-18.8792,47.5079,2026-05-09 16:00:00+00:00,1.0,3.05,6.4,1.02,34.76
Buenos Aires,Argentina,-34.6037,-58.3816,2026-05-09 16:00:00+00:00,1.0,1.19,1.57,0.11,49.5
London,England,51.5074,-0.1278,2026-05-09 16:00:00+00:00,3.0,14.24,16.14,3.32,131.83
Madrid,Spain,40.4168,-3.7038,2026-05-09 16:00:00+00:00,2.0,0.5,0.54,0.2,92.61
Paris,France,48.8566,2.3522,2026-05-09 16:00:00+00:00,2.0,1.06,1.23,0.69,92.99
Antananarivo,Madagascar,-18.8792,47.5079,2026-05-09 17:00:00+00:00,1.0,3.63,7.59,1.16,31.51
Buenos Aires,Argentina,-34.6037,-58.3816,2026-05-09 17:00:00+00:00,1.0,1.1,1.66,0.09,48.6
London,England,51.5074,-0.1278,2026-05-09 17:00:00+00:00,3.0,11.84,13.79,3.6,130.68
Madrid,Spain,40.4168,-3.7038,2026-05-09 17:00:00+00:00,2.0,0.53,0.63,0.2,91.29
Paris,France,48.8566,2.3522,2026-05-09 17:00:00+00:00,2.0,1.16,1.38,1.1,86.04
Antananarivo,Madagascar,-18.8792,47.5079,2026-05-09 18:00:00+00:00,1.0,4.13,8.45,1.24,28.72
Buenos Aires,Argentina,-34.6037,-58.3816,2026-05-09 18:00:00+00:00,1.0,0.95,1.7,0.08,48.88
London,England,51.5074,-0.1278,2026-05-09 18:00:00+00:00,3.0,12.36,14.46,4.23,130.31
Madrid,Spain,40.4168,-3.7038,2026-05-09 18:00:00+00:00,2.0,0.56,0.86,0.22,89.79
Paris,France,48.8566,2.3522,2026-05-09 18:00:00+00:00,2.0,1.23,1.5,1.45,79.75
Antananarivo,Madagascar,-18.8792,47.5079,2026-05-09 19:00:00+00:00,1.0,4.45,8.79,1.25,25.85
Buenos Aires,Argentina,-34.6037,-58.3816,2026-05-09 19:00:00+00:00,1.0,0.92,1.94,0.09,50.66
London,England,51.5074,-0.1278,2026-05-09 19:00:00+00:00,3.0,16.68,18.93,4.94,131.64
Madrid,Spain,40.4168,-3.7038,2026-05-09 19:00:00+00:00,2.0,0.62,1.07,0.26,88.51
Paris,France,48.8566,2.3522,2026-05-09 19:00:00+00:00,2.0,1.31,1.65,1.92,68.48
Antananarivo,Madagascar,-18.8792,47.5079,2026-05-09 20:00:00+00:00,1.0,4.66,8.95,1.25,23.63
Buenos Aires,Argentina,-34.6037,-58.3816,2026-05-09 20:00:00+00:00,1.0,0.99,2.16,0.13,51.13
London,England,51.5074,-0.1278,2026-05-09 20:00:00+00:00,3.0,20.81,23.07,5.2,131.66
Madrid,Spain,40.4168,-3.7038,2026-05-09 20:00:00+00:00,2.0,0.64,1.16,0.29,87.16
Paris,France,48.8566,2.3522,2026-05-09 20:00:00+00:00,1.0,1.43,1.86,2.42,56.2
Antananarivo,Madagascar,-18.8792,47.5079,2026-05-09 21:00:00+00:00,1.0,4.51,8.42,1.17,22.45
Buenos Aires,Argentina,-34.6037,-58.3816,2026-05-09 21:00:00+00:00,1.0,1.04,2.16,0.19,50.65
London,England,51.5074,-0.1278,2026-05-09 21:00:00+00:00,3.0,23.42,25.62,5.31,130.1
Madrid,Spain,40.4168,-3.7038,2026-05-09 21:00:00+00:00,2.0,0.61,1.15,0.31,85.84
Paris,France,48.8566,2.3522,2026-05-09 21:00:00+00:00,1.0,1.6,2.11,2.98,47.2
Antananarivo,Madagascar,-18.8792,47.5079,2026-05-09 22:00:00+00:00,1.0,4.11,7.46,1.01,22.49
Buenos Aires,Argentina,-34.6037,-58.3816,2026-05-09 22:00:00+00:00,1.0,1.06,2.16,0.24,49.33
London,England,51.5074,-0.1278,2026-05-09 22:00:00+00:00,3.0,24.34,26.27,4.89,129.15
Madrid,Spain,40.4168,-3.7038,2026-05-09 22:00:00+00:00,2.0,0.59,1.1,0.34,82.51
Paris,France,48.8566,2.3522,2026-05-09 22:00:00+00:00,1.0,1.77,2.36,3.4,39.93
Antananarivo,Madagascar,-18.8792,47.5079,2026-05-09 23:00:00+00:00,1.0,3.95,6.81,0.95,21.79
Buenos Aires,Argentina,-34.6037,-58.3816,2026-05-09 23:00:00+00:00,1.0,1.09,2.33,0.27,48.54
London,England,51.5074,-0.1278,2026-05-09 23:00:00+00:00,3.0,24.12,25.9,4.68,128.03
Madrid,Spain,40.4168,-3.7038,2026-05-09 23:00:00+00:00,2.0,0.56,1.04,0.36,80.3
Paris,France,48.8566,2.3522,2026-05-09 23:00:00+00:00,1.0,1.97,2.61,3.53,34.41
Antananarivo,Madagascar,-18.8792,47.5079,2026-05-10 00:00:00+00:00,1.0,3.84,6.32,0.9,21.47
Buenos Aires,Argentina,-34.6037,-58.3816,2026-05-10 00:00:00+00:00,1.0,1.06,2.52,0.29,48.46
London,England,51.5074,-0.1278,2026-05-10 00:00:00+00:00,3.0,23.19,24.9,4.47,124.84
Madrid,Spain,40.4168,-3.7038,2026-05-10 00:00:00+00:00,2.0,0.52,0.93,0.37,78.59
Paris,France,48.8566,2.3522,2026-05-10 00:00:00+00:00,1.0,2.1,2.79,3.38,30.14
Antananarivo,Madagascar,-18.8792,47.5079,2026-05-10 01:00:00+00:00,1.0,3.73,5.96,0.87,21.72
Buenos Aires,Argentina,-34.6037,-58.3816,2026-05-10 01:00:00+00:00,,,,,
London,England,51.5074,-0.1278,2026-05-10 01:00:00+00:00,3.0,20.19,21.49,4.31,120.4
Madrid,Spain,40.4168,-3.7038,2026-05-10 01:00:00+00:00,2.0,0.5,0.8,0.37,76.61
Paris,France,48.8566,2.3522,2026-05-10 01:00:00+00:00,1.0,2.14,2.81,3.06,26.0
Antananarivo,Madagascar,-18.8792,47.5079,2026-05-10 02:00:00+00:00,1.0,3.66,5.83,0.85,22.17
Buenos Aires,Argentina,-34.6037,-58.3816,2026-05-10 02:00:00+00:00,,,,,
London,England,51.5074,-0.1278,2026-05-10 02:00:00+00:00,3.0,17.65,18.62,4.32,116.06
Madrid,Spain,40.4168,-3.7038,2026-05-10 02:00:00+00:00,2.0,0.5,0.66,0.37,75.57
Paris,France,48.8566,2.3522,2026-05-10 02:00:00+00:00,1.0,2.16,2.79,2.81,22.03
Antananarivo,Madagascar,-18.8792,47.5079,2026-05-10 03:00:00+00:00,1.0,3.63,5.89,0.87,23.04
Buenos Aires,Argentina,-34.6037,-58.3816,2026-05-10 03:00:00+00:00,,,,,
London,England,51.5074,-0.1278,2026-05-10 03:00:00+00:00,3.0,16.07,16.93,4.38,111.47
Madrid,Spain,40.4168,-3.7038,2026-05-10 03:00:00+00:00,2.0,0.5,0.57,0.37,74.9
Paris,France,48.8566,2.3522,2026-05-10 03:00:00+00:00,1.0,2.14,2.75,2.67,19.2
Antananarivo,Madagascar,-18.8792,47.5079,2026-05-10 04:00:00+00:00,1.0,3.66,6.46,0.93,24.58
Buenos Aires,Argentina,-34.6037,-58.3816,2026-05-10 04:00:00+00:00,,,,,
London,England,51.5074,-0.1278,2026-05-10 04:00:00+00:00,3.0,14.45,15.22,4.13,107.76
Madrid,Spain,40.4168,-3.7038,2026-05-10 04:00:00+00:00,2.0,0.5,0.54,0.38,74.53
Paris,France,48.8566,2.3522,2026-05-10 04:00:00+00:00,1.0,2.13,2.75,2.69,17.25
Antananarivo,Madagascar,-18.8792,47.5079,2026-05-10 05:00:00+00:00,1.0,3.67,7.07,0.75,27.81
Buenos Aires,Argentina,-34.6037,-58.3816,2026-05-10 05:00:00+00:00,,,,,
London,England,51.5074,-0.1278,2026-05-10 05:00:00+00:00,3.0,13.5,14.36,4.04,103.66
Madrid,Spain,40.4168,-3.7038,2026-05-10 05:00:00+00:00,2.0,0.5,0.52,0.42,73.88
Paris,France,48.8566,2.3522,2026-05-10 05:00:00+00:00,1.0,2.15,2.81,3.2,14.91
Antananarivo,Madagascar,-18.8792,47.5079,2026-05-10 06:00:00+00:00,1.0,3.67,7.2,0.53,34.08
Buenos Aires,Argentina,-34.6037,-58.3816,2026-05-10 06:00:00+00:00,,,,,
London,England,51.5074,-0.1278,2026-05-10 06:00:00+00:00,2.0,12.65,13.64,4.15,99.24
Madrid,Spain,40.4168,-3.7038,2026-05-10 06:00:00+00:00,2.0,0.5,0.5,0.5,73.09
Paris,France,48.8566,2.3522,2026-05-10 06:00:00+00:00,1.0,2.2,2.87,4.27,12.98
Antananarivo,Madagascar,-18.8792,47.5079,2026-05-10 07:00:00+00:00,1.0,1.17,2.76,0.13,53.47
Buenos Aires,Argentina,-34.6037,-58.3816,2026-05-10 07:00:00+00:00,,,,,
London,England,51.5074,-0.1278,2026-05-10 07:00:00+00:00,2.0,12.06,13.31,4.41,96.87
Madrid,Spain,40.4168,-3.7038,2026-05-10 07:00:00+00:00,2.0,0.5,0.5,0.59,72.13
Paris,France,48.8566,2.3522,2026-05-10 07:00:00+00:00,1.0,2.15,2.74,4.44,16.33
Antananarivo,Madagascar,-18.8792,47.5079,2026-05-10 08:00:00+00:00,1.0,1.0,2.41,0.09,53.08
Buenos Aires,Argentina,-34.6037,-58.3816,2026-05-10 08:00:00+00:00,,,,,
London,England,51.5074,-0.1278,2026-05-10 08:00:00+00:00,2.0,11.32,12.79,4.71,95.76
Madrid,Spain,40.4168,-3.7038,2026-05-10 08:00:00+00:00,2.0,0.5,0.5,0.59,70.72
Paris,France,48.8566,2.3522,2026-05-10 08:00:00+00:00,1.0,2.12,2.66,4.16,18.87
Antananarivo,Madagascar,-18.8792,47.5079,2026-05-10 09:00:00+00:00,1.0,1.11,2.52,0.08,51.08
Buenos Aires,Argentina,-34.6037,-58.3816,2026-05-10 09:00:00+00:00,,,,,
London,England,51.5074,-0.1278,2026-05-10 09:00:00+00:00,2.0,10.69,12.26,4.9,96.41
Madrid,Spain,40.4168,-3.7038,2026-05-10 09:00:00+00:00,2.0,0.5,0.5,0.56,69.15
Paris,France,48.8566,2.3522,2026-05-10 09:00:00+00:00,1.0,2.11,2.61,3.48,21.18
Antananarivo,Madagascar,-18.8792,47.5079,2026-05-10 10:00:00+00:00,1.0,1.08,2.26,0.08,52.53
Buenos Aires,Argentina,-34.6037,-58.3816,2026-05-10 10:00:00+00:00,,,,,
London,England,51.5074,-0.1278,2026-05-10 10:00:00+00:00,2.0,10.51,12.48,4.71,98.83
Madrid,Spain,40.4168,-3.7038,2026-05-10 10:00:00+00:00,2.0,0.5,0.5,0.45,73.32
Paris,France,48.8566,2.3522,2026-05-10 10:00:00+00:00,1.0,1.74,2.01,2.35,53.38
Antananarivo,Madagascar,-18.8792,47.5079,2026-05-10 11:00:00+00:00,1.0,1.11,2.2,0.09,52.68
Buenos Aires,Argentina,-34.6037,-58.3816,2026-05-10 11:00:00+00:00,,,,,
London,England,51.5074,-0.1278,2026-05-10 11:00:00+00:00,3.0,9.96,12.36,4.4,102.6
Madrid,Spain,40.4168,-3.7038,2026-05-10 11:00:00+00:00,2.0,0.5,0.5,0.36,76.24
Paris,France,48.8566,2.3522,2026-05-10 11:00:00+00:00,2.0,1.65,1.83,1.62,63.68
Antananarivo,Madagascar,-18.8792,47.5079,2026-05-10 12:00:00+00:00,1.0,1.2,2.3,0.1,51.53
Buenos Aires,Argentina,-34.6037,-58.3816,2026-05-10 12:00:00+00:00,,,,,
London,England,51.5074,-0.1278,2026-05-10 12:00:00+00:00,3.0,9.42,12.2,3.9,107.24
Madrid,Spain,40.4168,-3.7038,2026-05-10 12:00:00+00:00,2.0,0.5,0.5,0.28,78.32
Paris,France,48.8566,2.3522,2026-05-10 12:00:00+00:00,2.0,1.67,1.8,1.13,70.09
Antananarivo,Madagascar,-18.8792,47.5079,2026-05-10 13:00:00+00:00,1.0,1.46,2.79,0.22,47.21
Buenos Aires,Argentina,-34.6037,-58.3816,2026-05-10 13:00:00+00:00,,,,,
London,England,51.5074,-0.1278,2026-05-10 13:00:00+00:00,3.0,7.7,10.59,3.3,112.53
Madrid,Spain,40.4168,-3.7038,2026-05-10 13:00:00+00:00,2.0,0.5,0.5,0.21,80.82
Paris,France,48.8566,2.3522,2026-05-10 13:00:00+00:00,2.0,1.51,1.61,0.75,77.67
Antananarivo,Madagascar,-18.8792,47.5079,2026-05-10 14:00:00+00:00,1.0,1.86,3.55,0.47,41.51
Buenos Aires,Argentina,-34.6037,-58.3816,2026-05-10 14:00:00+00:00,,,,,
London,England,51.5074,-0.1278,2026-05-10 14:00:00+00:00,3.0,5.2,7.98,2.87,115.36
Madrid,Spain,40.4168,-3.7038,2026-05-10 14:00:00+00:00,2.0,0.5,0.5,0.17,82.95
Paris,France,48.8566,2.3522,2026-05-10 14:00:00+00:00,2.0,1.34,1.41,0.63,81.23
Antananarivo,Madagascar,-18.8792,47.5079,2026-05-10 15:00:00+00:00,1.0,2.23,4.25,0.8,37.26
Buenos Aires,Argentina,-34.6037,-58.3816,2026-05-10 15:00:00+00:00,,,,,
London,England,51.5074,-0.1278,2026-05-10 15:00:00+00:00,3.0,3.24,5.98,2.84,114.61
Madrid,Spain,40.4168,-3.7038,2026-05-10 15:00:00+00:00,2.0,0.5,0.55,0.15,84.95
Paris,France,48.8566,2.3522,2026-05-10 15:00:00+00:00,2.0,1.31,1.39,0.7,81.69
Antananarivo,Madagascar,-18.8792,47.5079,2026-05-10 16:00:00+00:00,1.0,2.67,5.15,1.03,32.99
Buenos Aires,Argentina,-34.6037,-58.3816,2026-05-10 16:00:00+00:00,,,,,
London,England,51.5074,-0.1278,2026-05-10 16:00:00+00:00,3.0,2.37,5.0,2.99,112.35
Madrid,Spain,40.4168,-3.7038,2026-05-10 16:00:00+00:00,2.0,0.5,0.6,0.15,87.79
Paris,France,48.8566,2.3522,2026-05-10 16:00:00+00:00,2.0,1.39,1.48,1.25,77.16
Antananarivo,Madagascar,-18.8792,47.5079,2026-05-10 17:00:00+00:00,1.0,3.28,6.38,1.23,29.16
Buenos Aires,Argentina,-34.6037,-58.3816,2026-05-10 17:00:00+00:00,,,,,
London,England,51.5074,-0.1278,2026-05-10 17:00:00+00:00,3.0,1.83,4.27,3.44,108.9
Madrid,Spain,40.4168,-3.7038,2026-05-10 17:00:00+00:00,2.0,0.51,0.69,0.17,90.15
Paris,France,48.8566,2.3522,2026-05-10 17:00:00+00:00,2.0,1.47,1.61,2.02,68.6
Antananarivo,Madagascar,-18.8792,47.5079,2026-05-10 18:00:00+00:00,1.0,3.89,7.53,1.38,26.11
Buenos Aires,Argentina,-34.6037,-58.3816,2026-05-10 18:00:00+00:00,,,,,
London,England,51.5074,-0.1278,2026-05-10 18:00:00+00:00,3.0,1.51,3.86,3.85,105.59
Madrid,Spain,40.4168,-3.7038,2026-05-10 18:00:00+00:00,2.0,0.51,0.8,0.2,92.72
Paris,France,48.8566,2.3522,2026-05-10 18:00:00+00:00,2.0,1.54,1.72,2.58,62.43
Antananarivo,Madagascar,-18.8792,47.5079,2026-05-10 19:00:00+00:00,1.0,4.45,8.49,1.5,22.96
Buenos Aires,Argentina,-34.6037,-58.3816,2026-05-10 19:00:00+00:00,,,,,
London,England,51.5074,-0.1278,2026-05-10 19:00:00+00:00,3.0,1.29,3.53,4.03,102.99
Madrid,Spain,40.4168,-3.7038,2026-05-10 19:00:00+00:00,2.0,0.51,0.93,0.27,92.86
Paris,France,48.8566,2.3522,2026-05-10 19:00:00+00:00,1.0,1.72,1.96,3.08,54.1
Antananarivo,Madagascar,-18.8792,47.5079,2026-05-10 20:00:00+00:00,1.0,4.89,9.12,1.58,20.16
Buenos Aires,Argentina,-34.6037,-58.3816,2026-05-10 20:00:00+00:00,,,,,
London,England,51.5074,-0.1278,2026-05-10 20:00:00+00:00,3.0,1.16,3.2,4.04,101.24
Madrid,Spain,40.4168,-3.7038,2026-05-10 20:00:00+00:00,2.0,0.52,1.1,0.36,90.95
Paris,France,48.8566,2.3522,2026-05-10 20:00:00+00:00,1.0,2.01,2.3,3.46,44.95
Antananarivo,Madagascar,-18.8792,47.5079,2026-05-10 21:00:00+00:00,1.0,4.88,8.77,1.54,18.03
Buenos Aires,Argentina,-34.6037,-58.3816,2026-05-10 21:00:00+00:00,,,,,
London,England,51.5074,-0.1278,2026-05-10 21:00:00+00:00,2.0,1.09,3.07,3.96,99.81
Madrid,Spain,40.4168,-3.7038,2026-05-10 21:00:00+00:00,2.0,0.53,1.31,0.42,89.7
Paris,France,48.8566,2.3522,2026-05-10 21:00:00+00:00,1.0,2.46,2.77,3.56,38.26
Antananarivo,Madagascar,-18.8792,47.5079,2026-05-10 22:00:00+00:00,1.0,4.69,8.15,1.45,16.43
Buenos Aires,Argentina,-34.6037,-58.3816,2026-05-10 22:00:00+00:00,,,,,
London,England,51.5074,-0.1278,2026-05-10 22:00:00+00:00,2.0,1.07,3.14,3.85,98.62
Madrid,Spain,40.4168,-3.7038,2026-05-10 22:00:00+00:00,2.0,0.55,1.52,0.46,87.97
Paris,France,48.8566,2.3522,2026-05-10 22:00:00+00:00,1.0,2.91,3.2,3.23,34.09
Antananarivo,Madagascar,-18.8792,47.5079,2026-05-10 23:00:00+00:00,1.0,4.47,7.6,1.35,15.93
Buenos Aires,Argentina,-34.6037,-58.3816,2026-05-10 23:00:00+00:00,,,,,
London,England,51.5074,-0.1278,2026-05-10 23:00:00+00:00,2.0,1.06,3.26,3.9,97.93
Madrid,Spain,40.4168,-3.7038,2026-05-10 23:00:00+00:00,2.0,0.59,1.74,0.45,87.82
Paris,France,48.8566,2.3522,2026-05-10 23:00:00+00:00,1.0,3.18,3.42,2.68,33.53
Antananarivo,Madagascar,-18.8792,47.5079,2026-05-11 00:00:00+00:00,1.0,4.18,7.04,1.24,16.56
Buenos Aires,Argentina,-34.6037,-58.3816,2026-05-11 00:00:00+00:00,,,,,
London,England,51.5074,-0.1278,2026-05-11 00:00:00+00:00,2.0,1.02,3.2,3.98,97.55
Madrid,Spain,40.4168,-3.7038,2026-05-11 00:00:00+00:00,2.0,0.63,1.98,0.43,88.72
Paris,France,48.8566,2.3522,2026-05-11 00:00:00+00:00,1.0,3.38,3.57,2.11,37.59
Antananarivo,Madagascar,-18.8792,47.5079,2026-05-11 01:00:00+00:00,,,,,
Buenos Aires,Argentina,-34.6037,-58.3816,2026-05-11 01:00:00+00:00,,,,,
London,England,51.5074,-0.1278,2026-05-11 01:00:00+00:00,,,,,
Madrid,Spain,40.4168,-3.7038,2026-05-11 01:00:00+00:00,,,,,
Paris,France,48.8566,2.3522,2026-05-11 01:00:00+00:00,,,,,
Antananarivo,Madagascar,-18.8792,47.5079,2026-05-11 02:00:00+00:00,,,,,
Buenos Aires,Argentina,-34.6037,-58.3816,2026-05-11 02:00:00+00:00,,,,,
London,England,51.5074,-0.1278,2026-05-11 02:00:00+00:00,,,,,
Madrid,Spain,40.4168,-3.7038,2026-05-11 02:00:00+00:00,,,,,
Paris,France,48.8566,2.3522,2026-05-11 02:00:00+00:00,,,,,
Antananarivo,Madagascar,-18.8792,47.5079,2026-05-11 03:00:00+00:00,,,,,
Buenos Aires,Argentina,-34.6037,-58.3816,2026-05-11 03:00:00+00:00,,,,,
London,England,51.5074,-0.1278,2026-05-11 03:00:00+00:00,,,,,
Madrid,Spain,40.4168,-3.7038,2026-05-11 03:00:00+00:00,,,,,
Paris,France,48.8566,2.3522,2026-05-11 03:00:00+00:00,,,,,
Antananarivo,Madagascar,-18.8792,47.5079,2026-05-11 04:00:00+00:00,,,,,
Buenos Aires,Argentina,-34.6037,-58.3816,2026-05-11 04:00:00+00:00,,,,,
London,England,51.5074,-0.1278,2026-05-11 04:00:00+00:00,,,,,
Madrid,Spain,40.4168,-3.7038,2026-05-11 04:00:00+00:00,,,,,
Paris,France,48.8566,2.3522,2026-05-11 04:00:00+00:00,,,,,
Antananarivo,Madagascar,-18.8792,47.5079,2026-05-11 05:00:00+00:00,,,,,
Buenos Aires,Argentina,-34.6037,-58.3816,2026-05-11 05:00:00+00:00,,,,,
London,England,51.5074,-0.1278,2026-05-11 05:00:00+00:00,,,,,
Madrid,Spain,40.4168,-3.7038,2026-05-11 05:00:00+00:00,,,,,
Paris,France,48.8566,2.3522,2026-05-11 05:00:00+00:00,,,,,
Antananarivo,Madagascar,-18.8792,47.5079,2026-05-11 06:00:00+00:00,,,,,
Buenos Aires,Argentina,-34.6037,-58.3816,2026-05-11 06:00:00+00:00,,,,,
London,England,51.5074,-0.1278,2026-05-11 06:00:00+00:00,,,,,
Madrid,Spain,40.4168,-3.7038,2026-05-11 06:00:00+00:00,,,,,
Paris,France,48.8566,2.3522,2026-05-11 06:00:00+00:00,,,,,
Antananarivo,Madagascar,-18.8792,47.5079,2026-05-11 07:00:00+00:00,,,,,
Buenos Aires,Argentina,-34.6037,-58.3816,2026-05-11 07:00:00+00:00,,,,,
London,England,51.5074,-0.1278,2026-05-11 07:00:00+00:00,,,,,
Madrid,Spain,40.4168,-3.7038,2026-05-11 07:00:00+00:00,,,,,
Paris,France,48.8566,2.3522,2026-05-11 07:00:00+00:00,,,,,
Antananarivo,Madagascar,-18.8792,47.5079,2026-05-11 08:00:00+00:00,,,,,
Buenos Aires,Argentina,-34.6037,-58.3816,2026-05-11 08:00:00+00:00,,,,,
London,England,51.5074,-0.1278,2026-05-11 08:00:00+00:00,,,,,
Madrid,Spain,40.4168,-3.7038,2026-05-11 08:00:00+00:00,,,,,
Paris,France,48.8566,2.3522,2026-05-11 08:00:00+00:00,,,,,
Antananarivo,Madagascar,-18.8792,47.5079,2026-05-11 09:00:00+00:00,,,,,
Buenos Aires,Argentina,-34.6037,-58.3816,2026-05-11 09:00:00+00:00,,,,,
London,England,51.5074,-0.1278,2026-05-11 09:00:00+00:00,,,,,
Madrid,Spain,40.4168,-3.7038,2026-05-11 09:00:00+00:00,,,,,
Paris,France,48.8566,2.3522,2026-05-11 09:00:00+00:00,,,,,
Antananarivo,Madagascar,-18.8792,47.5079,2026-05-11 10:00:00+00:00,,,,,
Buenos Aires,Argentina,-34.6037,-58.3816,2026-05-11 10:00:00+00:00,,,,,
London,England,51.5074,-0.1278,2026-05-11 10:00:00+00:00,,,,,
Madrid,Spain,40.4168,-3.7038,2026-05-11 10:00:00+00:00,,,,,
Paris,France,48.8566,2.3522,2026-05-11 10:00:00+00:00,,,,,
Antananarivo,Madagascar,-18.8792,47.5079,2026-05-11 11:00:00+00:00,,,,,
Buenos Aires,Argentina,-34.6037,-58.3816,2026-05-11 11:00:00+00:00,,,,,
London,England,51.5074,-0.1278,2026-05-11 11:00:00+00:00,,,,,
Madrid,Spain,40.4168,-3.7038,2026-05-11 11:00:00+00:00,,,,,
Paris,France,48.8566,2.3522,2026-05-11 11:00:00+00:00,,,,,
Antananarivo,Madagascar,-18.8792,47.5079,2026-05-11 12:00:00+00:00,,,,,
Buenos Aires,Argentina,-34.6037,-58.3816,2026-05-11 12:00:00+00:00,,,,,
London,England,51.5074,-0.1278,2026-05-11 12:00:00+00:00,,,,,
Madrid,Spain,40.4168,-3.7038,2026-05-11 12:00:00+00:00,,,,,
Paris,France,48.8566,2.3522,2026-05-11 12:00:00+00:00,,,,,
Antananarivo,Madagascar,-18.8792,47.5079,2026-05-11 13:00:00+00:00,,,,,
Buenos Aires,Argentina,-34.6037,-58.3816,2026-05-11 13:00:00+00:00,,,,,
London,England,51.5074,-0.1278,2026-05-11 13:00:00+00:00,,,,,
Madrid,Spain,40.4168,-3.7038,2026-05-11 13:00:00+00:00,,,,,
Paris,France,48.8566,2.3522,2026-05-11 13:00:00+00:00,,,,,
Antananarivo,Madagascar,-18.8792,47.5079,2026-05-11 14:00:00+00:00,,,,,
Buenos Aires,Argentina,-34.6037,-58.3816,2026-05-11 14:00:00+00:00,,,,,
London,England,51.5074,-0.1278,2026-05-11 14:00:00+00:00,,,,,
Madrid,Spain,40.4168,-3.7038,2026-05-11 14:00:00+00:00,,,,,
Paris,France,48.8566,2.3522,2026-05-11 14:00:00+00:00,,,,,
Antananarivo,Madagascar,-18.8792,47.5079,2026-05-11 15:00:00+00:00,,,,,
Buenos Aires,Argentina,-34.6037,-58.3816,2026-05-11 15:00:00+00:00,,,,,
London,England,51.5074,-0.1278,2026-05-11 15:00:00+00:00,,,,,
Madrid,Spain,40.4168,-3.7038,2026-05-11 15:00:00+00:00,,,,,
Paris,France,48.8566,2.3522,2026-05-11 15:00:00+00:00,,,,,
Antananarivo,Madagascar,-18.8792,47.5079,2026-05-11 16:00:00+00:00,,,,,
Buenos Aires,Argentina,-34.6037,-58.3816,2026-05-11 16:00:00+00:00,,,,,
London,England,51.5074,-0.1278,2026-05-11 16:00:00+00:00,,,,,
Madrid,Spain,40.4168,-3.7038,2026-05-11 16:00:00+00:00,,,,,
Paris,France,48.8566,2.3522,2026-05-11 16:00:00+00:00,,,,,
Antananarivo,Madagascar,-18.8792,47.5079,2026-05-11 17:00:00+00:00,,,,,
Buenos Aires,Argentina,-34.6037,-58.3816,2026-05-11 17:00:00+00:00,,,,,
London,England,51.5074,-0.1278,2026-05-11 17:00:00+00:00,,,,,
Madrid,Spain,40.4168,-3.7038,2026-05-11 17:00:00+00:00,,,,,
Paris,France,48.8566,2.3522,2026-05-11 17:00:00+00:00,,,,,
Antananarivo,Madagascar,-18.8792,47.5079,2026-05-11 18:00:00+00:00,,,,,
Buenos Aires,Argentina,-34.6037,-58.3816,2026-05-11 18:00:00+00:00,,,,,
London,England,51.5074,-0.1278,2026-05-11 18:00:00+00:00,,,,,
Madrid,Spain,40.4168,-3.7038,2026-05-11 18:00:00+00:00,,,,,
Paris,France,48.8566,2.3522,2026-05-11 18:00:00+00:00,,,,,
Antananarivo,Madagascar,-18.8792,47.5079,2026-05-11 19:00:00+00:00,,,,,
Buenos Aires,Argentina,-34.6037,-58.3816,2026-05-11 19:00:00+00:00,,,,,
London,England,51.5074,-0.1278,2026-05-11 19:00:00+00:00,,,,,
Madrid,Spain,40.4168,-3.7038,2026-05-11 19:00:00+00:00,,,,,
Paris,France,48.8566,2.3522,2026-05-11 19:00:00+00:00,,,,,
Antananarivo,Madagascar,-18.8792,47.5079,2026-05-11 20:00:00+00:00,,,,,
Buenos Aires,Argentina,-34.6037,-58.3816,2026-05-11 20:00:00+00:00,,,,,
London,England,51.5074,-0.1278,2026-05-11 20:00:00+00:00,,,,,
Madrid,Spain,40.4168,-3.7038,2026-05-11 20:00:00+00:00,,,,,
Paris,France,48.8566,2.3522,2026-05-11 20:00:00+00:00,,,,,
Antananarivo,Madagascar,-18.8792,47.5079,2026-05-11 21:00:00+00:00,,,,,
Buenos Aires,Argentina,-34.6037,-58.3816,2026-05-11 21:00:00+00:00,,,,,
London,England,51.5074,-0.1278,2026-05-11 21:00:00+00:00,,,,,
Madrid,Spain,40.4168,-3.7038,2026-05-11 21:00:00+00:00,,,,,
Paris,France,48.8566,2.3522,2026-05-11 21:00:00+00:00,,,,,
Antananarivo,Madagascar,-18.8792,47.5079,2026-05-11 22:00:00+00:00,,,,,
Buenos Aires,Argentina,-34.6037,-58.3816,2026-05-11 22:00:00+00:00,,,,,
London,England,51.5074,-0.1278,2026-05-11 22:00:00+00:00,,,,,
Madrid,Spain,40.4168,-3.7038,2026-05-11 22:00:00+00:00,,,,,
Paris,France,48.8566,2.3522,2026-05-11 22:00:00+00:00,,,,,
Antananarivo,Madagascar,-18.8792,47.5079,2026-05-11 23:00:00+00:00,,,,,
Buenos Aires,Argentina,-34.6037,-58.3816,2026-05-11 23:00:00+00:00,,,,,
London,England,51.5074,-0.1278,2026-05-11 23:00:00+00:00,,,,,
Madrid,Spain,40.4168,-3.7038,2026-05-11 23:00:00+00:00,,,,,
Paris,France,48.8566,2.3522,2026-05-11 23:00:00+00:00,,,,,
Antananarivo,Madagascar,-18.8792,47.5079,2026-05-12 00:00:00+00:00,1.0,3.74,5.84,1.13,16.62
Buenos Aires,Argentina,-34.6037,-58.3816,2026-05-12 00:00:00+00:00,1.0,8.41,18.88,1.93,48.33
London,England,51.5074,-0.1278,2026-05-12 00:00:00+00:00,2.0,1.11,1.87,5.28,96.75
Madrid,Spain,40.4168,-3.7038,2026-05-12 00:00:00+00:00,2.0,0.76,1.81,0.89,65.81
Paris,France,48.8566,2.3522,2026-05-12 00:00:00+00:00,1.0,1.79,2.4,1.77,50.6
Antananarivo,Madagascar,-18.8792,47.5079,2026-05-12 01:00:00+00:00,1.0,3.74,5.84,1.13,16.62
Buenos Aires,Argentina,-34.6037,-58.3816,2026-05-12 01:00:00+00:00,1.0,8.41,18.88,1.93,48.33
London,England,51.5074,-0.1278,2026-05-12 01:00:00+00:00,2.0,1.11,1.87,5.28,96.75
Madrid,Spain,40.4168,-3.7038,2026-05-12 01:00:00+00:00,2.0,0.76,1.81,0.89,65.81
Paris,France,48.8566,2.3522,2026-05-12 01:00:00+00:00,1.0,1.79,2.4,1.77,50.6
Antananarivo,Madagascar,-18.8792,47.5079,2026-05-12 02:00:00+00:00,1.0,3.32,5.02,1.0,16.9
Buenos Aires,Argentina,-34.6037,-58.3816,2026-05-12 02:00:00+00:00,2.0,10.1,21.3,1.82,50.9
London,England,51.5074,-0.1278,2026-05-12 02:00:00+00:00,2.0,1.23,1.98,5.13,97.08
Madrid,Spain,40.4168,-3.7038,2026-05-12 02:00:00+00:00,2.0,0.79,1.86,0.84,62.54
Paris,France,48.8566,2.3522,2026-05-12 02:00:00+00:00,1.0,1.88,2.48,1.7,47.59
Antananarivo,Madagascar,-18.8792,47.5079,2026-05-12 03:00:00+00:00,1.0,3.03,4.51,0.92,17.57
Buenos Aires,Argentina,-34.6037,-58.3816,2026-05-12 03:00:00+00:00,2.0,11.49,22.72,1.71,53.42
London,England,51.5074,-0.1278,2026-05-12 03:00:00+00:00,2.0,1.44,2.16,5.13,96.05
Madrid,Spain,40.4168,-3.7038,2026-05-12 03:00:00+00:00,2.0,0.81,1.92,0.81,61.73
Paris,France,48.8566,2.3522,2026-05-12 03:00:00+00:00,1.0,2.05,2.62,1.78,47.8
Antananarivo,Madagascar,-18.8792,47.5079,2026-05-12 04:00:00+00:00,1.0,2.63,4.16,0.81,19.41
Buenos Aires,Argentina,-34.6037,-58.3816,2026-05-12 04:00:00+00:00,2.0,12.36,23.04,1.66,55.14
London,England,51.5074,-0.1278,2026-05-12 04:00:00+00:00,2.0,1.68,2.33,5.23,93.98
Madrid,Spain,40.4168,-3.7038,2026-05-12 04:00:00+00:00,2.0,0.83,1.97,0.77,61.77
Paris,France,48.8566,2.3522,2026-05-12 04:00:00+00:00,1.0,2.37,2.94,2.03,51.46
Antananarivo,Madagascar,-18.8792,47.5079,2026-05-12 05:00:00+00:00,1.0,2.47,4.31,0.59,20.55
Buenos Aires,Argentina,-34.6037,-58.3816,2026-05-12 05:00:00+00:00,2.0,12.6,22.4,1.67,55.04
London,England,51.5074,-0.1278,2026-05-12 05:00:00+00:00,2.0,2.11,2.68,5.34,91.52
Madrid,Spain,40.4168,-3.7038,2026-05-12 05:00:00+00:00,2.0,0.85,1.99,0.82,60.43
Paris,France,48.8566,2.3522,2026-05-12 05:00:00+00:00,1.0,2.56,3.17,2.51,53.05
Antananarivo,Madagascar,-18.8792,47.5079,2026-05-12 06:00:00+00:00,1.0,2.51,4.54,0.4,23.58
Buenos Aires,Argentina,-34.6037,-58.3816,2026-05-12 06:00:00+00:00,2.0,12.33,21.36,1.66,54.02
London,England,51.5074,-0.1278,2026-05-12 06:00:00+00:00,2.0,2.58,3.07,5.73,89.7
Madrid,Spain,40.4168,-3.7038,2026-05-12 06:00:00+00:00,2.0,0.87,2.05,0.87,61.7
Paris,France,48.8566,2.3522,2026-05-12 06:00:00+00:00,1.0,2.76,3.39,3.24,55.36
Antananarivo,Madagascar,-18.8792,47.5079,2026-05-12 07:00:00+00:00,1.0,1.4,2.65,0.17,32.87
Buenos Aires,Argentina,-34.6037,-58.3816,2026-05-12 07:00:00+00:00,2.0,11.85,20.23,1.61,52.43
London,England,51.5074,-0.1278,2026-05-12 07:00:00+00:00,2.0,3.0,3.47,5.58,88.62
Madrid,Spain,40.4168,-3.7038,2026-05-12 07:00:00+00:00,2.0,0.84,2.1,0.66,70.64
Paris,France,48.8566,2.3522,2026-05-12 07:00:00+00:00,2.0,3.44,4.01,3.07,65.44
Antananarivo,Madagascar,-18.8792,47.5079,2026-05-12 08:00:00+00:00,1.0,1.34,2.46,0.11,34.43
Buenos Aires,Argentina,-34.6037,-58.3816,2026-05-12 08:00:00+00:00,2.0,11.41,19.3,1.56,50.71
London,England,51.5074,-0.1278,2026-05-12 08:00:00+00:00,2.0,3.42,3.89,5.35,87.48
Madrid,Spain,40.4168,-3.7038,2026-05-12 08:00:00+00:00,2.0,0.8,2.01,0.52,72.61
Paris,France,48.8566,2.3522,2026-05-12 08:00:00+00:00,2.0,3.36,3.9,2.76,68.98
Antananarivo,Madagascar,-18.8792,47.5079,2026-05-12 09:00:00+00:00,1.0,1.47,2.58,0.1,34.62
Buenos Aires,Argentina,-34.6037,-58.3816,2026-05-12 09:00:00+00:00,2.0,11.08,18.62,1.54,48.97
London,England,51.5074,-0.1278,2026-05-12 09:00:00+00:00,2.0,4.0,4.46,5.19,87.46
Madrid,Spain,40.4168,-3.7038,2026-05-12 09:00:00+00:00,2.0,0.75,1.83,0.4,74.3
Paris,France,48.8566,2.3522,2026-05-12 09:00:00+00:00,2.0,3.15,3.68,2.4,71.0
Antananarivo,Madagascar,-18.8792,47.5079,2026-05-12 10:00:00+00:00,1.0,1.4,2.29,0.09,38.01
Buenos Aires,Argentina,-34.6037,-58.3816,2026-05-12 10:00:00+00:00,2.0,10.8,18.08,1.61,46.94
London,England,51.5074,-0.1278,2026-05-12 10:00:00+00:00,2.0,5.03,5.52,5.09,89.84
Madrid,Spain,40.4168,-3.7038,2026-05-12 10:00:00+00:00,2.0,0.54,1.12,0.21,89.59
Paris,France,48.8566,2.3522,2026-05-12 10:00:00+00:00,2.0,2.31,2.73,1.74,77.87
Antananarivo,Madagascar,-18.8792,47.5079,2026-05-12 11:00:00+00:00,1.0,1.44,2.24,0.09,40.2
Buenos Aires,Argentina,-34.6037,-58.3816,2026-05-12 11:00:00+00:00,2.0,10.66,17.84,1.76,44.86
London,England,51.5074,-0.1278,2026-05-12 11:00:00+00:00,2.0,6.43,6.98,5.17,95.66
Madrid,Spain,40.4168,-3.7038,2026-05-12 11:00:00+00:00,2.0,0.5,0.71,0.15,94.09
Paris,France,48.8566,2.3522,2026-05-12 11:00:00+00:00,2.0,1.47,1.81,1.2,82.9
Antananarivo,Madagascar,-18.8792,47.5079,2026-05-12 12:00:00+00:00,1.0,1.53,2.36,0.11,40.71
Buenos Aires,Argentina,-34.6037,-58.3816,2026-05-12 12:00:00+00:00,2.0,10.59,17.74,1.79,43.0
London,England,51.5074,-0.1278,2026-05-12 12:00:00+00:00,3.0,7.73,8.34,4.93,104.76
Madrid,Spain,40.4168,-3.7038,2026-05-12 12:00:00+00:00,2.0,0.5,0.58,0.13,93.39
Paris,France,48.8566,2.3522,2026-05-12 12:00:00+00:00,2.0,1.44,1.72,0.88,85.38
Antananarivo,Madagascar,-18.8792,47.5079,2026-05-12 13:00:00+00:00,1.0,1.83,2.93,0.23,38.57
Buenos Aires,Argentina,-34.6037,-58.3816,2026-05-12 13:00:00+00:00,2.0,10.49,17.68,1.4,42.01
London,England,51.5074,-0.1278,2026-05-12 13:00:00+00:00,3.0,8.08,8.75,4.32,114.93
Madrid,Spain,40.4168,-3.7038,2026-05-12 13:00:00+00:00,2.0,0.5,0.5,0.12,92.5
Paris,France,48.8566,2.3522,2026-05-12 13:00:00+00:00,2.0,1.55,1.8,0.69,87.81
Antananarivo,Madagascar,-18.8792,47.5079,2026-05-12 14:00:00+00:00,1.0,2.33,3.93,0.52,34.89
Buenos Aires,Argentina,-34.6037,-58.3816,2026-05-12 14:00:00+00:00,2.0,10.61,18.02,1.07,42.91
London,England,51.5074,-0.1278,2026-05-12 14:00:00+00:00,3.0,7.07,7.88,3.99,119.59
Madrid,Spain,40.4168,-3.7038,2026-05-12 14:00:00+00:00,2.0,0.5,0.5,0.12,90.33
Paris,France,48.8566,2.3522,2026-05-12 14:00:00+00:00,2.0,1.63,1.87,0.63,88.39
Antananarivo,Madagascar,-18.8792,47.5079,2026-05-12 15:00:00+00:00,1.0,2.84,4.98,0.92,31.78
Buenos Aires,Argentina,-34.6037,-58.3816,2026-05-12 15:00:00+00:00,2.0,11.15,19.28,0.8,46.08
London,England,51.5074,-0.1278,2026-05-12 15:00:00+00:00,3.0,6.04,7.11,3.87,117.15
Madrid,Spain,40.4168,-3.7038,2026-05-12 15:00:00+00:00,2.0,0.5,0.5,0.13,87.97
Paris,France,48.8566,2.3522,2026-05-12 15:00:00+00:00,2.0,1.61,1.82,0.67,88.49
Antananarivo,Madagascar,-18.8792,47.5079,2026-05-12 16:00:00+00:00,1.0,3.53,6.51,1.25,27.8
Buenos Aires,Argentina,-34.6037,-58.3816,2026-05-12 16:00:00+00:00,2.0,11.8,21.99,0.58,50.97
London,England,51.5074,-0.1278,2026-05-12 16:00:00+00:00,3.0,4.97,6.32,3.98,111.81
Madrid,Spain,40.4168,-3.7038,2026-05-12 16:00:00+00:00,2.0,0.5,0.5,0.15,86.72
Paris,France,48.8566,2.3522,2026-05-12 16:00:00+00:00,2.0,1.56,1.78,0.82,88.24
Antananarivo,Madagascar,-18.8792,47.5079,2026-05-12 17:00:00+00:00,1.0,4.55,8.7,1.59,23.69
Buenos Aires,Argentina,-34.6037,-58.3816,2026-05-12 17:00:00+00:00,2.0,12.19,23.71,0.47,52.28
London,England,51.5074,-0.1278,2026-05-12 17:00:00+00:00,3.0,3.27,4.69,4.36,105.35
Madrid,Spain,40.4168,-3.7038,2026-05-12 17:00:00+00:00,2.0,0.5,0.5,0.17,85.61
Paris,France,48.8566,2.3522,2026-05-12 17:00:00+00:00,2.0,1.54,1.77,1.04,86.3
Antananarivo,Madagascar,-18.8792,47.5079,2026-05-12 18:00:00+00:00,1.0,5.61,10.66,1.84,20.24
Buenos Aires,Argentina,-34.6037,-58.3816,2026-05-12 18:00:00+00:00,2.0,12.11,24.49,0.44,52.29
London,England,51.5074,-0.1278,2026-05-12 18:00:00+00:00,2.0,1.95,3.22,4.85,98.82
Madrid,Spain,40.4168,-3.7038,2026-05-12 18:00:00+00:00,2.0,0.5,0.5,0.21,84.94
Paris,France,48.8566,2.3522,2026-05-12 18:00:00+00:00,2.0,1.5,1.74,1.21,84.99
Antananarivo,Madagascar,-18.8792,47.5079,2026-05-12 19:00:00+00:00,1.0,6.43,11.87,1.98,17.52
Buenos Aires,Argentina,-34.6037,-58.3816,2026-05-12 19:00:00+00:00,2.0,11.51,24.38,0.59,48.46
London,England,51.5074,-0.1278,2026-05-12 19:00:00+00:00,2.0,1.35,2.38,5.05,95.0
Madrid,Spain,40.4168,-3.7038,2026-05-12 19:00:00+00:00,2.0,0.5,0.51,0.3,82.38
Paris,France,48.8566,2.3522,2026-05-12 19:00:00+00:00,2.0,1.55,1.87,1.86,75.54
Antananarivo,Madagascar,-18.8792,47.5079,2026-05-12 20:00:00+00:00,1.0,6.86,12.28,2.0,16.06
Buenos Aires,Argentina,-34.6037,-58.3816,2026-05-12 20:00:00+00:00,2.0,10.97,23.12,1.06,41.53
London,England,51.5074,-0.1278,2026-05-12 20:00:00+00:00,2.0,1.26,2.17,5.27,92.36
Madrid,Spain,40.4168,-3.7038,2026-05-12 20:00:00+00:00,2.0,0.5,0.54,0.4,78.83
Paris,France,48.8566,2.3522,2026-05-12 20:00:00+00:00,2.0,1.69,2.14,2.69,61.96
Antananarivo,Madagascar,-18.8792,47.5079,2026-05-12 21:00:00+00:00,1.0,6.66,11.48,1.87,15.67
Buenos Aires,Argentina,-34.6037,-58.3816,2026-05-12 21:00:00+00:00,2.0,10.21,21.29,1.77,36.16
London,England,51.5074,-0.1278,2026-05-12 21:00:00+00:00,2.0,1.3,2.19,5.21,91.24
Madrid,Spain,40.4168,-3.7038,2026-05-12 21:00:00+00:00,2.0,0.5,0.58,0.46,76.58
Paris,France,48.8566,2.3522,2026-05-12 21:00:00+00:00,1.0,1.8,2.35,3.33,52.03
Antananarivo,Madagascar,-18.8792,47.5079,2026-05-12 22:00:00+00:00,1.0,6.14,10.21,1.66,15.81
Buenos Aires,Argentina,-34.6037,-58.3816,2026-05-12 22:00:00+00:00,1.0,9.1,18.72,2.07,32.66
London,England,51.5074,-0.1278,2026-05-12 22:00:00+00:00,2.0,1.28,2.27,4.42,93.47
Madrid,Spain,40.4168,-3.7038,2026-05-12 22:00:00+00:00,2.0,0.5,0.64,0.5,72.88
Paris,France,48.8566,2.3522,2026-05-12 22:00:00+00:00,1.0,1.85,2.45,3.57,44.62
Antananarivo,Madagascar,-18.8792,47.5079,2026-05-12 23:00:00+00:00,1.0,5.79,9.3,1.51,15.38
Buenos Aires,Argentina,-34.6037,-58.3816,2026-05-12 23:00:00+00:00,1.0,7.72,15.63,1.91,31.36
London,England,51.5074,-0.1278,2026-05-12 23:00:00+00:00,2.0,1.25,2.56,3.78,95.36
Madrid,Spain,40.4168,-3.7038,2026-05-12 23:00:00+00:00,2.0,0.5,0.69,0.53,69.21
Paris,France,48.8566,2.3522,2026-05-12 23:00:00+00:00,1.0,1.87,2.47,3.26,39.09
Antananarivo,Madagascar,-18.8792,47.5079,2026-05-13 00:00:00+00:00,1.0,5.49,8.55,1.37,15.19
Buenos Aires,Argentina,-34.6037,-58.3816,2026-05-13 00:00:00+00:00,1.0,6.0,12.28,1.5,33.15
London,England,51.5074,-0.1278,2026-05-13 00:00:00+00:00,2.0,1.24,2.92,3.4,96.13
Madrid,Spain,40.4168,-3.7038,2026-05-13 00:00:00+00:00,2.0,0.5,0.74,0.54,65.76
Paris,France,48.8566,2.3522,2026-05-13 00:00:00+00:00,1.0,1.85,2.46,2.76,37.71
Antananarivo,Madagascar,-18.8792,47.5079,2026-05-13 01:00:00+00:00,1.0,5.08,7.84,1.22,16.02
Buenos Aires,Argentina,-34.6037,-58.3816,2026-05-13 01:00:00+00:00,1.0,3.87,8.91,0.94,37.24
London,England,51.5074,-0.1278,2026-05-13 01:00:00+00:00,2.0,1.26,3.44,2.99,95.35
Madrid,Spain,40.4168,-3.7038,2026-05-13 01:00:00+00:00,2.0,0.5,0.81,0.54,62.44
Paris,France,48.8566,2.3522,2026-05-13 01:00:00+00:00,1.0,1.71,2.3,1.85,50.85
Antananarivo,Madagascar,-18.8792,47.5079,2026-05-13 02:00:00+00:00,1.0,4.75,7.42,1.13,17.09
Buenos Aires,Argentina,-34.6037,-58.3816,2026-05-13 02:00:00+00:00,1.0,2.94,7.03,0.91,36.01
London,England,51.5074,-0.1278,2026-05-13 02:00:00+00:00,2.0,1.48,4.58,2.55,93.74
Madrid,Spain,40.4168,-3.7038,2026-05-13 02:00:00+00:00,2.0,0.5,0.93,0.54,60.58
Paris,France,48.8566,2.3522,2026-05-13 02:00:00+00:00,1.0,1.59,2.18,1.41,57.3
Antananarivo,Madagascar,-18.8792,47.5079,2026-05-13 03:00:00+00:00,1.0,4.57,7.35,1.11,18.37
Buenos Aires,Argentina,-34.6037,-58.3816,2026-05-13 03:00:00+00:00,1.0,2.32,5.85,0.89,35.06
London,England,51.5074,-0.1278,2026-05-13 03:00:00+00:00,2.0,1.87,6.12,2.22,91.74
Madrid,Spain,40.4168,-3.7038,2026-05-13 03:00:00+00:00,2.0,0.5,1.09,0.54,60.12
Paris,France,48.8566,2.3522,2026-05-13 03:00:00+00:00,2.0,1.5,2.1,1.15,62.07
Antananarivo,Madagascar,-18.8792,47.5079,2026-05-13 04:00:00+00:00,1.0,4.61,8.03,1.18,20.33
Buenos Aires,Argentina,-34.6037,-58.3816,2026-05-13 04:00:00+00:00,1.0,1.88,5.05,0.84,33.93
London,England,51.5074,-0.1278,2026-05-13 04:00:00+00:00,2.0,2.04,6.41,2.1,89.81
Madrid,Spain,40.4168,-3.7038,2026-05-13 04:00:00+00:00,1.0,0.54,1.27,0.55,59.75
Paris,France,48.8566,2.3522,2026-05-13 04:00:00+00:00,2.0,1.57,2.21,1.03,65.14
Antananarivo,Madagascar,-18.8792,47.5079,2026-05-13 05:00:00+00:00,1.0,4.77,8.87,0.95,23.53
Buenos Aires,Argentina,-34.6037,-58.3816,2026-05-13 05:00:00+00:00,1.0,1.61,4.59,0.81,33.36
London,England,51.5074,-0.1278,2026-05-13 05:00:00+00:00,2.0,1.93,5.78,2.06,87.57
Madrid,Spain,40.4168,-3.7038,2026-05-13 05:00:00+00:00,1.0,0.61,1.5,0.66,57.87
Paris,France,48.8566,2.3522,2026-05-13 05:00:00+00:00,2.0,1.49,2.27,1.28,64.08
Antananarivo,Madagascar,-18.8792,47.5079,2026-05-13 06:00:00+00:00,1.0,5.25,9.58,0.71,30.61
Buenos Aires,Argentina,-34.6037,-58.3816,2026-05-13 06:00:00+00:00,1.0,1.42,4.29,0.78,33.02
London,England,51.5074,-0.1278,2026-05-13 06:00:00+00:00,2.0,1.78,5.14,1.99,85.57
Madrid,Spain,40.4168,-3.7038,2026-05-13 06:00:00+00:00,1.0,0.79,1.79,0.88,55.61
Paris,France,48.8566,2.3522,2026-05-13 06:00:00+00:00,2.0,1.48,2.45,1.76,62.98
Antananarivo,Madagascar,-18.8792,47.5079,2026-05-13 07:00:00+00:00,1.0,1.63,3.45,0.19,52.07
Buenos Aires,Argentina,-34.6037,-58.3816,2026-05-13 07:00:00+00:00,1.0,1.31,4.04,0.79,32.01
London,England,51.5074,-0.1278,2026-05-13 07:00:00+00:00,2.0,1.61,4.3,1.84,84.52
Madrid,Spain,40.4168,-3.7038,2026-05-13 07:00:00+00:00,1.0,0.83,1.95,0.92,54.28
Paris,France,48.8566,2.3522,2026-05-13 07:00:00+00:00,2.0,1.43,2.52,1.92,67.09
Antananarivo,Madagascar,-18.8792,47.5079,2026-05-13 08:00:00+00:00,1.0,1.34,2.8,0.12,55.48
Buenos Aires,Argentina,-34.6037,-58.3816,2026-05-13 08:00:00+00:00,1.0,1.28,3.9,0.85,30.47
London,England,51.5074,-0.1278,2026-05-13 08:00:00+00:00,2.0,1.41,3.35,1.74,84.59
Madrid,Spain,40.4168,-3.7038,2026-05-13 08:00:00+00:00,1.0,0.73,1.96,0.81,55.48
Paris,France,48.8566,2.3522,2026-05-13 08:00:00+00:00,2.0,1.24,2.25,1.9,68.11
Antananarivo,Madagascar,-18.8792,47.5079,2026-05-13 09:00:00+00:00,1.0,1.45,2.87,0.1,55.55
Buenos Aires,Argentina,-34.6037,-58.3816,2026-05-13 09:00:00+00:00,1.0,1.29,3.84,0.96,28.9
London,England,51.5074,-0.1278,2026-05-13 09:00:00+00:00,2.0,1.22,2.57,1.67,84.9
Madrid,Spain,40.4168,-3.7038,2026-05-13 09:00:00+00:00,2.0,0.78,2.0,0.64,61.53
Paris,France,48.8566,2.3522,2026-05-13 09:00:00+00:00,2.0,1.29,2.28,1.75,67.79
Antananarivo,Madagascar,-18.8792,47.5079,2026-05-13 10:00:00+00:00,1.0,1.41,2.59,0.09,58.33
Buenos Aires,Argentina,-34.6037,-58.3816,2026-05-13 10:00:00+00:00,1.0,1.31,3.82,1.19,27.23
London,England,51.5074,-0.1278,2026-05-13 10:00:00+00:00,2.0,1.09,2.15,1.52,86.28
Madrid,Spain,40.4168,-3.7038,2026-05-13 10:00:00+00:00,2.0,0.55,1.17,0.33,83.64
Paris,France,48.8566,2.3522,2026-05-13 10:00:00+00:00,2.0,1.23,2.21,1.15,82.28
Antananarivo,Madagascar,-18.8792,47.5079,2026-05-13 11:00:00+00:00,1.0,1.4,2.43,0.09,59.25
Buenos Aires,Argentina,-34.6037,-58.3816,2026-05-13 11:00:00+00:00,1.0,1.31,3.86,1.53,25.96
London,England,51.5074,-0.1278,2026-05-13 11:00:00+00:00,2.0,1.0,1.95,1.32,87.93
Madrid,Spain,40.4168,-3.7038,2026-05-13 11:00:00+00:00,2.0,0.5,0.8,0.23,87.42
Paris,France,48.8566,2.3522,2026-05-13 11:00:00+00:00,2.0,1.24,2.28,0.78,90.16
Antananarivo,Madagascar,-18.8792,47.5079,2026-05-13 12:00:00+00:00,1.0,1.44,2.47,0.11,58.41
Buenos Aires,Argentina,-34.6037,-58.3816,2026-05-13 12:00:00+00:00,1.0,1.31,3.96,1.52,25.64
London,England,51.5074,-0.1278,2026-05-13 12:00:00+00:00,2.0,0.88,1.76,1.17,88.79
Madrid,Spain,40.4168,-3.7038,2026-05-13 12:00:00+00:00,2.0,0.5,0.71,0.19,87.69
Paris,France,48.8566,2.3522,2026-05-13 12:00:00+00:00,2.0,1.44,2.7,0.67,90.68
Antananarivo,Madagascar,-18.8792,47.5079,2026-05-13 13:00:00+00:00,1.0,1.75,3.12,0.25,53.61
Buenos Aires,Argentina,-34.6037,-58.3816,2026-05-13 13:00:00+00:00,1.0,1.29,4.07,1.05,26.07
London,England,51.5074,-0.1278,2026-05-13 13:00:00+00:00,2.0,0.72,1.52,1.09,89.06
Madrid,Spain,40.4168,-3.7038,2026-05-13 13:00:00+00:00,2.0,0.5,0.69,0.17,88.52
Paris,France,48.8566,2.3522,2026-05-13 13:00:00+00:00,2.0,1.61,3.14,0.65,90.93
Antananarivo,Madagascar,-18.8792,47.5079,2026-05-13 14:00:00+00:00,1.0,2.28,4.19,0.56,47.4
Buenos Aires,Argentina,-34.6037,-58.3816,2026-05-13 14:00:00+00:00,1.0,1.3,4.2,0.81,26.26
London,England,51.5074,-0.1278,2026-05-13 14:00:00+00:00,2.0,0.57,1.31,1.11,89.36
Madrid,Spain,40.4168,-3.7038,2026-05-13 14:00:00+00:00,2.0,0.5,0.68,0.16,88.21
Paris,France,48.8566,2.3522,2026-05-13 14:00:00+00:00,2.0,1.76,3.65,0.7,90.51
Antananarivo,Madagascar,-18.8792,47.5079,2026-05-13 15:00:00+00:00,1.0,2.77,5.23,0.98,42.44
Buenos Aires,Argentina,-34.6037,-58.3816,2026-05-13 15:00:00+00:00,1.0,1.38,4.46,0.68,29.29
London,England,51.5074,-0.1278,2026-05-13 15:00:00+00:00,2.0,0.5,1.22,1.18,90.22
Madrid,Spain,40.4168,-3.7038,2026-05-13 15:00:00+00:00,2.0,0.5,0.69,0.17,87.71
Paris,France,48.8566,2.3522,2026-05-13 15:00:00+00:00,2.0,1.92,4.16,0.8,89.55
Antananarivo,Madagascar,-18.8792,47.5079,2026-05-13 16:00:00+00:00,1.0,3.4,6.62,1.29,36.99
Buenos Aires,Argentina,-34.6037,-58.3816,2026-05-13 16:00:00+00:00,1.0,0.82,3.05,0.29,48.56
London,England,51.5074,-0.1278,2026-05-13 16:00:00+00:00,2.0,0.5,1.18,1.31,91.29
Madrid,Spain,40.4168,-3.7038,2026-05-13 16:00:00+00:00,2.0,0.5,0.72,0.2,87.59
Paris,France,48.8566,2.3522,2026-05-13 16:00:00+00:00,2.0,1.98,3.71,0.92,88.57
Antananarivo,Madagascar,-18.8792,47.5079,2026-05-13 17:00:00+00:00,1.0,4.25,8.33,1.57,32.12
Buenos Aires,Argentina,-34.6037,-58.3816,2026-05-13 17:00:00+00:00,1.0,0.7,2.55,0.21,50.94
London,England,51.5074,-0.1278,2026-05-13 17:00:00+00:00,2.0,0.5,1.11,1.54,91.48
Madrid,Spain,40.4168,-3.7038,2026-05-13 17:00:00+00:00,2.0,0.5,0.76,0.25,86.31
Paris,France,48.8566,2.3522,2026-05-13 17:00:00+00:00,2.0,1.92,2.96,0.97,86.87
Antananarivo,Madagascar,-18.8792,47.5079,2026-05-13 18:00:00+00:00,1.0,4.92,9.55,1.73,28.74
Buenos Aires,Argentina,-34.6037,-58.3816,2026-05-13 18:00:00+00:00,1.0,0.71,2.54,0.22,50.68
London,England,51.5074,-0.1278,2026-05-13 18:00:00+00:00,2.0,0.5,1.03,1.87,90.97
Madrid,Spain,40.4168,-3.7038,2026-05-13 18:00:00+00:00,2.0,0.5,0.8,0.3,85.03
Paris,France,48.8566,2.3522,2026-05-13 18:00:00+00:00,2.0,1.8,2.45,1.0,85.0
Antananarivo,Madagascar,-18.8792,47.5079,2026-05-13 19:00:00+00:00,1.0,5.28,9.96,1.76,25.85
Buenos Aires,Argentina,-34.6037,-58.3816,2026-05-13 19:00:00+00:00,1.0,0.77,2.57,0.47,46.39
London,England,51.5074,-0.1278,2026-05-13 19:00:00+00:00,2.0,0.5,0.94,2.25,89.82
Madrid,Spain,40.4168,-3.7038,2026-05-13 19:00:00+00:00,2.0,0.5,0.83,0.41,81.9
Paris,France,48.8566,2.3522,2026-05-13 19:00:00+00:00,2.0,1.63,2.08,1.03,81.71
Antananarivo,Madagascar,-18.8792,47.5079,2026-05-13 20:00:00+00:00,1.0,5.67,10.35,1.82,22.66
Buenos Aires,Argentina,-34.6037,-58.3816,2026-05-13 20:00:00+00:00,1.0,0.85,2.67,1.1,39.57
London,England,51.5074,-0.1278,2026-05-13 20:00:00+00:00,2.0,0.5,0.88,2.49,88.65
Madrid,Spain,40.4168,-3.7038,2026-05-13 20:00:00+00:00,2.0,0.5,0.88,0.53,77.43
Paris,France,48.8566,2.3522,2026-05-13 20:00:00+00:00,2.0,1.49,1.86,1.07,78.01
Antananarivo,Madagascar,-18.8792,47.5079,2026-05-13 21:00:00+00:00,1.0,5.53,9.72,1.76,20.17
Buenos Aires,Argentina,-34.6037,-58.3816,2026-05-13 21:00:00+00:00,1.0,0.94,2.82,1.8,34.83
London,England,51.5074,-0.1278,2026-05-13 21:00:00+00:00,2.0,0.5,0.83,2.54,88.18
Madrid,Spain,40.4168,-3.7038,2026-05-13 21:00:00+00:00,2.0,0.5,0.91,0.6,73.98
Paris,France,48.8566,2.3522,2026-05-13 21:00:00+00:00,2.0,1.39,1.73,1.17,74.61
Antananarivo,Madagascar,-18.8792,47.5079,2026-05-13 22:00:00+00:00,1.0,5.18,8.82,1.62,18.88
Buenos Aires,Argentina,-34.6037,-58.3816,2026-05-13 22:00:00+00:00,1.0,1.02,2.99,2.22,31.8
London,England,51.5074,-0.1278,2026-05-13 22:00:00+00:00,2.0,0.5,0.8,2.56,88.37
Madrid,Spain,40.4168,-3.7038,2026-05-13 22:00:00+00:00,2.0,0.5,0.91,0.66,69.49
Paris,France,48.8566,2.3522,2026-05-13 22:00:00+00:00,2.0,1.31,1.68,1.2,71.19
Antananarivo,Madagascar,-18.8792,47.5079,2026-05-13 23:00:00+00:00,1.0,4.7,7.88,1.43,19.15
Buenos Aires,Argentina,-34.6037,-58.3816,2026-05-13 23:00:00+00:00,1.0,1.13,3.18,2.52,29.01
London,England,51.5074,-0.1278,2026-05-13 23:00:00+00:00,2.0,0.5,0.77,2.58,89.44
Madrid,Spain,40.4168,-3.7038,2026-05-13 23:00:00+00:00,2.0,0.5,0.94,0.69,65.04
Paris,France,48.8566,2.3522,2026-05-13 23:00:00+00:00,2.0,1.24,1.69,1.13,69.36
Antananarivo,Madagascar,-18.8792,47.5079,2026-05-14 00:00:00+00:00,1.0,4.15,6.94,1.25,20.99
Buenos Aires,Argentina,-34.6037,-58.3816,2026-05-14 00:00:00+00:00,1.0,1.29,3.44,3.05,25.83
London,England,51.5074,-0.1278,2026-05-14 00:00:00+00:00,2.0,0.5,0.73,2.56,90.43
Madrid,Spain,40.4168,-3.7038,2026-05-14 00:00:00+00:00,2.0,0.51,0.98,0.69,60.97
Paris,France,48.8566,2.3522,2026-05-14 00:00:00+00:00,2.0,1.18,1.73,1.03,68.15
Antananarivo,Madagascar,-18.8792,47.5079,2026-05-14 01:00:00+00:00,1.0,3.51,5.93,1.06,24.36
Buenos Aires,Argentina,-34.6037,-58.3816,2026-05-14 01:00:00+00:00,1.0,1.47,3.72,3.76,22.32
London,England,51.5074,-0.1278,2026-05-14 01:00:00+00:00,2.0,0.5,0.68,2.5,90.47
Madrid,Spain,40.4168,-3.7038,2026-05-14 01:00:00+00:00,1.0,0.52,1.05,0.69,56.62
Paris,France,48.8566,2.3522,2026-05-14 01:00:00+00:00,2.0,1.14,1.79,0.95,66.62
Antananarivo,Madagascar,-18.8792,47.5079,2026-05-14 02:00:00+00:00,1.0,3.11,5.34,0.95,25.98
Buenos Aires,Argentina,-34.6037,-58.3816,2026-05-14 02:00:00+00:00,1.0,1.63,3.96,4.01,19.97
London,England,51.5074,-0.1278,2026-05-14 02:00:00+00:00,2.0,0.5,0.64,2.49,90.35
Madrid,Spain,40.4168,-3.7038,2026-05-14 02:00:00+00:00,1.0,0.54,1.14,0.7,53.18
Paris,France,48.8566,2.3522,2026-05-14 02:00:00+00:00,2.0,1.13,1.88,0.9,65.71
Antananarivo,Madagascar,-18.8792,47.5079,2026-05-14 03:00:00+00:00,1.0,2.91,5.1,0.9,27.35
Buenos Aires,Argentina,-34.6037,-58.3816,2026-05-14 03:00:00+00:00,1.0,1.73,4.11,3.67,19.07
London,England,51.5074,-0.1278,2026-05-14 03:00:00+00:00,2.0,0.5,0.61,2.51,89.59
Madrid,Spain,40.4168,-3.7038,2026-05-14 03:00:00+00:00,1.0,0.55,1.23,0.72,50.83
Paris,France,48.8566,2.3522,2026-05-14 03:00:00+00:00,2.0,1.15,1.99,0.87,65.27
Antananarivo,Madagascar,-18.8792,47.5079,2026-05-14 04:00:00+00:00,1.0,2.88,5.43,0.94,28.54
Buenos Aires,Argentina,-34.6037,-58.3816,2026-05-14 04:00:00+00:00,1.0,1.67,4.24,2.82,20.74
London,England,51.5074,-0.1278,2026-05-14 04:00:00+00:00,2.0,0.5,0.58,2.54,88.03
Madrid,Spain,40.4168,-3.7038,2026-05-14 04:00:00+00:00,1.0,0.58,1.34,0.75,48.87
Paris,France,48.8566,2.3522,2026-05-14 04:00:00+00:00,2.0,1.17,2.14,0.9,64.64
Antananarivo,Madagascar,-18.8792,47.5079,2026-05-14 05:00:00+00:00,1.0,3.01,6.06,0.81,28.76
Buenos Aires,Argentina,-34.6037,-58.3816,2026-05-14 05:00:00+00:00,1.0,1.73,4.53,2.47,20.63
London,England,51.5074,-0.1278,2026-05-14 05:00:00+00:00,2.0,0.5,0.55,2.6,86.78
Madrid,Spain,40.4168,-3.7038,2026-05-14 05:00:00+00:00,1.0,0.62,1.48,0.92,46.37
Paris,France,48.8566,2.3522,2026-05-14 05:00:00+00:00,2.0,1.19,2.28,1.12,64.37
Antananarivo,Madagascar,-18.8792,47.5079,2026-05-14 06:00:00+00:00,1.0,3.17,6.35,0.58,32.09
Buenos Aires,Argentina,-34.6037,-58.3816,2026-05-14 06:00:00+00:00,1.0,1.83,5.04,2.24,20.4
London,England,51.5074,-0.1278,2026-05-14 06:00:00+00:00,2.0,0.5,0.55,2.76,85.53
Madrid,Spain,40.4168,-3.7038,2026-05-14 06:00:00+00:00,1.0,0.68,1.63,1.23,43.38
Paris,France,48.8566,2.3522,2026-05-14 06:00:00+00:00,2.0,1.2,2.37,1.54,63.86
Antananarivo,Madagascar,-18.8792,47.5079,2026-05-14 07:00:00+00:00,1.0,1.25,2.67,0.16,44.42
Buenos Aires,Argentina,-34.6037,-58.3816,2026-05-14 07:00:00+00:00,1.0,1.96,5.7,2.03,20.19
London,England,51.5074,-0.1278,2026-05-14 07:00:00+00:00,2.0,0.5,0.54,2.7,84.04
Madrid,Spain,40.4168,-3.7038,2026-05-14 07:00:00+00:00,1.0,0.72,1.74,1.17,40.85
Paris,France,48.8566,2.3522,2026-05-14 07:00:00+00:00,2.0,1.07,2.1,1.81,63.35
Antananarivo,Madagascar,-18.8792,47.5079,2026-05-14 08:00:00+00:00,1.0,1.2,2.46,0.11,43.88
Buenos Aires,Argentina,-34.6037,-58.3816,2026-05-14 08:00:00+00:00,1.0,2.12,6.24,1.92,19.45
London,England,51.5074,-0.1278,2026-05-14 08:00:00+00:00,2.0,0.5,0.52,2.71,83.12
Madrid,Spain,40.4168,-3.7038,2026-05-14 08:00:00+00:00,1.0,0.76,1.83,0.89,41.53
Paris,France,48.8566,2.3522,2026-05-14 08:00:00+00:00,2.0,0.98,1.75,1.92,61.97
Antananarivo,Madagascar,-18.8792,47.5079,2026-05-14 09:00:00+00:00,1.0,1.37,2.6,0.09,42.89
Buenos Aires,Argentina,-34.6037,-58.3816,2026-05-14 09:00:00+00:00,1.0,2.27,6.7,1.89,18.68
London,England,51.5074,-0.1278,2026-05-14 09:00:00+00:00,2.0,0.5,0.53,2.71,82.99
Madrid,Spain,40.4168,-3.7038,2026-05-14 09:00:00+00:00,1.0,0.83,1.93,0.65,49.17
Paris,France,48.8566,2.3522,2026-05-14 09:00:00+00:00,2.0,0.87,1.43,1.92,61.0
Antananarivo,Madagascar,-18.8792,47.5079,2026-05-14 10:00:00+00:00,1.0,1.28,2.26,0.09,49.4
Buenos Aires,Argentina,-34.6037,-58.3816,2026-05-14 10:00:00+00:00,1.0,2.39,7.09,2.0,17.96
London,England,51.5074,-0.1278,2026-05-14 10:00:00+00:00,2.0,0.5,0.58,2.49,84.87
Madrid,Spain,40.4168,-3.7038,2026-05-14 10:00:00+00:00,2.0,0.66,1.25,0.24,83.69
Paris,France,48.8566,2.3522,2026-05-14 10:00:00+00:00,2.0,0.53,0.76,1.33,71.48
Antananarivo,Madagascar,-18.8792,47.5079,2026-05-14 11:00:00+00:00,1.0,1.23,2.11,0.09,54.69
Buenos Aires,Argentina,-34.6037,-58.3816,2026-05-14 11:00:00+00:00,1.0,2.48,7.45,2.25,17.6
London,England,51.5074,-0.1278,2026-05-14 11:00:00+00:00,2.0,0.53,0.63,2.04,88.42
Madrid,Spain,40.4168,-3.7038,2026-05-14 11:00:00+00:00,2.0,0.61,1.01,0.19,87.54
Paris,France,48.8566,2.3522,2026-05-14 11:00:00+00:00,2.0,0.5,0.5,1.04,76.48
Antananarivo,Madagascar,-18.8792,47.5079,2026-05-14 12:00:00+00:00,1.0,1.24,2.16,0.1,56.02
Buenos Aires,Argentina,-34.6037,-58.3816,2026-05-14 12:00:00+00:00,1.0,2.56,7.71,2.11,17.71
London,England,51.5074,-0.1278,2026-05-14 12:00:00+00:00,2.0,0.63,0.74,1.78,91.96
Madrid,Spain,40.4168,-3.7038,2026-05-14 12:00:00+00:00,2.0,0.6,0.94,0.19,87.52
Paris,France,48.8566,2.3522,2026-05-14 12:00:00+00:00,2.0,0.5,0.5,0.93,78.02
Antananarivo,Madagascar,-18.8792,47.5079,2026-05-14 13:00:00+00:00,1.0,1.33,2.48,0.15,54.67
Buenos Aires,Argentina,-34.6037,-58.3816,2026-05-14 13:00:00+00:00,1.0,2.59,7.79,1.38,18.02
London,England,51.5074,-0.1278,2026-05-14 13:00:00+00:00,2.0,0.74,0.84,1.75,95.29
Madrid,Spain,40.4168,-3.7038,2026-05-14 13:00:00+00:00,2.0,0.6,0.9,0.2,88.66
Paris,France,48.8566,2.3522,2026-05-14 13:00:00+00:00,2.0,0.5,0.5,0.81,80.84
Antananarivo,Madagascar,-18.8792,47.5079,2026-05-14 14:00:00+00:00,1.0,1.5,3.04,0.27,51.41
Buenos Aires,Argentina,-34.6037,-58.3816,2026-05-14 14:00:00+00:00,1.0,2.63,7.69,1.01,17.97
London,England,51.5074,-0.1278,2026-05-14 14:00:00+00:00,2.0,0.8,0.89,2.04,96.76
Madrid,Spain,40.4168,-3.7038,2026-05-14 14:00:00+00:00,2.0,0.63,0.91,0.22,88.68
Paris,France,48.8566,2.3522,2026-05-14 14:00:00+00:00,2.0,0.5,0.5,0.67,84.15
Antananarivo,Madagascar,-18.8792,47.5079,2026-05-14 15:00:00+00:00,1.0,1.7,3.63,0.43,48.59
Buenos Aires,Argentina,-34.6037,-58.3816,2026-05-14 15:00:00+00:00,1.0,2.78,7.68,0.88,20.14
London,England,51.5074,-0.1278,2026-05-14 15:00:00+00:00,2.0,0.79,0.88,2.53,96.97
Madrid,Spain,40.4168,-3.7038,2026-05-14 15:00:00+00:00,2.0,0.65,0.94,0.24,88.97
Paris,France,48.8566,2.3522,2026-05-14 15:00:00+00:00,2.0,0.5,0.5,0.61,86.99
Antananarivo,Madagascar,-18.8792,47.5079,2026-05-14 16:00:00+00:00,1.0,2.11,4.63,0.65,43.44
Buenos Aires,Argentina,-34.6037,-58.3816,2026-05-14 16:00:00+00:00,1.0,1.6,5.37,0.35,49.11
London,England,51.5074,-0.1278,2026-05-14 16:00:00+00:00,2.0,0.75,0.83,3.08,96.93
Madrid,Spain,40.4168,-3.7038,2026-05-14 16:00:00+00:00,2.0,0.67,0.95,0.27,90.51
Paris,France,48.8566,2.3522,2026-05-14 16:00:00+00:00,2.0,0.5,0.5,0.67,88.02
Antananarivo,Madagascar,-18.8792,47.5079,2026-05-14 17:00:00+00:00,1.0,2.82,6.2,0.93,38.32
Buenos Aires,Argentina,-34.6037,-58.3816,2026-05-14 17:00:00+00:00,1.0,1.45,5.33,0.22,52.76
London,England,51.5074,-0.1278,2026-05-14 17:00:00+00:00,2.0,0.73,0.8,3.48,97.05
Madrid,Spain,40.4168,-3.7038,2026-05-14 17:00:00+00:00,2.0,0.65,0.92,0.3,92.1
Paris,France,48.8566,2.3522,2026-05-14 17:00:00+00:00,2.0,0.5,0.5,0.83,86.24
Antananarivo,Madagascar,-18.8792,47.5079,2026-05-14 18:00:00+00:00,1.0,3.52,7.58,1.11,34.65
Buenos Aires,Argentina,-34.6037,-58.3816,2026-05-14 18:00:00+00:00,1.0,1.54,5.71,0.21,53.05
London,England,51.5074,-0.1278,2026-05-14 18:00:00+00:00,2.0,0.72,0.79,3.78,97.81
Madrid,Spain,40.4168,-3.7038,2026-05-14 18:00:00+00:00,2.0,0.61,0.85,0.33,94.0
Paris,France,48.8566,2.3522,2026-05-14 18:00:00+00:00,2.0,0.5,0.5,1.02,83.83
Antananarivo,Madagascar,-18.8792,47.5079,2026-05-14 19:00:00+00:00,1.0,4.06,8.3,1.2,31.66
Buenos Aires,Argentina,-34.6037,-58.3816,2026-05-14 19:00:00+00:00,1.0,1.7,5.93,0.4,48.11
London,England,51.5074,-0.1278,2026-05-14 19:00:00+00:00,2.0,0.68,0.75,4.19,97.31
Madrid,Spain,40.4168,-3.7038,2026-05-14 19:00:00+00:00,2.0,0.57,0.82,0.39,94.26
Paris,France,48.8566,2.3522,2026-05-14 19:00:00+00:00,2.0,0.51,0.56,1.42,77.35
Antananarivo,Madagascar,-18.8792,47.5079,2026-05-14 20:00:00+00:00,1.0,4.39,8.45,1.24,29.93
Buenos Aires,Argentina,-34.6037,-58.3816,2026-05-14 20:00:00+00:00,1.0,1.89,6.14,0.96,40.65
London,England,51.5074,-0.1278,2026-05-14 20:00:00+00:00,2.0,0.7,0.77,4.74,95.89
Madrid,Spain,40.4168,-3.7038,2026-05-14 20:00:00+00:00,2.0,0.57,0.85,0.46,93.13
Paris,France,48.8566,2.3522,2026-05-14 20:00:00+00:00,2.0,0.58,0.65,1.89,68.31
Antananarivo,Madagascar,-18.8792,47.5079,2026-05-14 21:00:00+00:00,1.0,4.35,7.8,1.18,28.91
Buenos Aires,Argentina,-34.6037,-58.3816,2026-05-14 21:00:00+00:00,1.0,2.06,6.42,1.8,35.81
London,England,51.5074,-0.1278,2026-05-14 21:00:00+00:00,2.0,0.75,0.84,5.04,93.83
Madrid,Spain,40.4168,-3.7038,2026-05-14 21:00:00+00:00,2.0,0.56,0.9,0.48,92.28
Paris,France,48.8566,2.3522,2026-05-14 21:00:00+00:00,2.0,0.64,0.79,2.24,60.82
Antananarivo,Madagascar,-18.8792,47.5079,2026-05-14 22:00:00+00:00,1.0,4.14,7.03,1.08,28.53
Buenos Aires,Argentina,-34.6037,-58.3816,2026-05-14 22:00:00+00:00,1.0,2.19,6.68,2.35,33.24
London,England,51.5074,-0.1278,2026-05-14 22:00:00+00:00,2.0,0.81,0.91,5.26,91.64
Madrid,Spain,40.4168,-3.7038,2026-05-14 22:00:00+00:00,2.0,0.57,0.95,0.5,89.4
Paris,France,48.8566,2.3522,2026-05-14 22:00:00+00:00,1.0,0.67,0.89,2.38,54.04
Antananarivo,Madagascar,-18.8792,47.5079,2026-05-14 23:00:00+00:00,1.0,3.91,6.48,0.97,29.12
Buenos Aires,Argentina,-34.6037,-58.3816,2026-05-14 23:00:00+00:00,1.0,2.33,6.92,2.66,31.04
London,England,51.5074,-0.1278,2026-05-14 23:00:00+00:00,2.0,0.87,1.0,5.43,89.66
Madrid,Spain,40.4168,-3.7038,2026-05-14 23:00:00+00:00,2.0,0.58,1.02,0.51,86.29
Paris,France,48.8566,2.3522,2026-05-14 23:00:00+00:00,1.0,0.73,1.0,2.32,49.29
Antananarivo,Madagascar,-18.8792,47.5079,2026-05-15 00:00:00+00:00,1.0,3.64,6.01,0.86,30.65
Buenos Aires,Argentina,-34.6037,-58.3816,2026-05-15 00:00:00+00:00,1.0,2.49,7.21,3.16,28.44
London,England,51.5074,-0.1278,2026-05-15 00:00:00+00:00,2.0,0.92,1.08,5.5,87.76
Madrid,Spain,40.4168,-3.7038,2026-05-15 00:00:00+00:00,2.0,0.59,1.1,0.52,82.55
Paris,France,48.8566,2.3522,2026-05-15 00:00:00+00:00,1.0,0.85,1.16,2.19,45.54
Antananarivo,Madagascar,-18.8792,47.5079,2026-05-15 01:00:00+00:00,1.0,3.35,5.56,0.78,32.38
Buenos Aires,Argentina,-34.6037,-58.3816,2026-05-15 01:00:00+00:00,1.0,2.66,7.45,3.97,24.99
London,England,51.5074,-0.1278,2026-05-15 01:00:00+00:00,2.0,1.16,1.35,6.17,84.65
Madrid,Spain,40.4168,-3.7038,2026-05-15 01:00:00+00:00,2.0,0.6,1.19,0.53,77.91
Paris,France,48.8566,2.3522,2026-05-15 01:00:00+00:00,1.0,1.05,1.39,2.07,42.65
Antananarivo,Madagascar,-18.8792,47.5079,2026-05-15 02:00:00+00:00,1.0,3.15,5.25,0.75,33.56
Buenos Aires,Argentina,-34.6037,-58.3816,2026-05-15 02:00:00+00:00,1.0,2.89,7.84,5.02,21.24
London,England,51.5074,-0.1278,2026-05-15 02:00:00+00:00,2.0,1.93,2.18,7.32,80.17
Madrid,Spain,40.4168,-3.7038,2026-05-15 02:00:00+00:00,2.0,0.63,1.3,0.54,74.49
Paris,France,48.8566,2.3522,2026-05-15 02:00:00+00:00,1.0,1.34,1.69,2.02,41.45
Antananarivo,Madagascar,-18.8792,47.5079,2026-05-15 03:00:00+00:00,1.0,3.02,5.11,0.75,34.99
Buenos Aires,Argentina,-34.6037,-58.3816,2026-05-15 03:00:00+00:00,1.0,3.19,8.26,6.2,17.59
London,England,51.5074,-0.1278,2026-05-15 03:00:00+00:00,2.0,2.81,3.11,8.18,75.75
Madrid,Spain,40.4168,-3.7038,2026-05-15 03:00:00+00:00,2.0,0.67,1.41,0.55,71.56
Paris,France,48.8566,2.3522,2026-05-15 03:00:00+00:00,1.0,1.73,2.09,2.07,42.27
Antananarivo,Madagascar,-18.8792,47.5079,2026-05-15 04:00:00+00:00,1.0,3.02,5.51,0.83,36.68
Buenos Aires,Argentina,-34.6037,-58.3816,2026-05-15 04:00:00+00:00,1.0,3.53,8.72,7.33,14.1
London,England,51.5074,-0.1278,2026-05-15 04:00:00+00:00,2.0,4.01,4.39,9.45,68.39
Madrid,Spain,40.4168,-3.7038,2026-05-15 04:00:00+00:00,2.0,0.71,1.47,0.58,69.01
Paris,France,48.8566,2.3522,2026-05-15 04:00:00+00:00,1.0,2.2,2.61,2.25,44.02
Antananarivo,Madagascar,-18.8792,47.5079,2026-05-15 05:00:00+00:00,1.0,3.01,6.05,0.82,37.8
Buenos Aires,Argentina,-34.6037,-58.3816,2026-05-15 05:00:00+00:00,1.0,3.95,9.38,8.12,11.55
London,England,51.5074,-0.1278,2026-05-15 05:00:00+00:00,1.0,5.34,5.82,11.19,59.44
Madrid,Spain,40.4168,-3.7038,2026-05-15 05:00:00+00:00,2.0,0.74,1.53,0.69,66.74
Paris,France,48.8566,2.3522,2026-05-15 05:00:00+00:00,1.0,2.53,3.04,2.86,43.3
Antananarivo,Madagascar,-18.8792,47.5079,2026-05-15 06:00:00+00:00,1.0,2.88,6.06,0.63,41.05
Buenos Aires,Argentina,-34.6037,-58.3816,2026-05-15 06:00:00+00:00,1.0,4.36,10.05,8.48,9.83
London,England,51.5074,-0.1278,2026-05-15 06:00:00+00:00,1.0,6.03,6.57,12.35,53.72
Madrid,Spain,40.4168,-3.7038,2026-05-15 06:00:00+00:00,2.0,0.76,1.55,0.88,65.37
Paris,France,48.8566,2.3522,2026-05-15 06:00:00+00:00,1.0,2.78,3.38,3.43,43.81
Antananarivo,Madagascar,-18.8792,47.5079,2026-05-15 07:00:00+00:00,2.0,1.13,2.96,0.16,63.01
Buenos Aires,Argentina,-34.6037,-58.3816,2026-05-15 07:00:00+00:00,1.0,4.72,10.65,8.49,8.72
London,England,51.5074,-0.1278,2026-05-15 07:00:00+00:00,1.0,5.88,6.45,11.35,52.53
Madrid,Spain,40.4168,-3.7038,2026-05-15 07:00:00+00:00,2.0,0.75,1.53,0.84,64.73
Paris,France,48.8566,2.3522,2026-05-15 07:00:00+00:00,1.0,2.87,3.55,3.24,48.24
Antananarivo,Madagascar,-18.8792,47.5079,2026-05-15 08:00:00+00:00,2.0,0.97,2.58,0.1,63.73
Buenos Aires,Argentina,-34.6037,-58.3816,2026-05-15 08:00:00+00:00,1.0,5.09,11.3,8.42,8.14
London,England,51.5074,-0.1278,2026-05-15 08:00:00+00:00,1.0,5.26,5.86,9.69,55.22
Madrid,Spain,40.4168,-3.7038,2026-05-15 08:00:00+00:00,2.0,0.75,1.5,0.74,64.0
Paris,France,48.8566,2.3522,2026-05-15 08:00:00+00:00,1.0,2.81,3.54,3.12,50.03
Antananarivo,Madagascar,-18.8792,47.5079,2026-05-15 09:00:00+00:00,2.0,0.99,2.52,0.08,62.16
Buenos Aires,Argentina,-34.6037,-58.3816,2026-05-15 09:00:00+00:00,1.0,5.47,12.02,8.49,8.06
London,England,51.5074,-0.1278,2026-05-15 09:00:00+00:00,2.0,4.58,5.2,8.24,61.03
Madrid,Spain,40.4168,-3.7038,2026-05-15 09:00:00+00:00,2.0,0.75,1.48,0.65,64.85
Paris,France,48.8566,2.3522,2026-05-15 09:00:00+00:00,1.0,2.87,3.61,3.05,52.68
Antananarivo,Madagascar,-18.8792,47.5079,2026-05-15 10:00:00+00:00,2.0,0.91,2.18,0.07,66.23
Buenos Aires,Argentina,-34.6037,-58.3816,2026-05-15 10:00:00+00:00,1.0,5.75,12.64,8.59,8.65
London,England,51.5074,-0.1278,2026-05-15 10:00:00+00:00,2.0,1.86,2.27,5.15,79.67
Madrid,Spain,40.4168,-3.7038,2026-05-15 10:00:00+00:00,2.0,0.68,1.25,0.39,78.5
Paris,France,48.8566,2.3522,2026-05-15 10:00:00+00:00,2.0,1.36,1.74,1.7,80.93
Antananarivo,Madagascar,-18.8792,47.5079,2026-05-15 11:00:00+00:00,2.0,0.91,2.06,0.07,68.6
Buenos Aires,Argentina,-34.6037,-58.3816,2026-05-15 11:00:00+00:00,1.0,5.99,13.08,8.43,9.17
London,England,51.5074,-0.1278,2026-05-15 11:00:00+00:00,2.0,0.74,0.99,3.17,90.25
Madrid,Spain,40.4168,-3.7038,2026-05-15 11:00:00+00:00,2.0,0.62,1.08,0.28,83.2
Paris,France,48.8566,2.3522,2026-05-15 11:00:00+00:00,2.0,0.68,0.86,0.86,89.76
Antananarivo,Madagascar,-18.8792,47.5079,2026-05-15 12:00:00+00:00,2.0,0.98,2.15,0.08,68.56
Buenos Aires,Argentina,-34.6037,-58.3816,2026-05-15 12:00:00+00:00,1.0,6.22,13.67,6.65,11.72
London,England,51.5074,-0.1278,2026-05-15 12:00:00+00:00,2.0,0.84,1.05,2.56,95.15
Madrid,Spain,40.4168,-3.7038,2026-05-15 12:00:00+00:00,2.0,0.61,0.99,0.25,83.75
Paris,France,48.8566,2.3522,2026-05-15 12:00:00+00:00,2.0,0.6,0.7,0.59,91.52
Antananarivo,Madagascar,-18.8792,47.5079,2026-05-15 13:00:00+00:00,2.0,1.23,2.69,0.19,65.2
Buenos Aires,Argentina,-34.6037,-58.3816,2026-05-15 13:00:00+00:00,1.0,6.23,14.29,4.01,17.53
London,England,51.5074,-0.1278,2026-05-15 13:00:00+00:00,3.0,1.09,1.28,2.25,100.15
Madrid,Spain,40.4168,-3.7038,2026-05-15 13:00:00+00:00,2.0,0.57,0.83,0.22,84.51
Paris,France,48.8566,2.3522,2026-05-15 13:00:00+00:00,2.0,0.5,0.57,0.48,92.36
Antananarivo,Madagascar,-18.8792,47.5079,2026-05-15 14:00:00+00:00,1.0,1.63,3.53,0.43,59.73
Buenos Aires,Argentina,-34.6037,-58.3816,2026-05-15 14:00:00+00:00,1.0,6.33,14.74,3.29,22.36
London,England,51.5074,-0.1278,2026-05-15 14:00:00+00:00,3.0,1.23,1.42,1.93,103.89
Madrid,Spain,40.4168,-3.7038,2026-05-15 14:00:00+00:00,2.0,0.51,0.66,0.19,85.21
Paris,France,48.8566,2.3522,2026-05-15 14:00:00+00:00,2.0,0.5,0.5,0.5,91.5
Antananarivo,Madagascar,-18.8792,47.5079,2026-05-15 15:00:00+00:00,1.0,2.05,4.38,0.75,54.84
Buenos Aires,Argentina,-34.6037,-58.3816,2026-05-15 15:00:00+00:00,1.0,7.07,16.0,3.25,29.88
London,England,51.5074,-0.1278,2026-05-15 15:00:00+00:00,3.0,1.13,1.33,1.69,105.64
Madrid,Spain,40.4168,-3.7038,2026-05-15 15:00:00+00:00,2.0,0.5,0.54,0.18,86.08
Paris,France,48.8566,2.3522,2026-05-15 15:00:00+00:00,2.0,0.53,0.55,0.63,90.49
Antananarivo,Madagascar,-18.8792,47.5079,2026-05-15 16:00:00+00:00,1.0,2.5,5.26,0.95,49.74
Buenos Aires,Argentina,-34.6037,-58.3816,2026-05-15 16:00:00+00:00,1.0,4.33,11.45,1.27,52.47
London,England,51.5074,-0.1278,2026-05-15 16:00:00+00:00,3.0,0.88,1.09,1.62,105.55
Madrid,Spain,40.4168,-3.7038,2026-05-15 16:00:00+00:00,2.0,0.5,0.5,0.2,87.22
Paris,France,48.8566,2.3522,2026-05-15 16:00:00+00:00,2.0,0.59,0.6,0.97,88.77
Antananarivo,Madagascar,-18.8792,47.5079,2026-05-15 17:00:00+00:00,1.0,2.96,6.16,1.07,45.72
Buenos Aires,Argentina,-34.6037,-58.3816,2026-05-15 17:00:00+00:00,1.0,3.78,9.2,0.73,56.57
London,England,51.5074,-0.1278,2026-05-15 17:00:00+00:00,3.0,0.66,0.86,1.78,104.81
Madrid,Spain,40.4168,-3.7038,2026-05-15 17:00:00+00:00,2.0,0.5,0.5,0.25,87.82
Paris,France,48.8566,2.3522,2026-05-15 17:00:00+00:00,2.0,0.64,0.7,1.34,86.26
Antananarivo,Madagascar,-18.8792,47.5079,2026-05-15 18:00:00+00:00,1.0,3.32,6.77,1.11,42.78
Buenos Aires,Argentina,-34.6037,-58.3816,2026-05-15 18:00:00+00:00,1.0,4.24,9.42,0.68,58.99
London,England,51.5074,-0.1278,2026-05-15 18:00:00+00:00,3.0,0.54,0.73,2.15,103.83
Madrid,Spain,40.4168,-3.7038,2026-05-15 18:00:00+00:00,2.0,0.5,0.5,0.32,87.98
Paris,France,48.8566,2.3522,2026-05-15 18:00:00+00:00,2.0,0.77,0.84,1.58,84.43
Antananarivo,Madagascar,-18.8792,47.5079,2026-05-15 19:00:00+00:00,1.0,3.58,7.16,1.12,39.3
Buenos Aires,Argentina,-34.6037,-58.3816,2026-05-15 19:00:00+00:00,1.0,4.9,10.1,0.93,58.96
London,England,51.5074,-0.1278,2026-05-15 19:00:00+00:00,3.0,0.5,0.64,2.73,102.4
Madrid,Spain,40.4168,-3.7038,2026-05-15 19:00:00+00:00,2.0,0.5,0.51,0.48,84.43
Paris,France,48.8566,2.3522,2026-05-15 19:00:00+00:00,2.0,0.91,1.01,1.94,77.71
Antananarivo,Madagascar,-18.8792,47.5079,2026-05-15 20:00:00+00:00,1.0,3.88,7.54,1.18,35.76
Buenos Aires,Argentina,-34.6037,-58.3816,2026-05-15 20:00:00+00:00,1.0,5.58,10.79,1.8,55.67
London,England,51.5074,-0.1278,2026-05-15 20:00:00+00:00,3.0,0.5,0.58,3.23,100.76
Madrid,Spain,40.4168,-3.7038,2026-05-15 20:00:00+00:00,2.0,0.5,0.52,0.69,78.43
Paris,France,48.8566,2.3522,2026-05-15 20:00:00+00:00,2.0,1.09,1.26,2.36,68.18
Antananarivo,Madagascar,-18.8792,47.5079,2026-05-15 21:00:00+00:00,1.0,3.86,7.21,1.15,33.23
Buenos Aires,Argentina,-34.6037,-58.3816,2026-05-15 21:00:00+00:00,1.0,6.21,11.49,3.39,52.26
London,England,51.5074,-0.1278,2026-05-15 21:00:00+00:00,3.0,0.5,0.56,3.49,100.39
Madrid,Spain,40.4168,-3.7038,2026-05-15 21:00:00+00:00,2.0,0.5,0.53,0.87,73.94
Paris,France,48.8566,2.3522,2026-05-15 21:00:00+00:00,1.0,1.27,1.48,2.68,58.89
Antananarivo,Madagascar,-18.8792,47.5079,2026-05-15 22:00:00+00:00,1.0,3.67,6.58,1.07,31.65
Buenos Aires,Argentina,-34.6037,-58.3816,2026-05-15 22:00:00+00:00,1.0,6.77,12.15,5.05,49.39
London,England,51.5074,-0.1278,2026-05-15 22:00:00+00:00,3.0,0.5,0.62,3.66,100.94
Madrid,Spain,40.4168,-3.7038,2026-05-15 22:00:00+00:00,2.0,0.5,0.54,0.98,69.84
Paris,France,48.8566,2.3522,2026-05-15 22:00:00+00:00,1.0,1.38,1.62,2.8,49.53
Antananarivo,Madagascar,-18.8792,47.5079,2026-05-15 23:00:00+00:00,1.0,3.47,6.06,0.98,31.36
Buenos Aires,Argentina,-34.6037,-58.3816,2026-05-15 23:00:00+00:00,1.0,7.44,13.06,6.86,47.31
London,England,51.5074,-0.1278,2026-05-15 23:00:00+00:00,3.0,0.58,0.79,3.84,101.69
Madrid,Spain,40.4168,-3.7038,2026-05-15 23:00:00+00:00,2.0,0.5,0.56,1.01,67.9
Paris,France,48.8566,2.3522,2026-05-15 23:00:00+00:00,1.0,1.46,1.72,2.66,41.0
Antananarivo,Madagascar,-18.8792,47.5079,2026-05-16 00:00:00+00:00,1.0,3.27,5.63,0.89,32.52
Buenos Aires,Argentina,-34.6037,-58.3816,2026-05-16 00:00:00+00:00,1.0,8.21,14.17,8.89,44.96
London,England,51.5074,-0.1278,2026-05-16 00:00:00+00:00,3.0,0.64,0.97,3.93,102.05
Madrid,Spain,40.4168,-3.7038,2026-05-16 00:00:00+00:00,2.0,0.5,0.64,1.1,66.73
Paris,France,48.8566,2.3522,2026-05-16 00:00:00+00:00,1.0,1.58,1.84,2.4,34.72
Antananarivo,Madagascar,-18.8792,47.5079,2026-05-16 01:00:00+00:00,1.0,3.11,5.36,0.81,34.05
Buenos Aires,Argentina,-34.6037,-58.3816,2026-05-16 01:00:00+00:00,1.0,8.81,14.86,11.22,41.55
London,England,51.5074,-0.1278,2026-05-16 01:00:00+00:00,3.0,0.67,1.09,3.88,101.79
Madrid,Spain,40.4168,-3.7038,2026-05-16 01:00:00+00:00,2.0,0.5,0.76,1.3,62.88
Paris,France,48.8566,2.3522,2026-05-16 01:00:00+00:00,1.0,1.75,2.01,2.16,30.26
Antananarivo,Madagascar,-18.8792,47.5079,2026-05-16 02:00:00+00:00,1.0,3.04,5.28,0.79,33.55
Buenos Aires,Argentina,-34.6037,-58.3816,2026-05-16 02:00:00+00:00,1.0,9.22,15.06,13.31,38.02
London,England,51.5074,-0.1278,2026-05-16 02:00:00+00:00,3.0,0.65,1.13,3.78,100.76
Madrid,Spain,40.4168,-3.7038,2026-05-16 02:00:00+00:00,1.0,0.5,0.91,1.58,56.48
Paris,France,48.8566,2.3522,2026-05-16 02:00:00+00:00,1.0,1.9,2.16,2.0,27.92
Antananarivo,Madagascar,-18.8792,47.5079,2026-05-16 03:00:00+00:00,1.0,3.01,5.31,0.8,33.25
Buenos Aires,Argentina,-34.6037,-58.3816,2026-05-16 03:00:00+00:00,1.0,9.37,14.93,13.8,36.12
London,England,51.5074,-0.1278,2026-05-16 03:00:00+00:00,2.0,0.62,1.11,3.71,98.77
Madrid,Spain,40.4168,-3.7038,2026-05-16 03:00:00+00:00,1.0,0.58,1.16,1.88,50.76
Paris,France,48.8566,2.3522,2026-05-16 03:00:00+00:00,1.0,2.09,2.36,1.94,26.99
Antananarivo,Madagascar,-18.8792,47.5079,2026-05-16 04:00:00+00:00,1.0,3.08,5.73,0.87,33.11
Buenos Aires,Argentina,-34.6037,-58.3816,2026-05-16 04:00:00+00:00,1.0,9.13,14.66,12.21,36.27
London,England,51.5074,-0.1278,2026-05-16 04:00:00+00:00,2.0,0.57,1.05,3.72,95.73
Madrid,Spain,40.4168,-3.7038,2026-05-16 04:00:00+00:00,1.0,0.79,1.45,2.16,45.45
Paris,France,48.8566,2.3522,2026-05-16 04:00:00+00:00,1.0,2.29,2.58,1.91,27.72
Antananarivo,Madagascar,-18.8792,47.5079,2026-05-16 05:00:00+00:00,1.0,3.16,6.27,0.76,34.4
Buenos Aires,Argentina,-34.6037,-58.3816,2026-05-16 05:00:00+00:00,1.0,8.61,14.09,10.12,36.65
London,England,51.5074,-0.1278,2026-05-16 05:00:00+00:00,2.0,0.55,0.95,3.77,93.01
Madrid,Spain,40.4168,-3.7038,2026-05-16 05:00:00+00:00,1.0,0.98,1.7,2.54,41.47
Paris,France,48.8566,2.3522,2026-05-16 05:00:00+00:00,1.0,2.5,2.83,2.16,29.05
Antananarivo,Madagascar,-18.8792,47.5079,2026-05-16 06:00:00+00:00,1.0,3.25,6.55,0.54,38.73
Buenos Aires,Argentina,-34.6037,-58.3816,2026-05-16 06:00:00+00:00,1.0,8.03,13.4,7.99,37.3
London,England,51.5074,-0.1278,2026-05-16 06:00:00+00:00,2.0,0.52,0.83,3.89,91.8
Madrid,Spain,40.4168,-3.7038,2026-05-16 06:00:00+00:00,1.0,1.14,1.92,3.03,38.77
Paris,France,48.8566,2.3522,2026-05-16 06:00:00+00:00,1.0,2.64,3.02,2.29,32.17
Antananarivo,Madagascar,-18.8792,47.5079,2026-05-16 07:00:00+00:00,1.0,1.12,2.53,0.13,52.03
Buenos Aires,Argentina,-34.6037,-58.3816,2026-05-16 07:00:00+00:00,1.0,7.58,12.71,6.05,37.85
London,England,51.5074,-0.1278,2026-05-16 07:00:00+00:00,2.0,0.5,0.72,3.39,91.88
Madrid,Spain,40.4168,-3.7038,2026-05-16 07:00:00+00:00,1.0,1.32,2.2,2.73,43.27
Paris,France,48.8566,2.3522,2026-05-16 07:00:00+00:00,1.0,2.53,2.98,1.89,37.51
Antananarivo,Madagascar,-18.8792,47.5079,2026-05-16 08:00:00+00:00,1.0,0.96,2.15,0.08,49.86
Buenos Aires,Argentina,-34.6037,-58.3816,2026-05-16 08:00:00+00:00,1.0,7.39,12.19,4.7,37.49
London,England,51.5074,-0.1278,2026-05-16 08:00:00+00:00,2.0,0.5,0.65,2.78,93.98
Madrid,Spain,40.4168,-3.7038,2026-05-16 08:00:00+00:00,1.0,1.21,2.1,2.16,46.45
Paris,France,48.8566,2.3522,2026-05-16 08:00:00+00:00,1.0,2.13,2.68,1.62,40.23
Antananarivo,Madagascar,-18.8792,47.5079,2026-05-16 09:00:00+00:00,1.0,1.05,2.23,0.06,47.48
Buenos Aires,Argentina,-34.6037,-58.3816,2026-05-16 09:00:00+00:00,1.0,7.4,11.95,3.8,36.85
London,England,51.5074,-0.1278,2026-05-16 09:00:00+00:00,2.0,0.5,0.65,2.31,96.79
Madrid,Spain,40.4168,-3.7038,2026-05-16 09:00:00+00:00,1.0,1.07,1.96,1.72,53.72
Paris,France,48.8566,2.3522,2026-05-16 09:00:00+00:00,1.0,1.93,2.61,1.42,44.97
Antananarivo,Madagascar,-18.8792,47.5079,2026-05-16 10:00:00+00:00,1.0,0.92,1.86,0.05,48.83
Buenos Aires,Argentina,-34.6037,-58.3816,2026-05-16 10:00:00+00:00,1.0,7.44,11.48,3.29,35.7
London,England,51.5074,-0.1278,2026-05-16 10:00:00+00:00,2.0,0.5,0.73,2.03,99.26
Madrid,Spain,40.4168,-3.7038,2026-05-16 10:00:00+00:00,2.0,0.5,0.94,0.51,89.53
Paris,France,48.8566,2.3522,2026-05-16 10:00:00+00:00,2.0,0.95,1.61,0.67,83.23
Antananarivo,Madagascar,-18.8792,47.5079,2026-05-16 11:00:00+00:00,1.0,0.86,1.64,0.06,50.62
Buenos Aires,Argentina,-34.6037,-58.3816,2026-05-16 11:00:00+00:00,1.0,7.58,11.01,3.13,34.17
London,England,51.5074,-0.1278,2026-05-16 11:00:00+00:00,2.0,0.54,0.83,1.91,99.45
Madrid,Spain,40.4168,-3.7038,2026-05-16 11:00:00+00:00,2.0,0.51,0.82,0.28,94.14
Paris,France,48.8566,2.3522,2026-05-16 11:00:00+00:00,2.0,0.68,1.15,0.4,92.13
Antananarivo,Madagascar,-18.8792,47.5079,2026-05-16 12:00:00+00:00,1.0,0.88,1.63,0.07,51.01
Buenos Aires,Argentina,-34.6037,-58.3816,2026-05-16 12:00:00+00:00,1.0,7.83,10.83,3.03,32.23
London,England,51.5074,-0.1278,2026-05-16 12:00:00+00:00,2.0,0.62,0.96,1.93,98.3
Madrid,Spain,40.4168,-3.7038,2026-05-16 12:00:00+00:00,2.0,0.54,0.86,0.23,94.67
Paris,France,48.8566,2.3522,2026-05-16 12:00:00+00:00,2.0,0.63,1.01,0.34,93.71
Antananarivo,Madagascar,-18.8792,47.5079,2026-05-16 13:00:00+00:00,1.0,1.03,1.96,0.14,49.13
Buenos Aires,Argentina,-34.6037,-58.3816,2026-05-16 13:00:00+00:00,1.0,7.95,10.46,2.68,30.43
London,England,51.5074,-0.1278,2026-05-16 13:00:00+00:00,2.0,0.74,1.17,2.16,96.77
Madrid,Spain,40.4168,-3.7038,2026-05-16 13:00:00+00:00,2.0,0.57,0.91,0.21,96.61
Paris,France,48.8566,2.3522,2026-05-16 13:00:00+00:00,2.0,0.63,0.94,0.32,95.08
Antananarivo,Madagascar,-18.8792,47.5079,2026-05-16 14:00:00+00:00,1.0,1.3,2.57,0.32,45.31
Buenos Aires,Argentina,-34.6037,-58.3816,2026-05-16 14:00:00+00:00,1.0,7.84,9.83,2.06,29.7
London,England,51.5074,-0.1278,2026-05-16 14:00:00+00:00,2.0,0.84,1.33,2.46,95.02
Madrid,Spain,40.4168,-3.7038,2026-05-16 14:00:00+00:00,2.0,0.58,0.94,0.21,97.16
Paris,France,48.8566,2.3522,2026-05-16 14:00:00+00:00,2.0,0.62,0.88,0.34,95.55
Antananarivo,Madagascar,-18.8792,47.5079,2026-05-16 15:00:00+00:00,1.0,1.6,3.18,0.56,41.91
Buenos Aires,Argentina,-34.6037,-58.3816,2026-05-16 15:00:00+00:00,1.0,7.4,8.98,1.48,30.47
London,England,51.5074,-0.1278,2026-05-16 15:00:00+00:00,2.0,0.87,1.36,2.74,92.01
Madrid,Spain,40.4168,-3.7038,2026-05-16 15:00:00+00:00,2.0,0.59,0.99,0.22,96.97
Paris,France,48.8566,2.3522,2026-05-16 15:00:00+00:00,2.0,0.58,0.78,0.4,95.32
Antananarivo,Madagascar,-18.8792,47.5079,2026-05-16 16:00:00+00:00,1.0,2.13,4.26,0.84,36.52
Buenos Aires,Argentina,-34.6037,-58.3816,2026-05-16 16:00:00+00:00,1.0,6.46,7.69,1.04,34.33
London,England,51.5074,-0.1278,2026-05-16 16:00:00+00:00,2.0,0.83,1.27,2.91,88.79
Madrid,Spain,40.4168,-3.7038,2026-05-16 16:00:00+00:00,2.0,0.64,1.07,0.27,97.05
Paris,France,48.8566,2.3522,2026-05-16 16:00:00+00:00,2.0,0.55,0.7,0.47,95.11
Antananarivo,Madagascar,-18.8792,47.5079,2026-05-16 17:00:00+00:00,1.0,2.93,5.92,1.17,31.05
Buenos Aires,Argentina,-34.6037,-58.3816,2026-05-16 17:00:00+00:00,1.0,5.32,6.3,0.79,35.56
London,England,51.5074,-0.1278,2026-05-16 17:00:00+00:00,2.0,0.78,1.18,2.87,86.85
Madrid,Spain,40.4168,-3.7038,2026-05-16 17:00:00+00:00,2.0,0.67,1.16,0.32,95.55
Paris,France,48.8566,2.3522,2026-05-16 17:00:00+00:00,2.0,0.54,0.67,0.55,94.06
Antananarivo,Madagascar,-18.8792,47.5079,2026-05-16 18:00:00+00:00,1.0,3.74,7.49,1.41,26.82
Buenos Aires,Argentina,-34.6037,-58.3816,2026-05-16 18:00:00+00:00,1.0,4.13,4.94,0.64,36.65
London,England,51.5074,-0.1278,2026-05-16 18:00:00+00:00,2.0,0.72,1.13,2.74,86.57
Madrid,Spain,40.4168,-3.7038,2026-05-16 18:00:00+00:00,2.0,0.68,1.22,0.38,93.84
Paris,France,48.8566,2.3522,2026-05-16 18:00:00+00:00,2.0,0.54,0.66,0.63,92.77
Antananarivo,Madagascar,-18.8792,47.5079,2026-05-16 19:00:00+00:00,1.0,4.4,8.76,1.58,23.61
Buenos Aires,Argentina,-34.6037,-58.3816,2026-05-16 19:00:00+00:00,1.0,2.93,3.79,0.54,38.94
London,England,51.5074,-0.1278,2026-05-16 19:00:00+00:00,2.0,0.66,1.1,2.56,86.8
Madrid,Spain,40.4168,-3.7038,2026-05-16 19:00:00+00:00,2.0,0.68,1.24,0.49,88.18
Paris,France,48.8566,2.3522,2026-05-16 19:00:00+00:00,2.0,0.56,0.7,0.82,88.27
Antananarivo,Madagascar,-18.8792,47.5079,2026-05-16 20:00:00+00:00,1.0,4.72,9.24,1.66,22.1
Buenos Aires,Argentina,-34.6037,-58.3816,2026-05-16 20:00:00+00:00,1.0,2.03,3.14,0.5,41.66
London,England,51.5074,-0.1278,2026-05-16 20:00:00+00:00,2.0,0.69,1.2,2.5,86.82
Madrid,Spain,40.4168,-3.7038,2026-05-16 20:00:00+00:00,2.0,0.7,1.27,0.63,80.42
Paris,France,48.8566,2.3522,2026-05-16 20:00:00+00:00,2.0,0.63,0.85,1.08,81.15
Antananarivo,Madagascar,-18.8792,47.5079,2026-05-16 21:00:00+00:00,1.0,4.53,8.7,1.6,21.97
Buenos Aires,Argentina,-34.6037,-58.3816,2026-05-16 21:00:00+00:00,1.0,1.49,2.93,0.49,44.4
London,England,51.5074,-0.1278,2026-05-16 21:00:00+00:00,2.0,0.81,1.42,2.53,88.02
Madrid,Spain,40.4168,-3.7038,2026-05-16 21:00:00+00:00,2.0,0.71,1.3,0.73,74.5
Paris,France,48.8566,2.3522,2026-05-16 21:00:00+00:00,2.0,0.71,1.02,1.3,74.23
Antananarivo,Madagascar,-18.8792,47.5079,2026-05-16 22:00:00+00:00,1.0,4.1,7.7,1.44,22.77
Buenos Aires,Argentina,-34.6037,-58.3816,2026-05-16 22:00:00+00:00,1.0,1.21,3.03,0.48,46.43
London,England,51.5074,-0.1278,2026-05-16 22:00:00+00:00,2.0,0.96,1.62,2.61,91.04
Madrid,Spain,40.4168,-3.7038,2026-05-16 22:00:00+00:00,2.0,0.7,1.29,0.84,67.46
Paris,France,48.8566,2.3522,2026-05-16 22:00:00+00:00,2.0,0.76,1.17,1.4,67.94
Antananarivo,Madagascar,-18.8792,47.5079,2026-05-16 23:00:00+00:00,1.0,3.77,6.97,1.3,22.93
Buenos Aires,Argentina,-34.6037,-58.3816,2026-05-16 23:00:00+00:00,1.0,1.14,3.36,0.51,47.08
London,England,51.5074,-0.1278,2026-05-16 23:00:00+00:00,2.0,1.04,1.69,2.76,93.81
Madrid,Spain,40.4168,-3.7038,2026-05-16 23:00:00+00:00,2.0,0.71,1.3,0.93,60.8
Paris,France,48.8566,2.3522,2026-05-16 23:00:00+00:00,2.0,0.79,1.3,1.31,64.58
Antananarivo,Madagascar,-18.8792,47.5079,2026-05-17 00:00:00+00:00,1.0,3.51,6.39,1.18,22.74
Buenos Aires,Argentina,-34.6037,-58.3816,2026-05-17 00:00:00+00:00,1.0,1.12,3.61,0.53,46.96
London,England,51.5074,-0.1278,2026-05-17 00:00:00+00:00,2.0,1.06,1.66,2.87,94.2
Madrid,Spain,40.4168,-3.7038,2026-05-17 00:00:00+00:00,1.0,0.72,1.32,0.99,55.29
Paris,France,48.8566,2.3522,2026-05-17 00:00:00+00:00,2.0,0.8,1.41,1.17,63.11
Antananarivo,Madagascar,-18.8792,47.5079,2026-05-17 01:00:00+00:00,1.0,3.21,5.76,1.06,22.52
Buenos Aires,Argentina,-34.6037,-58.3816,2026-05-17 01:00:00+00:00,1.0,1.1,3.74,0.58,45.21
London,England,51.5074,-0.1278,2026-05-17 01:00:00+00:00,2.0,1.08,1.65,2.88,92.15
Madrid,Spain,40.4168,-3.7038,2026-05-17 01:00:00+00:00,1.0,0.72,1.34,1.02,51.03
Paris,France,48.8566,2.3522,2026-05-17 01:00:00+00:00,2.0,0.78,1.38,1.05,62.26
Antananarivo,Madagascar,-18.8792,47.5079,2026-05-17 02:00:00+00:00,1.0,2.88,5.1,0.95,22.71
Buenos Aires,Argentina,-34.6037,-58.3816,2026-05-17 02:00:00+00:00,1.0,1.1,3.86,0.65,43.09
London,England,51.5074,-0.1278,2026-05-17 02:00:00+00:00,2.0,1.14,1.69,2.8,89.22
Madrid,Spain,40.4168,-3.7038,2026-05-17 02:00:00+00:00,1.0,0.73,1.37,1.05,48.55
Paris,France,48.8566,2.3522,2026-05-17 02:00:00+00:00,1.0,0.75,1.23,0.95,59.83
Antananarivo,Madagascar,-18.8792,47.5079,2026-05-17 03:00:00+00:00,1.0,2.54,4.52,0.83,23.81
Buenos Aires,Argentina,-34.6037,-58.3816,2026-05-17 03:00:00+00:00,1.0,1.09,3.88,0.7,41.11
London,England,51.5074,-0.1278,2026-05-17 03:00:00+00:00,2.0,1.13,1.68,2.67,87.01
Madrid,Spain,40.4168,-3.7038,2026-05-17 03:00:00+00:00,1.0,0.74,1.44,1.12,47.17
Paris,France,48.8566,2.3522,2026-05-17 03:00:00+00:00,1.0,0.72,1.08,0.87,57.24
Antananarivo,Madagascar,-18.8792,47.5079,2026-05-17 04:00:00+00:00,1.0,2.31,4.33,0.78,25.54
Buenos Aires,Argentina,-34.6037,-58.3816,2026-05-17 04:00:00+00:00,1.0,1.08,3.76,0.73,38.42
London,England,51.5074,-0.1278,2026-05-17 04:00:00+00:00,2.0,0.97,1.5,2.55,85.21
Madrid,Spain,40.4168,-3.7038,2026-05-17 04:00:00+00:00,1.0,0.8,1.59,1.22,46.46
Paris,France,48.8566,2.3522,2026-05-17 04:00:00+00:00,1.0,0.68,0.95,0.84,55.04
Antananarivo,Madagascar,-18.8792,47.5079,2026-05-17 05:00:00+00:00,1.0,2.29,4.54,0.69,26.41
Buenos Aires,Argentina,-34.6037,-58.3816,2026-05-17 05:00:00+00:00,1.0,1.1,3.64,0.8,35.43
London,England,51.5074,-0.1278,2026-05-17 05:00:00+00:00,2.0,0.71,1.17,2.49,83.66
Madrid,Spain,40.4168,-3.7038,2026-05-17 05:00:00+00:00,1.0,0.9,1.81,1.43,44.6
Paris,France,48.8566,2.3522,2026-05-17 05:00:00+00:00,1.0,0.66,0.85,0.98,52.97
Antananarivo,Madagascar,-18.8792,47.5079,2026-05-17 06:00:00+00:00,1.0,2.24,4.55,0.51,29.79
Buenos Aires,Argentina,-34.6037,-58.3816,2026-05-17 06:00:00+00:00,1.0,1.13,3.53,0.87,32.83
London,England,51.5074,-0.1278,2026-05-17 06:00:00+00:00,2.0,0.51,0.87,2.5,81.71
Madrid,Spain,40.4168,-3.7038,2026-05-17 06:00:00+00:00,1.0,1.02,2.09,1.76,43.34
Paris,France,48.8566,2.3522,2026-05-17 06:00:00+00:00,1.0,0.64,0.79,1.3,50.97
Antananarivo,Madagascar,-18.8792,47.5079,2026-05-17 07:00:00+00:00,1.0,0.81,1.65,0.14,47.59
Buenos Aires,Argentina,-34.6037,-58.3816,2026-05-17 07:00:00+00:00,1.0,1.16,3.43,0.93,30.36
London,England,51.5074,-0.1278,2026-05-17 07:00:00+00:00,2.0,0.5,0.68,2.6,79.29
Madrid,Spain,40.4168,-3.7038,2026-05-17 07:00:00+00:00,1.0,1.07,2.36,1.86,45.43
Paris,France,48.8566,2.3522,2026-05-17 07:00:00+00:00,1.0,0.63,0.75,1.44,50.28
Antananarivo,Madagascar,-18.8792,47.5079,2026-05-17 08:00:00+00:00,1.0,0.64,1.2,0.08,48.89
Buenos Aires,Argentina,-34.6037,-58.3816,2026-05-17 08:00:00+00:00,1.0,1.22,3.42,1.02,28.56
London,England,51.5074,-0.1278,2026-05-17 08:00:00+00:00,2.0,0.5,0.59,2.81,76.95
Madrid,Spain,40.4168,-3.7038,2026-05-17 08:00:00+00:00,1.0,1.07,2.53,1.66,46.45
Paris,France,48.8566,2.3522,2026-05-17 08:00:00+00:00,1.0,0.6,0.73,1.37,51.94
Antananarivo,Madagascar,-18.8792,47.5079,2026-05-17 09:00:00+00:00,1.0,0.66,1.15,0.06,47.6
Buenos Aires,Argentina,-34.6037,-58.3816,2026-05-17 09:00:00+00:00,1.0,1.28,3.46,1.11,27.17
London,England,51.5074,-0.1278,2026-05-17 09:00:00+00:00,2.0,0.5,0.57,2.96,74.92
Madrid,Spain,40.4168,-3.7038,2026-05-17 09:00:00+00:00,1.0,1.16,2.82,1.34,49.3
Paris,France,48.8566,2.3522,2026-05-17 09:00:00+00:00,1.0,0.56,0.69,1.2,56.43
Antananarivo,Madagascar,-18.8792,47.5079,2026-05-17 10:00:00+00:00,1.0,0.77,1.28,0.07,46.45
Buenos Aires,Argentina,-34.6037,-58.3816,2026-05-17 10:00:00+00:00,1.0,1.34,3.54,1.26,25.86
London,England,51.5074,-0.1278,2026-05-17 10:00:00+00:00,2.0,0.5,0.58,2.88,74.14
Madrid,Spain,40.4168,-3.7038,2026-05-17 10:00:00+00:00,2.0,1.01,2.16,0.57,81.81
Paris,France,48.8566,2.3522,2026-05-17 10:00:00+00:00,2.0,0.5,0.51,0.77,77.62
Antananarivo,Madagascar,-18.8792,47.5079,2026-05-17 11:00:00+00:00,1.0,0.9,1.47,0.09,45.19
Buenos Aires,Argentina,-34.6037,-58.3816,2026-05-17 11:00:00+00:00,1.0,1.4,3.72,1.47,24.7
London,England,51.5074,-0.1278,2026-05-17 11:00:00+00:00,2.0,0.5,0.63,2.62,74.87
Madrid,Spain,40.4168,-3.7038,2026-05-17 11:00:00+00:00,2.0,0.8,1.57,0.36,87.54
Paris,France,48.8566,2.3522,2026-05-17 11:00:00+00:00,2.0,0.5,0.5,0.61,85.65
Antananarivo,Madagascar,-18.8792,47.5079,2026-05-17 12:00:00+00:00,1.0,1.03,1.66,0.11,44.46
Buenos Aires,Argentina,-34.6037,-58.3816,2026-05-17 12:00:00+00:00,1.0,1.46,3.97,1.49,24.18
London,England,51.5074,-0.1278,2026-05-17 12:00:00+00:00,2.0,0.5,0.7,2.31,76.62
Madrid,Spain,40.4168,-3.7038,2026-05-17 12:00:00+00:00,2.0,0.68,1.3,0.29,87.94
Paris,France,48.8566,2.3522,2026-05-17 12:00:00+00:00,2.0,0.5,0.5,0.58,86.39
Antananarivo,Madagascar,-18.8792,47.5079,2026-05-17 13:00:00+00:00,1.0,1.19,1.96,0.16,43.7
Buenos Aires,Argentina,-34.6037,-58.3816,2026-05-17 13:00:00+00:00,1.0,1.48,4.23,1.05,24.92
London,England,51.5074,-0.1278,2026-05-17 13:00:00+00:00,2.0,0.5,0.75,1.99,79.17
Madrid,Spain,40.4168,-3.7038,2026-05-17 13:00:00+00:00,2.0,0.62,1.11,0.26,89.28
Paris,France,48.8566,2.3522,2026-05-17 13:00:00+00:00,2.0,0.5,0.5,0.61,85.41
Antananarivo,Madagascar,-18.8792,47.5079,2026-05-17 14:00:00+00:00,1.0,1.39,2.3,0.25,41.9
Buenos Aires,Argentina,-34.6037,-58.3816,2026-05-17 14:00:00+00:00,1.0,1.5,4.46,0.79,26.44
London,England,51.5074,-0.1278,2026-05-17 14:00:00+00:00,2.0,0.5,0.76,1.77,81.72
Madrid,Spain,40.4168,-3.7038,2026-05-17 14:00:00+00:00,2.0,0.57,0.96,0.24,90.22
Paris,France,48.8566,2.3522,2026-05-17 14:00:00+00:00,2.0,0.5,0.5,0.68,81.22
Antananarivo,Madagascar,-18.8792,47.5079,2026-05-17 15:00:00+00:00,1.0,1.58,2.6,0.35,40.59
Buenos Aires,Argentina,-34.6037,-58.3816,2026-05-17 15:00:00+00:00,1.0,1.55,4.71,0.65,29.92
London,England,51.5074,-0.1278,2026-05-17 15:00:00+00:00,2.0,0.5,0.76,1.67,83.87
Madrid,Spain,40.4168,-3.7038,2026-05-17 15:00:00+00:00,2.0,0.53,0.87,0.23,91.49
Paris,France,48.8566,2.3522,2026-05-17 15:00:00+00:00,2.0,0.5,0.5,0.79,77.09
Antananarivo,Madagascar,-18.8792,47.5079,2026-05-17 16:00:00+00:00,1.0,1.9,3.25,0.53,36.89
Buenos Aires,Argentina,-34.6037,-58.3816,2026-05-17 16:00:00+00:00,1.0,0.96,3.86,0.23,50.49
London,England,51.5074,-0.1278,2026-05-17 16:00:00+00:00,2.0,0.5,0.78,1.79,84.9
Madrid,Spain,40.4168,-3.7038,2026-05-17 16:00:00+00:00,2.0,0.52,0.84,0.23,93.54
Paris,France,48.8566,2.3522,2026-05-17 16:00:00+00:00,2.0,0.5,0.5,0.95,71.6
Antananarivo,Madagascar,-18.8792,47.5079,2026-05-17 17:00:00+00:00,1.0,2.42,4.35,0.79,32.36
Buenos Aires,Argentina,-34.6037,-58.3816,2026-05-17 17:00:00+00:00,1.0,0.86,3.51,0.15,53.28
London,England,51.5074,-0.1278,2026-05-17 17:00:00+00:00,2.0,0.5,0.71,2.04,85.68
Madrid,Spain,40.4168,-3.7038,2026-05-17 17:00:00+00:00,2.0,0.54,0.9,0.26,94.39
Paris,France,48.8566,2.3522,2026-05-17 17:00:00+00:00,2.0,0.5,0.51,1.19,66.54
Antananarivo,Madagascar,-18.8792,47.5079,2026-05-17 18:00:00+00:00,1.0,2.93,5.36,0.99,28.81
Buenos Aires,Argentina,-34.6037,-58.3816,2026-05-17 18:00:00+00:00,1.0,0.9,3.65,0.15,53.37
London,England,51.5074,-0.1278,2026-05-17 18:00:00+00:00,2.0,0.5,0.6,2.19,86.78
Madrid,Spain,40.4168,-3.7038,2026-05-17 18:00:00+00:00,2.0,0.56,1.0,0.3,95.27
Paris,France,48.8566,2.3522,2026-05-17 18:00:00+00:00,2.0,0.5,0.53,1.35,63.07
Antananarivo,Madagascar,-18.8792,47.5079,2026-05-17 19:00:00+00:00,1.0,3.45,6.32,1.17,25.32
Buenos Aires,Argentina,-34.6037,-58.3816,2026-05-17 19:00:00+00:00,1.0,1.0,3.94,0.22,51.9
London,England,51.5074,-0.1278,2026-05-17 19:00:00+00:00,2.0,0.5,0.5,2.26,88.31
Madrid,Spain,40.4168,-3.7038,2026-05-17 19:00:00+00:00,2.0,0.57,1.06,0.48,88.59
Paris,France,48.8566,2.3522,2026-05-17 19:00:00+00:00,1.0,0.5,0.55,1.5,58.04
Antananarivo,Madagascar,-18.8792,47.5079,2026-05-17 20:00:00+00:00,1.0,3.91,7.06,1.33,22.04
Buenos Aires,Argentina,-34.6037,-58.3816,2026-05-17 20:00:00+00:00,1.0,1.13,4.21,0.41,48.52
London,England,51.5074,-0.1278,2026-05-17 20:00:00+00:00,2.0,0.5,0.5,2.26,89.22
Madrid,Spain,40.4168,-3.7038,2026-05-17 20:00:00+00:00,2.0,0.6,1.15,0.71,78.61
Paris,France,48.8566,2.3522,2026-05-17 20:00:00+00:00,1.0,0.52,0.59,1.61,50.6
Antananarivo,Madagascar,-18.8792,47.5079,2026-05-17 21:00:00+00:00,1.0,4.05,7.05,1.39,19.39
Buenos Aires,Argentina,-34.6037,-58.3816,2026-05-17 21:00:00+00:00,1.0,1.23,4.46,0.71,45.81
London,England,51.5074,-0.1278,2026-05-17 21:00:00+00:00,2.0,0.5,0.5,2.27,88.87
Madrid,Spain,40.4168,-3.7038,2026-05-17 21:00:00+00:00,2.0,0.63,1.22,0.9,71.99
Paris,France,48.8566,2.3522,2026-05-17 21:00:00+00:00,1.0,0.53,0.67,1.72,43.61
Antananarivo,Madagascar,-18.8792,47.5079,2026-05-17 22:00:00+00:00,1.0,4.16,7.01,1.43,17.53
Buenos Aires,Argentina,-34.6037,-58.3816,2026-05-17 22:00:00+00:00,1.0,1.32,4.66,0.89,43.6
London,England,51.5074,-0.1278,2026-05-17 22:00:00+00:00,2.0,0.5,0.5,2.27,87.74
Madrid,Spain,40.4168,-3.7038,2026-05-17 22:00:00+00:00,2.0,0.63,1.23,1.04,67.19
Paris,France,48.8566,2.3522,2026-05-17 22:00:00+00:00,1.0,0.55,0.72,1.72,37.8
Antananarivo,Madagascar,-18.8792,47.5079,2026-05-17 23:00:00+00:00,1.0,4.34,7.2,1.49,16.29
Buenos Aires,Argentina,-34.6037,-58.3816,2026-05-17 23:00:00+00:00,1.0,1.43,4.93,0.96,42.25
London,England,51.5074,-0.1278,2026-05-17 23:00:00+00:00,2.0,0.5,0.5,2.24,87.34
Madrid,Spain,40.4168,-3.7038,2026-05-17 23:00:00+00:00,2.0,0.64,1.26,1.12,63.25
Paris,France,48.8566,2.3522,2026-05-17 23:00:00+00:00,1.0,0.58,0.75,1.64,34.37
Antananarivo,Madagascar,-18.8792,47.5079,2026-05-18 00:00:00+00:00,1.0,4.48,7.36,1.54,15.29
Buenos Aires,Argentina,-34.6037,-58.3816,2026-05-18 00:00:00+00:00,1.0,1.54,5.21,0.99,41.08
London,England,51.5074,-0.1278,2026-05-18 00:00:00+00:00,2.0,0.5,0.5,2.2,87.66
Madrid,Spain,40.4168,-3.7038,2026-05-18 00:00:00+00:00,1.0,0.66,1.29,1.14,59.58
Paris,France,48.8566,2.3522,2026-05-18 00:00:00+00:00,1.0,0.6,0.75,1.51,32.24
Antananarivo,Madagascar,-18.8792,47.5079,2026-05-18 01:00:00+00:00,1.0,4.57,7.44,1.56,14.49
Buenos Aires,Argentina,-34.6037,-58.3816,2026-05-18 01:00:00+00:00,1.0,1.65,5.47,1.02,39.6
London,England,51.5074,-0.1278,2026-05-18 01:00:00+00:00,2.0,0.5,0.5,2.23,87.62
Madrid,Spain,40.4168,-3.7038,2026-05-18 01:00:00+00:00,1.0,0.67,1.33,1.12,55.2
Paris,France,48.8566,2.3522,2026-05-18 01:00:00+00:00,1.0,0.6,0.75,1.39,30.04
Antananarivo,Madagascar,-18.8792,47.5079,2026-05-18 02:00:00+00:00,1.0,4.62,7.45,1.55,13.86
Buenos Aires,Argentina,-34.6037,-58.3816,2026-05-18 02:00:00+00:00,1.0,1.78,5.82,1.07,38.31
London,England,51.5074,-0.1278,2026-05-18 02:00:00+00:00,2.0,0.5,0.5,2.39,87.64
Madrid,Spain,40.4168,-3.7038,2026-05-18 02:00:00+00:00,1.0,0.68,1.4,1.08,50.82
Paris,France,48.8566,2.3522,2026-05-18 02:00:00+00:00,1.0,0.59,0.75,1.3,27.51
Antananarivo,Madagascar,-18.8792,47.5079,2026-05-18 03:00:00+00:00,1.0,4.67,7.18,1.54,13.74
Buenos Aires,Argentina,-34.6037,-58.3816,2026-05-18 03:00:00+00:00,1.0,1.93,6.27,1.11,36.98
London,England,51.5074,-0.1278,2026-05-18 03:00:00+00:00,2.0,0.5,0.5,2.51,86.94
Madrid,Spain,40.4168,-3.7038,2026-05-18 03:00:00+00:00,1.0,0.7,1.49,1.06,47.64
Paris,France,48.8566,2.3522,2026-05-18 03:00:00+00:00,1.0,0.59,0.77,1.27,25.56
Antananarivo,Madagascar,-18.8792,47.5079,2026-05-18 04:00:00+00:00,1.0,4.77,7.56,1.54,14.74
Buenos Aires,Argentina,-34.6037,-58.3816,2026-05-18 04:00:00+00:00,1.0,2.08,6.76,1.11,35.48
London,England,51.5074,-0.1278,2026-05-18 04:00:00+00:00,2.0,0.5,0.5,2.53,86.39
Madrid,Spain,40.4168,-3.7038,2026-05-18 04:00:00+00:00,1.0,0.73,1.65,1.01,47.77
Paris,France,48.8566,2.3522,2026-05-18 04:00:00+00:00,1.0,0.59,0.8,1.34,23.94
Antananarivo,Madagascar,-18.8792,47.5079,2026-05-18 05:00:00+00:00,1.0,4.97,8.56,1.18,16.64
Buenos Aires,Argentina,-34.6037,-58.3816,2026-05-18 05:00:00+00:00,1.0,2.26,7.36,1.1,34.39
London,England,51.5074,-0.1278,2026-05-18 05:00:00+00:00,2.0,0.5,0.52,2.39,86.64
Madrid,Spain,40.4168,-3.7038,2026-05-18 05:00:00+00:00,1.0,0.79,1.84,1.1,48.37
Paris,France,48.8566,2.3522,2026-05-18 05:00:00+00:00,1.0,0.62,0.87,1.78,22.55
Antananarivo,Madagascar,-18.8792,47.5079,2026-05-18 06:00:00+00:00,1.0,5.44,9.29,0.85,22.28
Buenos Aires,Argentina,-34.6037,-58.3816,2026-05-18 06:00:00+00:00,1.0,2.43,7.98,1.1,33.43
London,England,51.5074,-0.1278,2026-05-18 06:00:00+00:00,2.0,0.5,0.55,2.26,88.17
Madrid,Spain,40.4168,-3.7038,2026-05-18 06:00:00+00:00,1.0,0.85,2.05,1.34,48.77
Paris,France,48.8566,2.3522,2026-05-18 06:00:00+00:00,1.0,0.68,0.97,2.5,22.17
Antananarivo,Madagascar,-18.8792,47.5079,2026-05-18 07:00:00+00:00,1.0,1.33,2.56,0.17,40.14
Buenos Aires,Argentina,-34.6037,-58.3816,2026-05-18 07:00:00+00:00,1.0,2.6,8.59,1.09,32.44
London,England,51.5074,-0.1278,2026-05-18 07:00:00+00:00,2.0,0.5,0.62,2.16,90.33
Madrid,Spain,40.4168,-3.7038,2026-05-18 07:00:00+00:00,1.0,0.91,2.22,1.29,49.09
Paris,France,48.8566,2.3522,2026-05-18 07:00:00+00:00,1.0,0.72,1.06,2.75,24.85
Antananarivo,Madagascar,-18.8792,47.5079,2026-05-18 08:00:00+00:00,1.0,1.05,2.01,0.1,41.84
Buenos Aires,Argentina,-34.6037,-58.3816,2026-05-18 08:00:00+00:00,1.0,2.78,9.21,1.12,31.5
London,England,51.5074,-0.1278,2026-05-18 08:00:00+00:00,2.0,0.54,0.8,2.21,91.93
Madrid,Spain,40.4168,-3.7038,2026-05-18 08:00:00+00:00,1.0,0.97,2.39,1.0,50.17
Paris,France,48.8566,2.3522,2026-05-18 08:00:00+00:00,1.0,0.75,1.14,2.58,28.24
Antananarivo,Madagascar,-18.8792,47.5079,2026-05-18 09:00:00+00:00,1.0,1.09,2.02,0.08,41.28
Buenos Aires,Argentina,-34.6037,-58.3816,2026-05-18 09:00:00+00:00,1.0,2.96,9.84,1.17,30.58
London,England,51.5074,-0.1278,2026-05-18 09:00:00+00:00,2.0,0.57,0.95,2.27,93.05
Madrid,Spain,40.4168,-3.7038,2026-05-18 09:00:00+00:00,1.0,1.07,2.67,0.74,54.87
Paris,France,48.8566,2.3522,2026-05-18 09:00:00+00:00,1.0,0.78,1.22,2.38,32.61
Antananarivo,Madagascar,-18.8792,47.5079,2026-05-18 10:00:00+00:00,1.0,1.17,1.97,0.08,42.08
Buenos Aires,Argentina,-34.6037,-58.3816,2026-05-18 10:00:00+00:00,1.0,3.11,10.47,1.31,29.56
London,England,51.5074,-0.1278,2026-05-18 10:00:00+00:00,2.0,0.58,1.0,2.16,94.22
Madrid,Spain,40.4168,-3.7038,2026-05-18 10:00:00+00:00,2.0,0.92,2.1,0.26,86.99
Paris,France,48.8566,2.3522,2026-05-18 10:00:00+00:00,2.0,0.5,0.7,1.06,68.82
Antananarivo,Madagascar,-18.8792,47.5079,2026-05-18 11:00:00+00:00,1.0,1.3,2.07,0.09,42.22
Buenos Aires,Argentina,-34.6037,-58.3816,2026-05-18 11:00:00+00:00,1.0,3.26,11.29,1.55,28.64
London,England,51.5074,-0.1278,2026-05-18 11:00:00+00:00,2.0,0.53,0.96,1.9,96.17
Madrid,Spain,40.4168,-3.7038,2026-05-18 11:00:00+00:00,2.0,0.87,1.86,0.18,91.64
Paris,France,48.8566,2.3522,2026-05-18 11:00:00+00:00,2.0,0.5,0.51,0.68,77.46
Antananarivo,Madagascar,-18.8792,47.5079,2026-05-18 12:00:00+00:00,1.0,1.4,2.21,0.11,41.83
Buenos Aires,Argentina,-34.6037,-58.3816,2026-05-18 12:00:00+00:00,1.0,3.41,12.22,1.61,28.14
London,England,51.5074,-0.1278,2026-05-18 12:00:00+00:00,2.0,0.5,0.88,1.65,98.03
Madrid,Spain,40.4168,-3.7038,2026-05-18 12:00:00+00:00,2.0,0.91,1.92,0.17,92.04
Paris,France,48.8566,2.3522,2026-05-18 12:00:00+00:00,2.0,0.5,0.5,0.64,78.93
Antananarivo,Madagascar,-18.8792,47.5079,2026-05-18 13:00:00+00:00,1.0,1.65,2.71,0.24,39.16
Buenos Aires,Argentina,-34.6037,-58.3816,2026-05-18 13:00:00+00:00,1.0,3.51,12.98,1.23,28.03
London,England,51.5074,-0.1278,2026-05-18 13:00:00+00:00,2.0,0.5,0.85,1.55,99.25
Madrid,Spain,40.4168,-3.7038,2026-05-18 13:00:00+00:00,2.0,0.98,2.02,0.17,93.89
Paris,France,48.8566,2.3522,2026-05-18 13:00:00+00:00,2.0,0.5,0.5,0.61,80.08
Antananarivo,Madagascar,-18.8792,47.5079,2026-05-18 14:00:00+00:00,1.0,2.02,3.5,0.55,35.06
Buenos Aires,Argentina,-34.6037,-58.3816,2026-05-18 14:00:00+00:00,1.0,3.63,13.52,0.96,27.95
London,England,51.5074,-0.1278,2026-05-18 14:00:00+00:00,2.0,0.5,0.85,1.57,99.9
Madrid,Spain,40.4168,-3.7038,2026-05-18 14:00:00+00:00,2.0,1.01,2.08,0.18,95.3
Paris,France,48.8566,2.3522,2026-05-18 14:00:00+00:00,2.0,0.5,0.51,0.58,80.77
Antananarivo,Madagascar,-18.8792,47.5079,2026-05-18 15:00:00+00:00,1.0,2.39,4.29,0.93,31.29
Buenos Aires,Argentina,-34.6037,-58.3816,2026-05-18 15:00:00+00:00,1.0,3.94,14.46,0.8,29.52
London,England,51.5074,-0.1278,2026-05-18 15:00:00+00:00,3.0,0.51,0.87,1.64,100.24
Madrid,Spain,40.4168,-3.7038,2026-05-18 15:00:00+00:00,2.0,1.05,2.16,0.2,96.13
Paris,France,48.8566,2.3522,2026-05-18 15:00:00+00:00,2.0,0.5,0.5,0.6,81.3
Antananarivo,Madagascar,-18.8792,47.5079,2026-05-18 16:00:00+00:00,1.0,2.81,5.22,1.17,27.89
Buenos Aires,Argentina,-34.6037,-58.3816,2026-05-18 16:00:00+00:00,1.0,4.46,17.04,0.58,39.63
London,England,51.5074,-0.1278,2026-05-18 16:00:00+00:00,3.0,0.52,0.89,1.73,100.64
Madrid,Spain,40.4168,-3.7038,2026-05-18 16:00:00+00:00,2.0,1.09,2.26,0.23,97.49
Paris,France,48.8566,2.3522,2026-05-18 16:00:00+00:00,2.0,0.5,0.5,0.73,81.01
Antananarivo,Madagascar,-18.8792,47.5079,2026-05-18 17:00:00+00:00,1.0,3.23,6.07,1.29,25.55
Buenos Aires,Argentina,-34.6037,-58.3816,2026-05-18 17:00:00+00:00,1.0,4.99,18.02,0.47,43.17
London,England,51.5074,-0.1278,2026-05-18 17:00:00+00:00,2.0,0.52,0.88,2.08,99.11
Madrid,Spain,40.4168,-3.7038,2026-05-18 17:00:00+00:00,2.0,1.11,2.36,0.28,97.92
Paris,France,48.8566,2.3522,2026-05-18 17:00:00+00:00,2.0,0.5,0.5,0.91,79.2
Antananarivo,Madagascar,-18.8792,47.5079,2026-05-18 18:00:00+00:00,1.0,3.45,6.43,1.31,24.22
Buenos Aires,Argentina,-34.6037,-58.3816,2026-05-18 18:00:00+00:00,1.0,5.38,18.59,0.42,44.62
London,England,51.5074,-0.1278,2026-05-18 18:00:00+00:00,2.0,0.5,0.84,2.59,96.31
Madrid,Spain,40.4168,-3.7038,2026-05-18 18:00:00+00:00,2.0,1.12,2.44,0.33,98.27
Paris,France,48.8566,2.3522,2026-05-18 18:00:00+00:00,2.0,0.5,0.5,1.04,77.53
Antananarivo,Madagascar,-18.8792,47.5079,2026-05-18 19:00:00+00:00,1.0,3.36,6.32,1.22,23.16
Buenos Aires,Argentina,-34.6037,-58.3816,2026-05-18 19:00:00+00:00,1.0,5.43,17.71,0.49,44.45
London,England,51.5074,-0.1278,2026-05-18 19:00:00+00:00,2.0,0.5,0.75,3.06,93.18
Madrid,Spain,40.4168,-3.7038,2026-05-18 19:00:00+00:00,2.0,1.14,2.5,0.45,95.62
Paris,France,48.8566,2.3522,2026-05-18 19:00:00+00:00,2.0,0.5,0.5,1.38,71.08
Antananarivo,Madagascar,-18.8792,47.5079,2026-05-18 20:00:00+00:00,1.0,3.27,6.26,1.17,21.88
Buenos Aires,Argentina,-34.6037,-58.3816,2026-05-18 20:00:00+00:00,1.0,5.48,16.65,0.93,40.64
London,England,51.5074,-0.1278,2026-05-18 20:00:00+00:00,2.0,0.5,0.67,3.22,90.02
Madrid,Spain,40.4168,-3.7038,2026-05-18 20:00:00+00:00,2.0,1.17,2.58,0.58,91.2
Paris,France,48.8566,2.3522,2026-05-18 20:00:00+00:00,2.0,0.5,0.57,1.81,60.66
Antananarivo,Madagascar,-18.8792,47.5079,2026-05-18 21:00:00+00:00,1.0,2.95,5.58,1.07,20.92
Buenos Aires,Argentina,-34.6037,-58.3816,2026-05-18 21:00:00+00:00,1.0,5.55,16.16,1.82,36.76
London,England,51.5074,-0.1278,2026-05-18 21:00:00+00:00,2.0,0.5,0.63,3.16,87.02
Madrid,Spain,40.4168,-3.7038,2026-05-18 21:00:00+00:00,2.0,1.19,2.66,0.68,87.88
Paris,France,48.8566,2.3522,2026-05-18 21:00:00+00:00,1.0,0.52,0.68,2.12,52.04
Antananarivo,Madagascar,-18.8792,47.5079,2026-05-18 22:00:00+00:00,1.0,2.75,4.69,1.02,19.36
Buenos Aires,Argentina,-34.6037,-58.3816,2026-05-18 22:00:00+00:00,1.0,5.57,15.79,2.41,34.12
London,England,51.5074,-0.1278,2026-05-18 22:00:00+00:00,2.0,0.5,0.62,3.13,84.39
Madrid,Spain,40.4168,-3.7038,2026-05-18 22:00:00+00:00,2.0,1.19,2.69,0.74,83.23
Paris,France,48.8566,2.3522,2026-05-18 22:00:00+00:00,1.0,0.52,0.71,2.17,45.42
Antananarivo,Madagascar,-18.8792,47.5079,2026-05-18 23:00:00+00:00,1.0,2.73,4.35,1.02,17.69
Buenos Aires,Argentina,-34.6037,-58.3816,2026-05-18 23:00:00+00:00,1.0,5.63,15.67,2.65,33.0
London,England,51.5074,-0.1278,2026-05-18 23:00:00+00:00,2.0,0.5,0.67,3.17,82.61
Madrid,Spain,40.4168,-3.7038,2026-05-18 23:00:00+00:00,2.0,1.22,2.75,0.75,79.86
Paris,France,48.8566,2.3522,2026-05-18 23:00:00+00:00,1.0,0.51,0.69,1.94,42.49
Antananarivo,Madagascar,-18.8792,47.5079,2026-05-19 00:00:00+00:00,1.0,2.69,4.22,1.01,16.7
Buenos Aires,Argentina,-34.6037,-58.3816,2026-05-19 00:00:00+00:00,1.0,5.66,15.55,2.78,32.26
London,England,51.5074,-0.1278,2026-05-19 00:00:00+00:00,2.0,0.51,0.72,3.09,82.19
Madrid,Spain,40.4168,-3.7038,2026-05-19 00:00:00+00:00,2.0,1.26,2.86,0.72,77.31
Paris,France,48.8566,2.3522,2026-05-19 00:00:00+00:00,1.0,0.5,0.65,1.6,42.26
Antananarivo,Madagascar,-18.8792,47.5079,2026-05-19 01:00:00+00:00,,,,,
Buenos Aires,Argentina,-34.6037,-58.3816,2026-05-19 01:00:00+00:00,,,,,
London,England,51.5074,-0.1278,2026-05-19 01:00:00+00:00,,,,,
Madrid,Spain,40.4168,-3.7038,2026-05-19 01:00:00+00:00,,,,,
Paris,France,48.8566,2.3522,2026-05-19 01:00:00+00:00,,,,,
Antananarivo,Madagascar,-18.8792,47.5079,2026-05-19 02:00:00+00:00,,,,,
Buenos Aires,Argentina,-34.6037,-58.3816,2026-05-19 02:00:00+00:00,,,,,
London,England,51.5074,-0.1278,2026-05-19 02:00:00+00:00,,,,,
Madrid,Spain,40.4168,-3.7038,2026-05-19 02:00:00+00:00,,,,,
Paris,France,48.8566,2.3522,2026-05-19 02:00:00+00:00,,,,,
Antananarivo,Madagascar,-18.8792,47.5079,2026-05-19 03:00:00+00:00,,,,,
Buenos Aires,Argentina,-34.6037,-58.3816,2026-05-19 03:00:00+00:00,,,,,
London,England,51.5074,-0.1278,2026-05-19 03:00:00+00:00,,,,,
Madrid,Spain,40.4168,-3.7038,2026-05-19 03:00:00+00:00,,,,,
Paris,France,48.8566,2.3522,2026-05-19 03:00:00+00:00,,,,,
Antananarivo,Madagascar,-18.8792,47.5079,2026-05-19 04:00:00+00:00,,,,,
Buenos Aires,Argentina,-34.6037,-58.3816,2026-05-19 04:00:00+00:00,,,,,
London,England,51.5074,-0.1278,2026-05-19 04:00:00+00:00,,,,,
Madrid,Spain,40.4168,-3.7038,2026-05-19 04:00:00+00:00,,,,,
Paris,France,48.8566,2.3522,2026-05-19 04:00:00+00:00,,,,,
Antananarivo,Madagascar,-18.8792,47.5079,2026-05-19 05:00:00+00:00,,,,,
Buenos Aires,Argentina,-34.6037,-58.3816,2026-05-19 05:00:00+00:00,,,,,
London,England,51.5074,-0.1278,2026-05-19 05:00:00+00:00,,,,,
Madrid,Spain,40.4168,-3.7038,2026-05-19 05:00:00+00:00,,,,,
Paris,France,48.8566,2.3522,2026-05-19 05:00:00+00:00,,,,,
Antananarivo,Madagascar,-18.8792,47.5079,2026-05-19 06:00:00+00:00,,,,,
Buenos Aires,Argentina,-34.6037,-58.3816,2026-05-19 06:00:00+00:00,,,,,
London,England,51.5074,-0.1278,2026-05-19 06:00:00+00:00,,,,,
Madrid,Spain,40.4168,-3.7038,2026-05-19 06:00:00+00:00,,,,,
Paris,France,48.8566,2.3522,2026-05-19 06:00:00+00:00,,,,,
Antananarivo,Madagascar,-18.8792,47.5079,2026-05-19 07:00:00+00:00,,,,,
Buenos Aires,Argentina,-34.6037,-58.3816,2026-05-19 07:00:00+00:00,,,,,
London,England,51.5074,-0.1278,2026-05-19 07:00:00+00:00,,,,,
Madrid,Spain,40.4168,-3.7038,2026-05-19 07:00:00+00:00,,,,,
Paris,France,48.8566,2.3522,2026-05-19 07:00:00+00:00,,,,,
Antananarivo,Madagascar,-18.8792,47.5079,2026-05-19 08:00:00+00:00,,,,,
Buenos Aires,Argentina,-34.6037,-58.3816,2026-05-19 08:00:00+00:00,,,,,
London,England,51.5074,-0.1278,2026-05-19 08:00:00+00:00,,,,,
Madrid,Spain,40.4168,-3.7038,2026-05-19 08:00:00+00:00,,,,,
Paris,France,48.8566,2.3522,2026-05-19 08:00:00+00:00,,,,,
Antananarivo,Madagascar,-18.8792,47.5079,2026-05-19 09:00:00+00:00,,,,,
Buenos Aires,Argentina,-34.6037,-58.3816,2026-05-19 09:00:00+00:00,,,,,
London,England,51.5074,-0.1278,2026-05-19 09:00:00+00:00,,,,,
Madrid,Spain,40.4168,-3.7038,2026-05-19 09:00:00+00:00,,,,,
Paris,France,48.8566,2.3522,2026-05-19 09:00:00+00:00,,,,,
Antananarivo,Madagascar,-18.8792,47.5079,2026-05-19 10:00:00+00:00,,,,,
Buenos Aires,Argentina,-34.6037,-58.3816,2026-05-19 10:00:00+00:00,,,,,
London,England,51.5074,-0.1278,2026-05-19 10:00:00+00:00,,,,,
Madrid,Spain,40.4168,-3.7038,2026-05-19 10:00:00+00:00,,,,,
Paris,France,48.8566,2.3522,2026-05-19 10:00:00+00:00,,,,,
Antananarivo,Madagascar,-18.8792,47.5079,2026-05-19 11:00:00+00:00,,,,,
Buenos Aires,Argentina,-34.6037,-58.3816,2026-05-19 11:00:00+00:00,,,,,
London,England,51.5074,-0.1278,2026-05-19 11:00:00+00:00,,,,,
Madrid,Spain,40.4168,-3.7038,2026-05-19 11:00:00+00:00,,,,,
Paris,France,48.8566,2.3522,2026-05-19 11:00:00+00:00,,,,,
Antananarivo,Madagascar,-18.8792,47.5079,2026-05-19 12:00:00+00:00,,,,,
Buenos Aires,Argentina,-34.6037,-58.3816,2026-05-19 12:00:00+00:00,,,,,
London,England,51.5074,-0.1278,2026-05-19 12:00:00+00:00,,,,,
Madrid,Spain,40.4168,-3.7038,2026-05-19 12:00:00+00:00,,,,,
Paris,France,48.8566,2.3522,2026-05-19 12:00:00+00:00,,,,,
Antananarivo,Madagascar,-18.8792,47.5079,2026-05-19 13:00:00+00:00,,,,,
Buenos Aires,Argentina,-34.6037,-58.3816,2026-05-19 13:00:00+00:00,,,,,
London,England,51.5074,-0.1278,2026-05-19 13:00:00+00:00,,,,,
Madrid,Spain,40.4168,-3.7038,2026-05-19 13:00:00+00:00,,,,,
Paris,France,48.8566,2.3522,2026-05-19 13:00:00+00:00,,,,,
Antananarivo,Madagascar,-18.8792,47.5079,2026-05-19 14:00:00+00:00,,,,,
Buenos Aires,Argentina,-34.6037,-58.3816,2026-05-19 14:00:00+00:00,,,,,
London,England,51.5074,-0.1278,2026-05-19 14:00:00+00:00,,,,,
Madrid,Spain,40.4168,-3.7038,2026-05-19 14:00:00+00:00,,,,,
Paris,France,48.8566,2.3522,2026-05-19 14:00:00+00:00,,,,,
Antananarivo,Madagascar,-18.8792,47.5079,2026-05-19 15:00:00+00:00,,,,,
Buenos Aires,Argentina,-34.6037,-58.3816,2026-05-19 15:00:00+00:00,,,,,
London,England,51.5074,-0.1278,2026-05-19 15:00:00+00:00,,,,,
Madrid,Spain,40.4168,-3.7038,2026-05-19 15:00:00+00:00,,,,,
Paris,France,48.8566,2.3522,2026-05-19 15:00:00+00:00,,,,,
Antananarivo,Madagascar,-18.8792,47.5079,2026-05-19 16:00:00+00:00,,,,,
Buenos Aires,Argentina,-34.6037,-58.3816,2026-05-19 16:00:00+00:00,,,,,
London,England,51.5074,-0.1278,2026-05-19 16:00:00+00:00,,,,,
Madrid,Spain,40.4168,-3.7038,2026-05-19 16:00:00+00:00,,,,,
Paris,France,48.8566,2.3522,2026-05-19 16:00:00+00:00,,,,,
Antananarivo,Madagascar,-18.8792,47.5079,2026-05-19 17:00:00+00:00,,,,,
Buenos Aires,Argentina,-34.6037,-58.3816,2026-05-19 17:00:00+00:00,,,,,
London,England,51.5074,-0.1278,2026-05-19 17:00:00+00:00,,,,,
Madrid,Spain,40.4168,-3.7038,2026-05-19 17:00:00+00:00,,,,,
Paris,France,48.8566,2.3522,2026-05-19 17:00:00+00:00,,,,,
Antananarivo,Madagascar,-18.8792,47.5079,2026-05-19 18:00:00+00:00,,,,,
Buenos Aires,Argentina,-34.6037,-58.3816,2026-05-19 18:00:00+00:00,,,,,
London,England,51.5074,-0.1278,2026-05-19 18:00:00+00:00,,,,,
Madrid,Spain,40.4168,-3.7038,2026-05-19 18:00:00+00:00,,,,,
Paris,France,48.8566,2.3522,2026-05-19 18:00:00+00:00,,,,,
Antananarivo,Madagascar,-18.8792,47.5079,2026-05-19 19:00:00+00:00,,,,,
Buenos Aires,Argentina,-34.6037,-58.3816,2026-05-19 19:00:00+00:00,,,,,
London,England,51.5074,-0.1278,2026-05-19 19:00:00+00:00,,,,,
Madrid,Spain,40.4168,-3.7038,2026-05-19 19:00:00+00:00,,,,,
Paris,France,48.8566,2.3522,2026-05-19 19:00:00+00:00,,,,,
Antananarivo,Madagascar,-18.8792,47.5079,2026-05-19 20:00:00+00:00,,,,,
Buenos Aires,Argentina,-34.6037,-58.3816,2026-05-19 20:00:00+00:00,,,,,
London,England,51.5074,-0.1278,2026-05-19 20:00:00+00:00,,,,,
Madrid,Spain,40.4168,-3.7038,2026-05-19 20:00:00+00:00,,,,,
Paris,France,48.8566,2.3522,2026-05-19 20:00:00+00:00,,,,,
Antananarivo,Madagascar,-18.8792,47.5079,2026-05-19 21:00:00+00:00,,,,,
Buenos Aires,Argentina,-34.6037,-58.3816,2026-05-19 21:00:00+00:00,,,,,
London,England,51.5074,-0.1278,2026-05-19 21:00:00+00:00,,,,,
Madrid,Spain,40.4168,-3.7038,2026-05-19 21:00:00+00:00,,,,,
Paris,France,48.8566,2.3522,2026-05-19 21:00:00+00:00,,,,,
Antananarivo,Madagascar,-18.8792,47.5079,2026-05-19 22:00:00+00:00,,,,,
Buenos Aires,Argentina,-34.6037,-58.3816,2026-05-19 22:00:00+00:00,,,,,
London,England,51.5074,-0.1278,2026-05-19 22:00:00+00:00,,,,,
Madrid,Spain,40.4168,-3.7038,2026-05-19 22:00:00+00:00,,,,,
Paris,France,48.8566,2.3522,2026-05-19 22:00:00+00:00,,,,,
Antananarivo,Madagascar,-18.8792,47.5079,2026-05-19 23:00:00+00:00,,,,,
Buenos Aires,Argentina,-34.6037,-58.3816,2026-05-19 23:00:00+00:00,,,,,
London,England,51.5074,-0.1278,2026-05-19 23:00:00+00:00,,,,,
Madrid,Spain,40.4168,-3.7038,2026-05-19 23:00:00+00:00,,,,,
Paris,France,48.8566,2.3522,2026-05-19 23:00:00+00:00,,,,,
Antananarivo,Madagascar,-18.8792,47.5079,2026-05-20 00:00:00+00:00,1.0,5.5,8.8,1.59,19.58
Buenos Aires,Argentina,-34.6037,-58.3816,2026-05-20 00:00:00+00:00,1.0,8.08,17.96,1.78,38.45
London,England,51.5074,-0.1278,2026-05-20 00:00:00+00:00,2.0,3.14,6.4,2.63,94.9
Madrid,Spain,40.4168,-3.7038,2026-05-20 00:00:00+00:00,1.0,1.1,2.36,0.88,57.45
Paris,France,48.8566,2.3522,2026-05-20 00:00:00+00:00,2.0,2.82,5.74,0.67,70.64
Antananarivo,Madagascar,-18.8792,47.5079,2026-05-20 01:00:00+00:00,1.0,5.5,8.8,1.59,19.58
Buenos Aires,Argentina,-34.6037,-58.3816,2026-05-20 01:00:00+00:00,1.0,8.08,17.96,1.78,38.45
London,England,51.5074,-0.1278,2026-05-20 01:00:00+00:00,2.0,3.14,6.4,2.63,94.9
Madrid,Spain,40.4168,-3.7038,2026-05-20 01:00:00+00:00,1.0,1.1,2.36,0.88,57.45
Paris,France,48.8566,2.3522,2026-05-20 01:00:00+00:00,2.0,2.82,5.74,0.67,70.64
Antananarivo,Madagascar,-18.8792,47.5079,2026-05-20 02:00:00+00:00,1.0,5.22,8.28,1.52,19.64
Buenos Aires,Argentina,-34.6037,-58.3816,2026-05-20 02:00:00+00:00,1.0,7.89,17.83,1.78,36.39
London,England,51.5074,-0.1278,2026-05-20 02:00:00+00:00,2.0,3.4,6.66,2.65,94.5
Madrid,Spain,40.4168,-3.7038,2026-05-20 02:00:00+00:00,1.0,1.11,2.39,0.91,55.18
Paris,France,48.8566,2.3522,2026-05-20 02:00:00+00:00,2.0,3.22,6.54,0.59,69.84
Antananarivo,Madagascar,-18.8792,47.5079,2026-05-20 03:00:00+00:00,1.0,4.94,7.83,1.45,20.66
Buenos Aires,Argentina,-34.6037,-58.3816,2026-05-20 03:00:00+00:00,1.0,7.56,17.18,1.72,34.46
London,England,51.5074,-0.1278,2026-05-20 03:00:00+00:00,2.0,3.59,7.06,2.71,94.03
Madrid,Spain,40.4168,-3.7038,2026-05-20 03:00:00+00:00,1.0,1.12,2.42,0.97,53.62
Paris,France,48.8566,2.3522,2026-05-20 03:00:00+00:00,2.0,3.44,7.0,0.55,69.59
Antananarivo,Madagascar,-18.8792,47.5079,2026-05-20 04:00:00+00:00,1.0,4.59,7.82,1.4,23.2
Buenos Aires,Argentina,-34.6037,-58.3816,2026-05-20 04:00:00+00:00,1.0,7.03,15.91,1.61,32.65
London,England,51.5074,-0.1278,2026-05-20 04:00:00+00:00,2.0,3.6,7.13,2.79,93.85
Madrid,Spain,40.4168,-3.7038,2026-05-20 04:00:00+00:00,1.0,1.13,2.44,1.08,52.02
Paris,France,48.8566,2.3522,2026-05-20 04:00:00+00:00,2.0,3.45,7.05,0.54,69.78
Antananarivo,Madagascar,-18.8792,47.5079,2026-05-20 05:00:00+00:00,1.0,4.47,8.23,1.13,25.53
Buenos Aires,Argentina,-34.6037,-58.3816,2026-05-20 05:00:00+00:00,1.0,6.43,14.28,1.48,31.24
London,England,51.5074,-0.1278,2026-05-20 05:00:00+00:00,2.0,3.72,7.68,3.03,93.55
Madrid,Spain,40.4168,-3.7038,2026-05-20 05:00:00+00:00,1.0,1.17,2.5,1.39,49.08
Paris,France,48.8566,2.3522,2026-05-20 05:00:00+00:00,2.0,3.34,6.9,0.71,70.17
Antananarivo,Madagascar,-18.8792,47.5079,2026-05-20 06:00:00+00:00,1.0,4.79,8.75,0.77,30.11
Buenos Aires,Argentina,-34.6037,-58.3816,2026-05-20 06:00:00+00:00,1.0,5.69,12.37,1.34,30.49
London,England,51.5074,-0.1278,2026-05-20 06:00:00+00:00,2.0,4.03,9.03,3.27,93.58
Madrid,Spain,40.4168,-3.7038,2026-05-20 06:00:00+00:00,1.0,1.22,2.57,1.98,44.87
Paris,France,48.8566,2.3522,2026-05-20 06:00:00+00:00,2.0,3.26,6.83,1.05,70.24
Antananarivo,Madagascar,-18.8792,47.5079,2026-05-20 07:00:00+00:00,1.0,1.89,3.52,0.18,45.48
Buenos Aires,Argentina,-34.6037,-58.3816,2026-05-20 07:00:00+00:00,1.0,4.83,10.41,1.18,30.32
London,England,51.5074,-0.1278,2026-05-20 07:00:00+00:00,2.0,4.33,10.43,3.31,93.83
Madrid,Spain,40.4168,-3.7038,2026-05-20 07:00:00+00:00,1.0,1.28,2.61,2.05,39.79
Paris,France,48.8566,2.3522,2026-05-20 07:00:00+00:00,2.0,3.07,6.24,1.26,70.7
Antananarivo,Madagascar,-18.8792,47.5079,2026-05-20 08:00:00+00:00,1.0,1.76,3.13,0.1,47.17
Buenos Aires,Argentina,-34.6037,-58.3816,2026-05-20 08:00:00+00:00,1.0,4.11,8.85,1.06,30.59
London,England,51.5074,-0.1278,2026-05-20 08:00:00+00:00,2.0,4.52,10.77,3.62,94.01
Madrid,Spain,40.4168,-3.7038,2026-05-20 08:00:00+00:00,1.0,1.35,2.7,1.83,36.97
Paris,France,48.8566,2.3522,2026-05-20 08:00:00+00:00,2.0,2.81,5.27,1.26,71.88
Antananarivo,Madagascar,-18.8792,47.5079,2026-05-20 09:00:00+00:00,1.0,1.86,3.16,0.09,47.01
Buenos Aires,Argentina,-34.6037,-58.3816,2026-05-20 09:00:00+00:00,1.0,3.52,7.69,0.97,30.99
London,England,51.5074,-0.1278,2026-05-20 09:00:00+00:00,2.0,4.43,9.46,4.0,93.54
Madrid,Spain,40.4168,-3.7038,2026-05-20 09:00:00+00:00,1.0,1.48,2.88,1.71,39.11
Paris,France,48.8566,2.3522,2026-05-20 09:00:00+00:00,2.0,2.67,4.63,1.16,73.52
Antananarivo,Madagascar,-18.8792,47.5079,2026-05-20 10:00:00+00:00,1.0,1.92,3.03,0.08,48.97
Buenos Aires,Argentina,-34.6037,-58.3816,2026-05-20 10:00:00+00:00,1.0,3.03,6.85,0.96,31.12
London,England,51.5074,-0.1278,2026-05-20 10:00:00+00:00,2.0,4.12,7.15,4.26,91.9
Madrid,Spain,40.4168,-3.7038,2026-05-20 10:00:00+00:00,2.0,1.43,2.85,0.41,94.58
Paris,France,48.8566,2.3522,2026-05-20 10:00:00+00:00,2.0,2.41,3.91,0.89,77.72
Antananarivo,Madagascar,-18.8792,47.5079,2026-05-20 11:00:00+00:00,1.0,1.95,2.96,0.09,50.05
Buenos Aires,Argentina,-34.6037,-58.3816,2026-05-20 11:00:00+00:00,1.0,2.67,6.35,1.04,31.01
London,England,51.5074,-0.1278,2026-05-20 11:00:00+00:00,2.0,4.08,6.52,4.1,91.8
Madrid,Spain,40.4168,-3.7038,2026-05-20 11:00:00+00:00,3.0,1.39,2.63,0.25,101.1
Paris,France,48.8566,2.3522,2026-05-20 11:00:00+00:00,2.0,2.02,3.15,0.67,81.27
Antananarivo,Madagascar,-18.8792,47.5079,2026-05-20 12:00:00+00:00,1.0,2.01,2.99,0.11,49.93
Buenos Aires,Argentina,-34.6037,-58.3816,2026-05-20 12:00:00+00:00,1.0,2.42,6.1,1.06,30.84
London,England,51.5074,-0.1278,2026-05-20 12:00:00+00:00,2.0,4.48,7.86,3.57,95.05
Madrid,Spain,40.4168,-3.7038,2026-05-20 12:00:00+00:00,3.0,1.43,2.61,0.24,102.2
Paris,France,48.8566,2.3522,2026-05-20 12:00:00+00:00,2.0,1.85,2.85,0.56,83.01
Antananarivo,Madagascar,-18.8792,47.5079,2026-05-20 13:00:00+00:00,1.0,2.25,3.43,0.23,47.22
Buenos Aires,Argentina,-34.6037,-58.3816,2026-05-20 13:00:00+00:00,1.0,2.25,6.01,0.87,31.08
London,England,51.5074,-0.1278,2026-05-20 13:00:00+00:00,3.0,5.18,11.19,3.08,100.73
Madrid,Spain,40.4168,-3.7038,2026-05-20 13:00:00+00:00,3.0,1.53,2.72,0.24,104.31
Paris,France,48.8566,2.3522,2026-05-20 13:00:00+00:00,2.0,1.84,2.89,0.47,85.34
Antananarivo,Madagascar,-18.8792,47.5079,2026-05-20 14:00:00+00:00,1.0,2.68,4.24,0.51,42.84
Buenos Aires,Argentina,-34.6037,-58.3816,2026-05-20 14:00:00+00:00,1.0,2.15,5.95,0.73,31.61
London,England,51.5074,-0.1278,2026-05-20 14:00:00+00:00,3.0,5.82,14.71,3.03,105.19
Madrid,Spain,40.4168,-3.7038,2026-05-20 14:00:00+00:00,3.0,1.61,2.82,0.25,104.62
Paris,France,48.8566,2.3522,2026-05-20 14:00:00+00:00,2.0,1.89,3.11,0.45,87.17
Antananarivo,Madagascar,-18.8792,47.5079,2026-05-20 15:00:00+00:00,1.0,3.14,5.11,0.85,39.46
Buenos Aires,Argentina,-34.6037,-58.3816,2026-05-20 15:00:00+00:00,1.0,2.07,5.81,0.65,33.32
London,England,51.5074,-0.1278,2026-05-20 15:00:00+00:00,3.0,5.95,15.98,3.18,108.21
Madrid,Spain,40.4168,-3.7038,2026-05-20 15:00:00+00:00,3.0,1.69,2.93,0.27,104.72
Paris,France,48.8566,2.3522,2026-05-20 15:00:00+00:00,2.0,1.94,3.36,0.5,88.38
Antananarivo,Madagascar,-18.8792,47.5079,2026-05-20 16:00:00+00:00,1.0,3.76,6.4,1.15,35.52
Buenos Aires,Argentina,-34.6037,-58.3816,2026-05-20 16:00:00+00:00,1.0,1.78,4.67,0.37,41.64
London,England,51.5074,-0.1278,2026-05-20 16:00:00+00:00,3.0,5.66,15.44,3.29,109.96
Madrid,Spain,40.4168,-3.7038,2026-05-20 16:00:00+00:00,3.0,1.78,3.07,0.31,105.0
Paris,France,48.8566,2.3522,2026-05-20 16:00:00+00:00,2.0,2.01,3.68,0.64,88.35
Antananarivo,Madagascar,-18.8792,47.5079,2026-05-20 17:00:00+00:00,1.0,4.61,8.1,1.42,31.93
Buenos Aires,Argentina,-34.6037,-58.3816,2026-05-20 17:00:00+00:00,1.0,1.43,3.33,0.29,44.09
London,England,51.5074,-0.1278,2026-05-20 17:00:00+00:00,3.0,5.23,14.24,3.74,110.19
Madrid,Spain,40.4168,-3.7038,2026-05-20 17:00:00+00:00,3.0,1.86,3.18,0.39,104.04
Paris,France,48.8566,2.3522,2026-05-20 17:00:00+00:00,2.0,2.13,4.03,0.86,85.98
Antananarivo,Madagascar,-18.8792,47.5079,2026-05-20 18:00:00+00:00,1.0,5.35,9.48,1.58,29.2
Buenos Aires,Argentina,-34.6037,-58.3816,2026-05-20 18:00:00+00:00,1.0,1.21,2.69,0.29,45.0
London,England,51.5074,-0.1278,2026-05-20 18:00:00+00:00,3.0,4.81,12.86,4.36,108.66
Madrid,Spain,40.4168,-3.7038,2026-05-20 18:00:00+00:00,3.0,1.92,3.32,0.47,103.02
Paris,France,48.8566,2.3522,2026-05-20 18:00:00+00:00,2.0,2.2,4.23,1.04,83.31
Antananarivo,Madagascar,-18.8792,47.5079,2026-05-20 19:00:00+00:00,1.0,5.89,10.34,1.68,26.67
Buenos Aires,Argentina,-34.6037,-58.3816,2026-05-20 19:00:00+00:00,1.0,1.11,2.51,0.36,45.02
London,England,51.5074,-0.1278,2026-05-20 19:00:00+00:00,3.0,4.53,11.83,5.28,105.47
Madrid,Spain,40.4168,-3.7038,2026-05-20 19:00:00+00:00,2.0,2.0,3.48,0.77,95.83
Paris,France,48.8566,2.3522,2026-05-20 19:00:00+00:00,2.0,2.3,4.41,1.88,67.61
Antananarivo,Madagascar,-18.8792,47.5079,2026-05-20 20:00:00+00:00,1.0,6.21,10.73,1.76,24.49
Buenos Aires,Argentina,-34.6037,-58.3816,2026-05-20 20:00:00+00:00,1.0,1.08,2.64,0.52,43.98
London,England,51.5074,-0.1278,2026-05-20 20:00:00+00:00,3.0,4.61,11.87,6.32,101.56
Madrid,Spain,40.4168,-3.7038,2026-05-20 20:00:00+00:00,2.0,2.11,3.66,1.1,85.78
Paris,France,48.8566,2.3522,2026-05-20 20:00:00+00:00,1.0,2.47,4.65,2.94,49.82
Antananarivo,Madagascar,-18.8792,47.5079,2026-05-20 21:00:00+00:00,1.0,6.04,10.14,1.73,22.78
Buenos Aires,Argentina,-34.6037,-58.3816,2026-05-20 21:00:00+00:00,1.0,1.09,2.89,0.7,43.16
London,England,51.5074,-0.1278,2026-05-20 21:00:00+00:00,2.0,4.66,11.73,6.84,97.65
Madrid,Spain,40.4168,-3.7038,2026-05-20 21:00:00+00:00,2.0,2.19,3.82,1.33,78.56
Paris,France,48.8566,2.3522,2026-05-20 21:00:00+00:00,1.0,2.61,4.87,3.7,40.63
Antananarivo,Madagascar,-18.8792,47.5079,2026-05-20 22:00:00+00:00,1.0,5.76,9.37,1.65,21.67
Buenos Aires,Argentina,-34.6037,-58.3816,2026-05-20 22:00:00+00:00,1.0,1.1,3.17,0.82,42.09
London,England,51.5074,-0.1278,2026-05-20 22:00:00+00:00,2.0,4.67,11.44,7.41,93.55
Madrid,Spain,40.4168,-3.7038,2026-05-20 22:00:00+00:00,2.0,2.22,3.87,1.44,71.68
Paris,France,48.8566,2.3522,2026-05-20 22:00:00+00:00,1.0,2.65,4.92,4.06,36.04
Antananarivo,Madagascar,-18.8792,47.5079,2026-05-20 23:00:00+00:00,1.0,5.62,8.97,1.58,21.1
Buenos Aires,Argentina,-34.6037,-58.3816,2026-05-20 23:00:00+00:00,1.0,1.12,3.42,0.91,40.79
London,England,51.5074,-0.1278,2026-05-20 23:00:00+00:00,2.0,4.79,11.48,8.16,90.3
Madrid,Spain,40.4168,-3.7038,2026-05-20 23:00:00+00:00,2.0,2.27,3.95,1.43,66.1
Paris,France,48.8566,2.3522,2026-05-20 23:00:00+00:00,1.0,2.69,4.95,3.82,30.79
Antananarivo,Madagascar,-18.8792,47.5079,2026-05-21 00:00:00+00:00,1.0,5.4,8.56,1.5,21.35
Buenos Aires,Argentina,-34.6037,-58.3816,2026-05-21 00:00:00+00:00,1.0,1.13,3.63,0.96,39.53
London,England,51.5074,-0.1278,2026-05-21 00:00:00+00:00,2.0,5.1,12.02,8.99,87.45
Madrid,Spain,40.4168,-3.7038,2026-05-21 00:00:00+00:00,2.0,2.33,4.02,1.37,61.62
Paris,France,48.8566,2.3522,2026-05-21 00:00:00+00:00,1.0,2.74,4.95,3.47,26.55
Antananarivo,Madagascar,-18.8792,47.5079,2026-05-21 01:00:00+00:00,1.0,4.78,7.57,1.3,22.83
Buenos Aires,Argentina,-34.6037,-58.3816,2026-05-21 01:00:00+00:00,,,,,
London,England,51.5074,-0.1278,2026-05-21 01:00:00+00:00,2.0,5.67,13.1,10.87,83.52
Madrid,Spain,40.4168,-3.7038,2026-05-21 01:00:00+00:00,1.0,2.37,4.06,1.26,58.45
Paris,France,48.8566,2.3522,2026-05-21 01:00:00+00:00,1.0,2.8,4.9,3.1,22.88
Antananarivo,Madagascar,-18.8792,47.5079,2026-05-21 02:00:00+00:00,1.0,4.33,6.89,1.19,22.9
Buenos Aires,Argentina,-34.6037,-58.3816,2026-05-21 02:00:00+00:00,,,,,
London,England,51.5074,-0.1278,2026-05-21 02:00:00+00:00,2.0,6.48,14.61,14.07,78.04
Madrid,Spain,40.4168,-3.7038,2026-05-21 02:00:00+00:00,1.0,2.43,4.17,1.21,55.63
Paris,France,48.8566,2.3522,2026-05-21 02:00:00+00:00,1.0,2.87,4.9,2.68,21.12
Antananarivo,Madagascar,-18.8792,47.5079,2026-05-21 03:00:00+00:00,1.0,4.07,6.37,1.15,22.66
Buenos Aires,Argentina,-34.6037,-58.3816,2026-05-21 03:00:00+00:00,,,,,
London,England,51.5074,-0.1278,2026-05-21 03:00:00+00:00,2.0,7.32,16.17,16.84,73.12
Madrid,Spain,40.4168,-3.7038,2026-05-21 03:00:00+00:00,1.0,2.5,4.29,1.19,54.49
Paris,France,48.8566,2.3522,2026-05-21 03:00:00+00:00,1.0,2.91,4.88,2.38,22.45
Antananarivo,Madagascar,-18.8792,47.5079,2026-05-21 04:00:00+00:00,1.0,3.77,6.09,1.12,23.61
Buenos Aires,Argentina,-34.6037,-58.3816,2026-05-21 04:00:00+00:00,,,,,
London,England,51.5074,-0.1278,2026-05-21 04:00:00+00:00,2.0,7.98,17.35,18.69,68.77
Madrid,Spain,40.4168,-3.7038,2026-05-21 04:00:00+00:00,1.0,2.52,4.36,1.2,54.24
Paris,France,48.8566,2.3522,2026-05-21 04:00:00+00:00,1.0,2.83,4.78,2.1,26.64
Antananarivo,Madagascar,-18.8792,47.5079,2026-05-21 05:00:00+00:00,1.0,3.53,6.32,1.03,24.71
Buenos Aires,Argentina,-34.6037,-58.3816,2026-05-21 05:00:00+00:00,,,,,
London,England,51.5074,-0.1278,2026-05-21 05:00:00+00:00,2.0,8.49,18.02,19.63,64.83
Madrid,Spain,40.4168,-3.7038,2026-05-21 05:00:00+00:00,1.0,2.56,4.41,1.45,50.71
Paris,France,48.8566,2.3522,2026-05-21 05:00:00+00:00,1.0,2.73,4.72,2.44,26.9
Antananarivo,Madagascar,-18.8792,47.5079,2026-05-21 06:00:00+00:00,1.0,3.29,6.18,0.76,27.62
Buenos Aires,Argentina,-34.6037,-58.3816,2026-05-21 06:00:00+00:00,,,,,
London,England,51.5074,-0.1278,2026-05-21 06:00:00+00:00,2.0,8.77,17.88,20.28,61.13
Madrid,Spain,40.4168,-3.7038,2026-05-21 06:00:00+00:00,1.0,2.62,4.48,1.94,45.75
Paris,France,48.8566,2.3522,2026-05-21 06:00:00+00:00,1.0,2.75,4.8,2.92,26.61
Antananarivo,Madagascar,-18.8792,47.5079,2026-05-21 07:00:00+00:00,1.0,1.23,2.43,0.19,40.97
Buenos Aires,Argentina,-34.6037,-58.3816,2026-05-21 07:00:00+00:00,,,,,
London,England,51.5074,-0.1278,2026-05-21 07:00:00+00:00,1.0,8.63,16.98,19.36,57.16
Madrid,Spain,40.4168,-3.7038,2026-05-21 07:00:00+00:00,1.0,2.65,4.54,1.93,41.46
Paris,France,48.8566,2.3522,2026-05-21 07:00:00+00:00,1.0,2.73,4.86,2.62,30.87
Antananarivo,Madagascar,-18.8792,47.5079,2026-05-21 08:00:00+00:00,1.0,1.13,2.12,0.11,44.37
Buenos Aires,Argentina,-34.6037,-58.3816,2026-05-21 08:00:00+00:00,,,,,
London,England,51.5074,-0.1278,2026-05-21 08:00:00+00:00,1.0,8.62,16.21,17.81,52.75
Madrid,Spain,40.4168,-3.7038,2026-05-21 08:00:00+00:00,1.0,2.65,4.64,1.64,41.26
Paris,France,48.8566,2.3522,2026-05-21 08:00:00+00:00,1.0,2.71,4.87,2.14,35.02
Antananarivo,Madagascar,-18.8792,47.5079,2026-05-21 09:00:00+00:00,1.0,1.16,2.12,0.09,45.15
Buenos Aires,Argentina,-34.6037,-58.3816,2026-05-21 09:00:00+00:00,,,,,
London,England,51.5074,-0.1278,2026-05-21 09:00:00+00:00,1.0,9.07,16.13,15.98,48.86
Madrid,Spain,40.4168,-3.7038,2026-05-21 09:00:00+00:00,1.0,2.7,4.81,1.46,47.31
Paris,France,48.8566,2.3522,2026-05-21 09:00:00+00:00,1.0,2.88,5.06,1.71,40.96
Antananarivo,Madagascar,-18.8792,47.5079,2026-05-21 10:00:00+00:00,1.0,1.28,2.25,0.11,46.41
Buenos Aires,Argentina,-34.6037,-58.3816,2026-05-21 10:00:00+00:00,,,,,
London,England,51.5074,-0.1278,2026-05-21 10:00:00+00:00,2.0,10.04,16.74,14.23,45.72
Madrid,Spain,40.4168,-3.7038,2026-05-21 10:00:00+00:00,3.0,2.5,5.06,0.44,101.17
Paris,France,48.8566,2.3522,2026-05-21 10:00:00+00:00,2.0,2.25,4.14,0.6,81.3
Antananarivo,Madagascar,-18.8792,47.5079,2026-05-21 11:00:00+00:00,1.0,1.4,2.43,0.14,46.47
Buenos Aires,Argentina,-34.6037,-58.3816,2026-05-21 11:00:00+00:00,,,,,
London,England,51.5074,-0.1278,2026-05-21 11:00:00+00:00,2.0,11.41,17.85,13.22,42.82
Madrid,Spain,40.4168,-3.7038,2026-05-21 11:00:00+00:00,3.0,2.43,4.77,0.27,106.19
Paris,France,48.8566,2.3522,2026-05-21 11:00:00+00:00,2.0,1.96,3.49,0.37,87.17
Antananarivo,Madagascar,-18.8792,47.5079,2026-05-21 12:00:00+00:00,1.0,1.5,2.58,0.19,45.66
Buenos Aires,Argentina,-34.6037,-58.3816,2026-05-21 12:00:00+00:00,,,,,
London,England,51.5074,-0.1278,2026-05-21 12:00:00+00:00,2.0,13.34,19.51,12.77,41.84
Madrid,Spain,40.4168,-3.7038,2026-05-21 12:00:00+00:00,3.0,2.38,4.56,0.24,106.77
Paris,France,48.8566,2.3522,2026-05-21 12:00:00+00:00,2.0,1.9,3.27,0.34,87.61
Antananarivo,Madagascar,-18.8792,47.5079,2026-05-21 13:00:00+00:00,1.0,1.68,2.92,0.3,43.9
Buenos Aires,Argentina,-34.6037,-58.3816,2026-05-21 13:00:00+00:00,,,,,
London,England,51.5074,-0.1278,2026-05-21 13:00:00+00:00,2.0,15.22,21.13,12.92,42.73
Madrid,Spain,40.4168,-3.7038,2026-05-21 13:00:00+00:00,3.0,2.36,4.42,0.23,108.74
Paris,France,48.8566,2.3522,2026-05-21 13:00:00+00:00,2.0,1.88,3.12,0.34,88.81
Antananarivo,Madagascar,-18.8792,47.5079,2026-05-21 14:00:00+00:00,1.0,1.94,3.45,0.53,41.07
Buenos Aires,Argentina,-34.6037,-58.3816,2026-05-21 14:00:00+00:00,,,,,
London,England,51.5074,-0.1278,2026-05-21 14:00:00+00:00,2.0,16.6,22.14,13.58,44.34
Madrid,Spain,40.4168,-3.7038,2026-05-21 14:00:00+00:00,3.0,2.27,4.18,0.23,108.73
Paris,France,48.8566,2.3522,2026-05-21 14:00:00+00:00,2.0,1.79,2.89,0.36,89.31
Antananarivo,Madagascar,-18.8792,47.5079,2026-05-21 15:00:00+00:00,1.0,2.22,4.0,0.76,38.57
Buenos Aires,Argentina,-34.6037,-58.3816,2026-05-21 15:00:00+00:00,,,,,
London,England,51.5074,-0.1278,2026-05-21 15:00:00+00:00,2.0,17.52,22.57,14.41,45.94
Madrid,Spain,40.4168,-3.7038,2026-05-21 15:00:00+00:00,3.0,2.17,3.92,0.25,108.54
Paris,France,48.8566,2.3522,2026-05-21 15:00:00+00:00,2.0,1.75,2.74,0.42,89.43
Antananarivo,Madagascar,-18.8792,47.5079,2026-05-21 16:00:00+00:00,1.0,2.5,4.6,0.93,35.72
Buenos Aires,Argentina,-34.6037,-58.3816,2026-05-21 16:00:00+00:00,,,,,
London,England,51.5074,-0.1278,2026-05-21 16:00:00+00:00,2.0,18.26,22.93,15.65,48.11
Madrid,Spain,40.4168,-3.7038,2026-05-21 16:00:00+00:00,3.0,2.13,3.79,0.33,107.61
Paris,France,48.8566,2.3522,2026-05-21 16:00:00+00:00,2.0,1.8,2.75,0.56,89.0
Antananarivo,Madagascar,-18.8792,47.5079,2026-05-21 17:00:00+00:00,1.0,2.85,5.33,1.07,33.23
Buenos Aires,Argentina,-34.6037,-58.3816,2026-05-21 17:00:00+00:00,,,,,
London,England,51.5074,-0.1278,2026-05-21 17:00:00+00:00,2.0,17.95,22.31,16.72,53.69
Madrid,Spain,40.4168,-3.7038,2026-05-21 17:00:00+00:00,3.0,2.12,3.72,0.45,104.64
Paris,France,48.8566,2.3522,2026-05-21 17:00:00+00:00,2.0,1.9,2.85,0.74,86.05
Antananarivo,Madagascar,-18.8792,47.5079,2026-05-21 18:00:00+00:00,1.0,3.14,5.89,1.15,31.21
Buenos Aires,Argentina,-34.6037,-58.3816,2026-05-21 18:00:00+00:00,,,,,
London,England,51.5074,-0.1278,2026-05-21 18:00:00+00:00,2.0,17.06,21.16,17.02,64.06
Madrid,Spain,40.4168,-3.7038,2026-05-21 18:00:00+00:00,3.0,2.1,3.68,0.56,102.06
Paris,France,48.8566,2.3522,2026-05-21 18:00:00+00:00,2.0,1.94,2.87,0.92,82.64
Antananarivo,Madagascar,-18.8792,47.5079,2026-05-21 19:00:00+00:00,1.0,3.15,5.92,1.13,29.98
Buenos Aires,Argentina,-34.6037,-58.3816,2026-05-21 19:00:00+00:00,,,,,
London,England,51.5074,-0.1278,2026-05-21 19:00:00+00:00,2.0,14.51,18.53,16.16,76.92
Madrid,Spain,40.4168,-3.7038,2026-05-21 19:00:00+00:00,2.0,2.1,3.66,0.84,95.95
Paris,France,48.8566,2.3522,2026-05-21 19:00:00+00:00,2.0,1.98,2.9,1.35,74.36
Antananarivo,Madagascar,-18.8792,47.5079,2026-05-21 20:00:00+00:00,1.0,3.08,5.85,1.1,28.85
Buenos Aires,Argentina,-34.6037,-58.3816,2026-05-21 20:00:00+00:00,,,,,
London,England,51.5074,-0.1278,2026-05-21 20:00:00+00:00,2.0,12.32,16.21,13.29,83.73
Madrid,Spain,40.4168,-3.7038,2026-05-21 20:00:00+00:00,2.0,2.1,3.63,1.18,87.74
Paris,France,48.8566,2.3522,2026-05-21 20:00:00+00:00,2.0,2.05,3.0,1.91,62.99
Antananarivo,Madagascar,-18.8792,47.5079,2026-05-21 21:00:00+00:00,1.0,2.75,5.19,1.01,28.08
Buenos Aires,Argentina,-34.6037,-58.3816,2026-05-21 21:00:00+00:00,,,,,
London,England,51.5074,-0.1278,2026-05-21 21:00:00+00:00,2.0,10.44,14.08,10.57,85.23
Madrid,Spain,40.4168,-3.7038,2026-05-21 21:00:00+00:00,2.0,2.06,3.53,1.4,81.84
Paris,France,48.8566,2.3522,2026-05-21 21:00:00+00:00,1.0,2.13,3.08,2.35,54.14
Antananarivo,Madagascar,-18.8792,47.5079,2026-05-21 22:00:00+00:00,1.0,2.36,4.02,0.9,27.47
Buenos Aires,Argentina,-34.6037,-58.3816,2026-05-21 22:00:00+00:00,,,,,
London,England,51.5074,-0.1278,2026-05-21 22:00:00+00:00,2.0,8.55,11.89,9.22,83.06
Madrid,Spain,40.4168,-3.7038,2026-05-21 22:00:00+00:00,2.0,1.95,3.31,1.44,76.34
Paris,France,48.8566,2.3522,2026-05-21 22:00:00+00:00,1.0,2.12,3.02,2.49,46.68
Antananarivo,Madagascar,-18.8792,47.5079,2026-05-21 23:00:00+00:00,1.0,2.05,3.22,0.8,27.15
Buenos Aires,Argentina,-34.6037,-58.3816,2026-05-21 23:00:00+00:00,,,,,
London,England,51.5074,-0.1278,2026-05-21 23:00:00+00:00,2.0,7.56,10.83,9.8,76.85
Madrid,Spain,40.4168,-3.7038,2026-05-21 23:00:00+00:00,2.0,1.86,3.12,1.36,71.64
Paris,France,48.8566,2.3522,2026-05-21 23:00:00+00:00,1.0,2.08,2.92,2.24,42.01
Antananarivo,Madagascar,-18.8792,47.5079,2026-05-22 00:00:00+00:00,1.0,1.77,2.74,0.71,27.23
Buenos Aires,Argentina,-34.6037,-58.3816,2026-05-22 00:00:00+00:00,1.0,1.51,4.72,3.19,32.43
London,England,51.5074,-0.1278,2026-05-22 00:00:00+00:00,2.0,7.23,10.53,11.14,69.39
Madrid,Spain,40.4168,-3.7038,2026-05-22 00:00:00+00:00,2.0,1.76,2.91,1.21,69.38
Paris,France,48.8566,2.3522,2026-05-22 00:00:00+00:00,1.0,2.01,2.79,1.87,38.72
Antananarivo,Madagascar,-18.8792,47.5079,2026-05-22 01:00:00+00:00,1.0,1.55,2.48,0.64,27.44
Buenos Aires,Argentina,-34.6037,-58.3816,2026-05-22 01:00:00+00:00,1.0,1.51,4.72,3.19,32.43
London,England,51.5074,-0.1278,2026-05-22 01:00:00+00:00,2.0,7.31,10.7,12.62,62.6
Madrid,Spain,40.4168,-3.7038,2026-05-22 01:00:00+00:00,2.0,1.65,2.73,1.05,68.27
Paris,France,48.8566,2.3522,2026-05-22 01:00:00+00:00,1.0,1.95,2.67,1.58,33.75
Antananarivo,Madagascar,-18.8792,47.5079,2026-05-22 02:00:00+00:00,1.0,1.42,2.34,0.6,27.49
Buenos Aires,Argentina,-34.6037,-58.3816,2026-05-22 02:00:00+00:00,1.0,1.6,4.89,3.2,30.13
London,England,51.5074,-0.1278,2026-05-22 02:00:00+00:00,1.0,7.72,11.2,13.8,56.56
Madrid,Spain,40.4168,-3.7038,2026-05-22 02:00:00+00:00,2.0,1.61,2.67,1.06,63.24
Paris,France,48.8566,2.3522,2026-05-22 02:00:00+00:00,1.0,1.94,2.64,1.45,27.48
Antananarivo,Madagascar,-18.8792,47.5079,2026-05-22 03:00:00+00:00,1.0,1.36,2.34,0.59,27.69
Buenos Aires,Argentina,-34.6037,-58.3816,2026-05-22 03:00:00+00:00,1.0,1.66,5.02,3.09,27.61
London,England,51.5074,-0.1278,2026-05-22 03:00:00+00:00,1.0,8.42,12.0,14.56,51.84
Madrid,Spain,40.4168,-3.7038,2026-05-22 03:00:00+00:00,1.0,1.62,2.7,1.1,58.77
Paris,France,48.8566,2.3522,2026-05-22 03:00:00+00:00,1.0,1.94,2.64,1.42,22.45
Antananarivo,Madagascar,-18.8792,47.5079,2026-05-22 04:00:00+00:00,1.0,1.42,2.77,0.64,28.22
Buenos Aires,Argentina,-34.6037,-58.3816,2026-05-22 04:00:00+00:00,1.0,1.64,5.03,2.87,24.93
London,England,51.5074,-0.1278,2026-05-22 04:00:00+00:00,1.0,9.24,12.9,15.1,47.69
Madrid,Spain,40.4168,-3.7038,2026-05-22 04:00:00+00:00,1.0,1.62,2.74,1.16,55.08
Paris,France,48.8566,2.3522,2026-05-22 04:00:00+00:00,1.0,1.94,2.64,1.57,18.31
Antananarivo,Madagascar,-18.8792,47.5079,2026-05-22 05:00:00+00:00,1.0,1.58,3.55,0.66,29.3
Buenos Aires,Argentina,-34.6037,-58.3816,2026-05-22 05:00:00+00:00,1.0,1.69,5.12,2.73,23.02
London,England,51.5074,-0.1278,2026-05-22 05:00:00+00:00,1.0,9.81,13.5,15.57,43.47
Madrid,Spain,40.4168,-3.7038,2026-05-22 05:00:00+00:00,1.0,1.65,2.83,1.39,52.83
Paris,France,48.8566,2.3522,2026-05-22 05:00:00+00:00,1.0,1.99,2.73,2.32,14.79
Antananarivo,Madagascar,-18.8792,47.5079,2026-05-22 06:00:00+00:00,1.0,1.83,4.21,0.53,32.24
Buenos Aires,Argentina,-34.6037,-58.3816,2026-05-22 06:00:00+00:00,1.0,1.78,5.27,2.67,21.49
London,England,51.5074,-0.1278,2026-05-22 06:00:00+00:00,1.0,9.84,13.44,14.4,40.99
Madrid,Spain,40.4168,-3.7038,2026-05-22 06:00:00+00:00,1.0,1.7,2.93,1.74,52.2
Paris,France,48.8566,2.3522,2026-05-22 06:00:00+00:00,1.0,2.07,2.83,2.94,13.26
Antananarivo,Madagascar,-18.8792,47.5079,2026-05-22 07:00:00+00:00,1.0,1.23,2.58,0.19,44.14
Buenos Aires,Argentina,-34.6037,-58.3816,2026-05-22 07:00:00+00:00,1.0,1.89,5.41,2.66,20.2
London,England,51.5074,-0.1278,2026-05-22 07:00:00+00:00,1.0,9.41,12.84,11.78,39.86
Madrid,Spain,40.4168,-3.7038,2026-05-22 07:00:00+00:00,1.0,1.69,2.96,1.7,53.25
Paris,France,48.8566,2.3522,2026-05-22 07:00:00+00:00,1.0,2.08,2.84,2.48,15.61
Antananarivo,Madagascar,-18.8792,47.5079,2026-05-22 08:00:00+00:00,1.0,1.34,2.51,0.12,46.05
Buenos Aires,Argentina,-34.6037,-58.3816,2026-05-22 08:00:00+00:00,1.0,2.0,5.59,2.69,19.41
London,England,51.5074,-0.1278,2026-05-22 08:00:00+00:00,1.0,8.9,12.16,9.98,39.16
Madrid,Spain,40.4168,-3.7038,2026-05-22 08:00:00+00:00,1.0,1.69,2.94,1.51,54.66
Paris,France,48.8566,2.3522,2026-05-22 08:00:00+00:00,1.0,2.11,2.87,2.17,17.97
Antananarivo,Madagascar,-18.8792,47.5079,2026-05-22 09:00:00+00:00,1.0,1.41,2.54,0.09,46.12
Buenos Aires,Argentina,-34.6037,-58.3816,2026-05-22 09:00:00+00:00,1.0,2.12,5.8,2.77,18.89
London,England,51.5074,-0.1278,2026-05-22 09:00:00+00:00,1.0,8.56,11.7,9.14,39.61
Madrid,Spain,40.4168,-3.7038,2026-05-22 09:00:00+00:00,2.0,1.71,2.95,1.25,60.34
Paris,France,48.8566,2.3522,2026-05-22 09:00:00+00:00,1.0,2.23,2.98,2.04,25.8
Antananarivo,Madagascar,-18.8792,47.5079,2026-05-22 10:00:00+00:00,1.0,1.52,2.56,0.09,47.74
Buenos Aires,Argentina,-34.6037,-58.3816,2026-05-22 10:00:00+00:00,1.0,2.22,5.96,3.0,17.87
London,England,51.5074,-0.1278,2026-05-22 10:00:00+00:00,1.0,8.72,11.8,8.77,41.51
Madrid,Spain,40.4168,-3.7038,2026-05-22 10:00:00+00:00,3.0,1.33,2.29,0.46,101.41
Paris,France,48.8566,2.3522,2026-05-22 10:00:00+00:00,2.0,2.16,2.67,1.09,77.63
Antananarivo,Madagascar,-18.8792,47.5079,2026-05-22 11:00:00+00:00,1.0,1.57,2.54,0.1,48.67
Buenos Aires,Argentina,-34.6037,-58.3816,2026-05-22 11:00:00+00:00,1.0,2.26,5.99,3.39,15.57
London,England,51.5074,-0.1278,2026-05-22 11:00:00+00:00,1.0,9.82,12.94,8.71,44.76
Madrid,Spain,40.4168,-3.7038,2026-05-22 11:00:00+00:00,3.0,1.06,1.73,0.29,111.13
Paris,France,48.8566,2.3522,2026-05-22 11:00:00+00:00,2.0,2.4,2.87,0.67,89.15
Antananarivo,Madagascar,-18.8792,47.5079,2026-05-22 12:00:00+00:00,1.0,1.6,2.55,0.12,48.71
Buenos Aires,Argentina,-34.6037,-58.3816,2026-05-22 12:00:00+00:00,1.0,2.32,5.9,3.25,13.68
London,England,51.5074,-0.1278,2026-05-22 12:00:00+00:00,2.0,11.77,15.01,8.87,51.07
Madrid,Spain,40.4168,-3.7038,2026-05-22 12:00:00+00:00,3.0,0.95,1.49,0.26,113.64
Paris,France,48.8566,2.3522,2026-05-22 12:00:00+00:00,2.0,2.66,3.12,0.57,92.82
Antananarivo,Madagascar,-18.8792,47.5079,2026-05-22 13:00:00+00:00,1.0,1.76,2.87,0.24,47.01
Buenos Aires,Argentina,-34.6037,-58.3816,2026-05-22 13:00:00+00:00,1.0,2.34,5.75,2.0,13.71
London,England,51.5074,-0.1278,2026-05-22 13:00:00+00:00,2.0,13.91,17.3,9.1,60.14
Madrid,Spain,40.4168,-3.7038,2026-05-22 13:00:00+00:00,3.0,0.9,1.35,0.25,117.07
Paris,France,48.8566,2.3522,2026-05-22 13:00:00+00:00,2.0,2.27,2.68,0.47,99.39
Antananarivo,Madagascar,-18.8792,47.5079,2026-05-22 14:00:00+00:00,1.0,2.02,3.45,0.48,43.86
Buenos Aires,Argentina,-34.6037,-58.3816,2026-05-22 14:00:00+00:00,1.0,2.34,5.85,1.45,14.26
London,England,51.5074,-0.1278,2026-05-22 14:00:00+00:00,2.0,15.71,19.1,9.17,71.13
Madrid,Spain,40.4168,-3.7038,2026-05-22 14:00:00+00:00,3.0,0.86,1.26,0.25,117.68
Paris,France,48.8566,2.3522,2026-05-22 14:00:00+00:00,3.0,2.0,2.38,0.46,101.78
Antananarivo,Madagascar,-18.8792,47.5079,2026-05-22 15:00:00+00:00,1.0,2.3,4.06,0.72,41.1
Buenos Aires,Argentina,-34.6037,-58.3816,2026-05-22 15:00:00+00:00,1.0,2.43,6.22,1.35,17.13
London,England,51.5074,-0.1278,2026-05-22 15:00:00+00:00,2.0,16.86,20.16,9.17,83.32
Madrid,Spain,40.4168,-3.7038,2026-05-22 15:00:00+00:00,3.0,0.84,1.21,0.27,117.17
Paris,France,48.8566,2.3522,2026-05-22 15:00:00+00:00,3.0,1.91,2.29,0.51,102.43
Antananarivo,Madagascar,-18.8792,47.5079,2026-05-22 16:00:00+00:00,1.0,2.56,4.72,0.89,38.01
Buenos Aires,Argentina,-34.6037,-58.3816,2026-05-22 16:00:00+00:00,1.0,1.38,5.57,0.46,52.07
London,England,51.5074,-0.1278,2026-05-22 16:00:00+00:00,2.0,17.16,20.38,9.64,93.64
Madrid,Spain,40.4168,-3.7038,2026-05-22 16:00:00+00:00,3.0,0.84,1.2,0.3,117.4
Paris,France,48.8566,2.3522,2026-05-22 16:00:00+00:00,3.0,1.93,2.35,0.71,101.62
Antananarivo,Madagascar,-18.8792,47.5079,2026-05-22 17:00:00+00:00,1.0,2.84,5.42,1.0,35.69
Buenos Aires,Argentina,-34.6037,-58.3816,2026-05-22 17:00:00+00:00,1.0,1.28,4.84,0.4,56.65
London,England,51.5074,-0.1278,2026-05-22 17:00:00+00:00,2.0,16.19,19.3,10.79,98.3
Madrid,Spain,40.4168,-3.7038,2026-05-22 17:00:00+00:00,3.0,0.84,1.21,0.36,115.88
Paris,France,48.8566,2.3522,2026-05-22 17:00:00+00:00,2.0,2.07,2.56,0.94,98.83
Antananarivo,Madagascar,-18.8792,47.5079,2026-05-22 18:00:00+00:00,1.0,2.99,5.83,1.01,34.05
Buenos Aires,Argentina,-34.6037,-58.3816,2026-05-22 18:00:00+00:00,1.0,1.38,4.79,0.5,58.33
London,England,51.5074,-0.1278,2026-05-22 18:00:00+00:00,2.0,14.28,17.23,12.59,97.75
Madrid,Spain,40.4168,-3.7038,2026-05-22 18:00:00+00:00,3.0,0.86,1.27,0.42,114.03
Paris,France,48.8566,2.3522,2026-05-22 18:00:00+00:00,2.0,2.23,2.79,1.14,96.41
Antananarivo,Madagascar,-18.8792,47.5079,2026-05-22 19:00:00+00:00,1.0,3.01,6.03,1.0,32.2
Buenos Aires,Argentina,-34.6037,-58.3816,2026-05-22 19:00:00+00:00,1.0,1.59,5.04,0.92,53.07
London,England,51.5074,-0.1278,2026-05-22 19:00:00+00:00,2.0,12.25,14.99,15.28,92.96
Madrid,Spain,40.4168,-3.7038,2026-05-22 19:00:00+00:00,3.0,0.9,1.4,0.61,107.52
Paris,France,48.8566,2.3522,2026-05-22 19:00:00+00:00,2.0,2.49,3.13,1.99,81.35
Antananarivo,Madagascar,-18.8792,47.5079,2026-05-22 20:00:00+00:00,1.0,2.99,6.08,1.02,30.67
Buenos Aires,Argentina,-34.6037,-58.3816,2026-05-22 20:00:00+00:00,1.0,1.83,5.36,1.89,45.01
London,England,51.5074,-0.1278,2026-05-22 20:00:00+00:00,2.0,10.66,13.27,17.5,85.2
Madrid,Spain,40.4168,-3.7038,2026-05-22 20:00:00+00:00,2.0,0.98,1.61,0.82,97.88
Paris,France,48.8566,2.3522,2026-05-22 20:00:00+00:00,2.0,2.85,3.58,3.04,62.98
Antananarivo,Madagascar,-18.8792,47.5079,2026-05-22 21:00:00+00:00,1.0,2.71,5.59,0.95,29.74
Buenos Aires,Argentina,-34.6037,-58.3816,2026-05-22 21:00:00+00:00,1.0,2.04,5.74,3.44,40.01
London,England,51.5074,-0.1278,2026-05-22 21:00:00+00:00,2.0,9.59,12.19,19.38,76.73
Madrid,Spain,40.4168,-3.7038,2026-05-22 21:00:00+00:00,2.0,1.11,1.94,0.94,90.08
Paris,France,48.8566,2.3522,2026-05-22 21:00:00+00:00,1.0,3.19,3.99,3.81,50.8
Antananarivo,Madagascar,-18.8792,47.5079,2026-05-22 22:00:00+00:00,1.0,2.44,4.94,0.88,28.56
Buenos Aires,Argentina,-34.6037,-58.3816,2026-05-22 22:00:00+00:00,1.0,2.25,6.1,4.59,36.9
London,England,51.5074,-0.1278,2026-05-22 22:00:00+00:00,2.0,8.79,11.47,21.42,67.69
Madrid,Spain,40.4168,-3.7038,2026-05-22 22:00:00+00:00,2.0,1.28,2.33,1.0,83.82
Paris,France,48.8566,2.3522,2026-05-22 22:00:00+00:00,1.0,3.39,4.2,4.04,42.0
Antananarivo,Madagascar,-18.8792,47.5079,2026-05-22 23:00:00+00:00,1.0,2.28,4.21,0.84,26.98
Buenos Aires,Argentina,-34.6037,-58.3816,2026-05-22 23:00:00+00:00,1.0,2.45,6.43,5.43,32.87
London,England,51.5074,-0.1278,2026-05-22 23:00:00+00:00,1.0,7.93,10.64,22.54,58.56
Madrid,Spain,40.4168,-3.7038,2026-05-22 23:00:00+00:00,2.0,1.48,2.75,0.98,81.23
Paris,France,48.8566,2.3522,2026-05-22 23:00:00+00:00,1.0,3.57,4.34,3.61,37.05
Antananarivo,Madagascar,-18.8792,47.5079,2026-05-23 00:00:00+00:00,1.0,2.11,3.67,0.8,25.8
Buenos Aires,Argentina,-34.6037,-58.3816,2026-05-23 00:00:00+00:00,1.0,2.62,6.7,6.4,28.57
London,England,51.5074,-0.1278,2026-05-23 00:00:00+00:00,1.0,7.1,9.75,22.73,49.32
Madrid,Spain,40.4168,-3.7038,2026-05-23 00:00:00+00:00,2.0,1.67,3.09,0.94,79.32
Paris,France,48.8566,2.3522,2026-05-23 00:00:00+00:00,1.0,3.68,4.41,3.04,34.24
Antananarivo,Madagascar,-18.8792,47.5079,2026-05-23 01:00:00+00:00,1.0,1.98,3.38,0.78,24.21
Buenos Aires,Argentina,-34.6037,-58.3816,2026-05-23 01:00:00+00:00,1.0,2.74,6.82,7.43,24.38
London,England,51.5074,-0.1278,2026-05-23 01:00:00+00:00,1.0,6.47,9.01,22.24,41.02
Madrid,Spain,40.4168,-3.7038,2026-05-23 01:00:00+00:00,2.0,1.8,3.31,0.92,75.46
Paris,France,48.8566,2.3522,2026-05-23 01:00:00+00:00,1.0,3.65,4.33,2.53,32.22
Antananarivo,Madagascar,-18.8792,47.5079,2026-05-23 02:00:00+00:00,1.0,1.94,3.35,0.8,22.32
Buenos Aires,Argentina,-34.6037,-58.3816,2026-05-23 02:00:00+00:00,1.0,2.89,7.01,8.35,21.33
London,England,51.5074,-0.1278,2026-05-23 02:00:00+00:00,1.0,6.22,8.75,21.81,35.18
Madrid,Spain,40.4168,-3.7038,2026-05-23 02:00:00+00:00,2.0,1.9,3.45,0.96,70.35
Paris,France,48.8566,2.3522,2026-05-23 02:00:00+00:00,1.0,3.59,4.25,2.22,28.39
Antananarivo,Madagascar,-18.8792,47.5079,2026-05-23 03:00:00+00:00,1.0,1.97,3.56,0.83,21.21
Buenos Aires,Argentina,-34.6037,-58.3816,2026-05-23 03:00:00+00:00,1.0,3.06,7.25,8.99,19.45
London,England,51.5074,-0.1278,2026-05-23 03:00:00+00:00,1.0,6.49,9.13,21.7,31.74
Madrid,Spain,40.4168,-3.7038,2026-05-23 03:00:00+00:00,2.0,1.97,3.54,1.0,65.39
Paris,France,48.8566,2.3522,2026-05-23 03:00:00+00:00,1.0,3.5,4.15,2.03,24.56
Antananarivo,Madagascar,-18.8792,47.5079,2026-05-23 04:00:00+00:00,1.0,2.03,4.08,0.89,21.71
Buenos Aires,Argentina,-34.6037,-58.3816,2026-05-23 04:00:00+00:00,1.0,3.28,7.6,9.59,18.22
London,England,51.5074,-0.1278,2026-05-23 04:00:00+00:00,1.0,7.46,10.34,22.66,29.26
Madrid,Spain,40.4168,-3.7038,2026-05-23 04:00:00+00:00,1.0,1.98,3.53,1.05,59.16
Paris,France,48.8566,2.3522,2026-05-23 04:00:00+00:00,1.0,3.37,4.02,1.97,21.43
Antananarivo,Madagascar,-18.8792,47.5079,2026-05-23 05:00:00+00:00,1.0,2.12,4.64,0.77,22.99
Buenos Aires,Argentina,-34.6037,-58.3816,2026-05-23 05:00:00+00:00,1.0,3.56,8.01,10.21,16.22
London,England,51.5074,-0.1278,2026-05-23 05:00:00+00:00,1.0,8.77,12.01,25.32,26.18
Madrid,Spain,40.4168,-3.7038,2026-05-23 05:00:00+00:00,1.0,2.01,3.57,1.25,54.06
Paris,France,48.8566,2.3522,2026-05-23 05:00:00+00:00,1.0,3.3,3.97,2.35,19.67
Antananarivo,Madagascar,-18.8792,47.5079,2026-05-23 06:00:00+00:00,1.0,2.25,4.9,0.55,26.53
Buenos Aires,Argentina,-34.6037,-58.3816,2026-05-23 06:00:00+00:00,1.0,3.85,8.43,10.61,14.32
London,England,51.5074,-0.1278,2026-05-23 06:00:00+00:00,2.0,10.21,13.77,26.56,25.39
Madrid,Spain,40.4168,-3.7038,2026-05-23 06:00:00+00:00,1.0,2.03,3.63,1.64,49.47
Paris,France,48.8566,2.3522,2026-05-23 06:00:00+00:00,1.0,3.29,4.0,2.61,19.66
Antananarivo,Madagascar,-18.8792,47.5079,2026-05-23 07:00:00+00:00,1.0,1.15,2.11,0.13,45.3
Buenos Aires,Argentina,-34.6037,-58.3816,2026-05-23 07:00:00+00:00,1.0,4.14,8.87,10.83,12.66
London,England,51.5074,-0.1278,2026-05-23 07:00:00+00:00,2.0,11.56,15.33,24.11,27.52
Madrid,Spain,40.4168,-3.7038,2026-05-23 07:00:00+00:00,1.0,2.01,3.61,1.66,45.69
Paris,France,48.8566,2.3522,2026-05-23 07:00:00+00:00,1.0,3.28,4.0,2.36,21.26
Antananarivo,Madagascar,-18.8792,47.5079,2026-05-23 08:00:00+00:00,1.0,1.17,1.95,0.08,48.04
Buenos Aires,Argentina,-34.6037,-58.3816,2026-05-23 08:00:00+00:00,1.0,4.35,9.17,10.63,11.22
London,England,51.5074,-0.1278,2026-05-23 08:00:00+00:00,2.0,12.89,16.76,21.97,28.84
Madrid,Spain,40.4168,-3.7038,2026-05-23 08:00:00+00:00,1.0,1.98,3.57,1.45,44.54
Paris,France,48.8566,2.3522,2026-05-23 08:00:00+00:00,1.0,3.29,4.03,2.1,22.06
Antananarivo,Madagascar,-18.8792,47.5079,2026-05-23 09:00:00+00:00,1.0,1.17,1.91,0.07,48.5
Buenos Aires,Argentina,-34.6037,-58.3816,2026-05-23 09:00:00+00:00,1.0,4.49,9.35,10.06,10.19
London,England,51.5074,-0.1278,2026-05-23 09:00:00+00:00,2.0,13.95,17.71,20.25,28.77
Madrid,Spain,40.4168,-3.7038,2026-05-23 09:00:00+00:00,1.0,2.02,3.67,1.22,48.38
Paris,France,48.8566,2.3522,2026-05-23 09:00:00+00:00,1.0,3.51,4.27,1.95,25.21
Antananarivo,Madagascar,-18.8792,47.5079,2026-05-23 10:00:00+00:00,1.0,1.16,1.81,0.06,51.64
Buenos Aires,Argentina,-34.6037,-58.3816,2026-05-23 10:00:00+00:00,1.0,4.53,9.43,9.3,9.52
London,England,51.5074,-0.1278,2026-05-23 10:00:00+00:00,2.0,14.41,17.89,18.74,28.47
Madrid,Spain,40.4168,-3.7038,2026-05-23 10:00:00+00:00,2.0,2.52,5.76,0.48,91.94
Paris,France,48.8566,2.3522,2026-05-23 10:00:00+00:00,2.0,3.7,4.27,0.95,91.74
Antananarivo,Madagascar,-18.8792,47.5079,2026-05-23 11:00:00+00:00,1.0,1.14,1.72,0.07,53.65
Buenos Aires,Argentina,-34.6037,-58.3816,2026-05-23 11:00:00+00:00,1.0,4.51,9.46,8.63,8.84
London,England,51.5074,-0.1278,2026-05-23 11:00:00+00:00,2.0,14.09,17.33,17.42,28.96
Madrid,Spain,40.4168,-3.7038,2026-05-23 11:00:00+00:00,2.0,2.66,6.18,0.33,98.47
Paris,France,48.8566,2.3522,2026-05-23 11:00:00+00:00,3.0,4.05,4.58,0.59,103.05
Antananarivo,Madagascar,-18.8792,47.5079,2026-05-23 12:00:00+00:00,1.0,1.14,1.7,0.08,53.85
Buenos Aires,Argentina,-34.6037,-58.3816,2026-05-23 12:00:00+00:00,1.0,4.44,9.46,7.84,8.81
London,England,51.5074,-0.1278,2026-05-23 12:00:00+00:00,2.0,13.16,16.28,16.15,30.13
Madrid,Spain,40.4168,-3.7038,2026-05-23 12:00:00+00:00,2.0,2.74,6.3,0.3,99.91
Paris,France,48.8566,2.3522,2026-05-23 12:00:00+00:00,3.0,4.48,5.01,0.52,105.67
Antananarivo,Madagascar,-18.8792,47.5079,2026-05-23 13:00:00+00:00,1.0,1.29,2.04,0.17,51.25
Buenos Aires,Argentina,-34.6037,-58.3816,2026-05-23 13:00:00+00:00,1.0,4.17,9.31,6.09,11.05
London,England,51.5074,-0.1278,2026-05-23 13:00:00+00:00,2.0,11.84,15.03,14.87,32.43
Madrid,Spain,40.4168,-3.7038,2026-05-23 13:00:00+00:00,3.0,3.3,8.68,0.23,106.46
Paris,France,48.8566,2.3522,2026-05-23 13:00:00+00:00,3.0,4.3,5.54,0.45,111.06
Antananarivo,Madagascar,-18.8792,47.5079,2026-05-23 14:00:00+00:00,1.0,1.58,2.67,0.38,46.49
Buenos Aires,Argentina,-34.6037,-58.3816,2026-05-23 14:00:00+00:00,1.0,3.89,8.99,4.53,12.93
London,England,51.5074,-0.1278,2026-05-23 14:00:00+00:00,2.0,10.6,13.99,13.88,36.28
Madrid,Spain,40.4168,-3.7038,2026-05-23 14:00:00+00:00,3.0,4.18,13.09,0.21,107.22
Paris,France,48.8566,2.3522,2026-05-23 14:00:00+00:00,3.0,4.12,6.4,0.46,111.5
Antananarivo,Madagascar,-18.8792,47.5079,2026-05-23 15:00:00+00:00,1.0,1.9,3.34,0.65,42.21
Buenos Aires,Argentina,-34.6037,-58.3816,2026-05-23 15:00:00+00:00,1.0,3.81,8.96,4.12,14.81
London,England,51.5074,-0.1278,2026-05-23 15:00:00+00:00,1.0,9.77,13.43,13.62,41.59
Madrid,Spain,40.4168,-3.7038,2026-05-23 15:00:00+00:00,3.0,4.73,15.83,0.22,106.42
Paris,France,48.8566,2.3522,2026-05-23 15:00:00+00:00,3.0,4.22,6.57,0.56,111.42
Antananarivo,Madagascar,-18.8792,47.5079,2026-05-23 16:00:00+00:00,1.0,2.37,4.37,0.91,36.85
Buenos Aires,Argentina,-34.6037,-58.3816,2026-05-23 16:00:00+00:00,1.0,3.85,7.51,3.59,44.31
London,England,51.5074,-0.1278,2026-05-23 16:00:00+00:00,1.0,9.12,13.03,14.01,48.33
Madrid,Spain,40.4168,-3.7038,2026-05-23 16:00:00+00:00,3.0,5.05,17.26,0.24,105.9
Paris,France,48.8566,2.3522,2026-05-23 16:00:00+00:00,3.0,4.5,6.62,0.7,113.12
Antananarivo,Madagascar,-18.8792,47.5079,2026-05-23 17:00:00+00:00,1.0,3.1,5.94,1.2,31.69
Buenos Aires,Argentina,-34.6037,-58.3816,2026-05-23 17:00:00+00:00,1.0,2.85,5.39,2.94,48.21
London,England,51.5074,-0.1278,2026-05-23 17:00:00+00:00,1.0,8.47,12.43,15.29,54.67
Madrid,Spain,40.4168,-3.7038,2026-05-23 17:00:00+00:00,3.0,5.19,17.74,0.28,104.35
Paris,France,48.8566,2.3522,2026-05-23 17:00:00+00:00,3.0,4.93,6.69,0.86,115.21
Antananarivo,Madagascar,-18.8792,47.5079,2026-05-23 18:00:00+00:00,1.0,3.9,7.49,1.44,27.58
Buenos Aires,Argentina,-34.6037,-58.3816,2026-05-23 18:00:00+00:00,1.0,2.33,4.45,3.0,48.28
London,England,51.5074,-0.1278,2026-05-23 18:00:00+00:00,1.0,7.74,11.57,17.82,58.22
Madrid,Spain,40.4168,-3.7038,2026-05-23 18:00:00+00:00,3.0,5.25,17.89,0.33,102.81
Paris,France,48.8566,2.3522,2026-05-23 18:00:00+00:00,3.0,5.35,6.84,1.12,117.61
Antananarivo,Madagascar,-18.8792,47.5079,2026-05-23 19:00:00+00:00,1.0,4.53,8.62,1.6,24.49
Buenos Aires,Argentina,-34.6037,-58.3816,2026-05-23 19:00:00+00:00,1.0,2.13,4.09,3.26,47.27
London,England,51.5074,-0.1278,2026-05-23 19:00:00+00:00,1.0,6.95,10.52,21.6,57.64
Madrid,Spain,40.4168,-3.7038,2026-05-23 19:00:00+00:00,2.0,5.17,16.91,0.55,96.33
Paris,France,48.8566,2.3522,2026-05-23 19:00:00+00:00,3.0,5.82,7.14,1.71,111.86
Antananarivo,Madagascar,-18.8792,47.5079,2026-05-23 20:00:00+00:00,1.0,4.91,9.27,1.71,22.89
Buenos Aires,Argentina,-34.6037,-58.3816,2026-05-23 20:00:00+00:00,1.0,2.07,4.04,3.76,44.78
London,England,51.5074,-0.1278,2026-05-23 20:00:00+00:00,1.0,6.21,9.4,24.14,54.55
Madrid,Spain,40.4168,-3.7038,2026-05-23 20:00:00+00:00,2.0,5.0,15.43,0.85,88.57
Paris,France,48.8566,2.3522,2026-05-23 20:00:00+00:00,3.0,6.24,7.54,2.35,101.92
Antananarivo,Madagascar,-18.8792,47.5079,2026-05-23 21:00:00+00:00,1.0,4.88,9.12,1.71,22.35
Buenos Aires,Argentina,-34.6037,-58.3816,2026-05-23 21:00:00+00:00,1.0,2.02,4.07,4.4,42.61
London,England,51.5074,-0.1278,2026-05-23 21:00:00+00:00,1.0,5.57,8.29,24.05,50.95
Madrid,Spain,40.4168,-3.7038,2026-05-23 21:00:00+00:00,2.0,4.83,14.15,1.06,84.58
Paris,France,48.8566,2.3522,2026-05-23 21:00:00+00:00,2.0,6.37,7.78,2.75,93.76
Antananarivo,Madagascar,-18.8792,47.5079,2026-05-23 22:00:00+00:00,1.0,4.65,8.57,1.66,22.97
Buenos Aires,Argentina,-34.6037,-58.3816,2026-05-23 22:00:00+00:00,1.0,1.94,4.09,4.57,40.27
London,England,51.5074,-0.1278,2026-05-23 22:00:00+00:00,1.0,5.15,7.4,24.57,45.58
Madrid,Spain,40.4168,-3.7038,2026-05-23 22:00:00+00:00,2.0,4.53,12.7,1.13,81.58
Paris,France,48.8566,2.3522,2026-05-23 22:00:00+00:00,2.0,6.18,7.73,2.89,84.14
Antananarivo,Madagascar,-18.8792,47.5079,2026-05-23 23:00:00+00:00,1.0,4.42,8.02,1.58,23.88
Buenos Aires,Argentina,-34.6037,-58.3816,2026-05-23 23:00:00+00:00,1.0,1.88,4.12,4.5,37.71
London,England,51.5074,-0.1278,2026-05-23 23:00:00+00:00,1.0,4.94,6.84,25.51,39.04
Madrid,Spain,40.4168,-3.7038,2026-05-23 23:00:00+00:00,2.0,4.29,11.34,1.05,78.77
Paris,France,48.8566,2.3522,2026-05-23 23:00:00+00:00,2.0,6.16,7.83,2.86,75.47
Antananarivo,Madagascar,-18.8792,47.5079,2026-05-24 00:00:00+00:00,1.0,4.2,7.51,1.51,24.79
Buenos Aires,Argentina,-34.6037,-58.3816,2026-05-24 00:00:00+00:00,1.0,1.83,4.13,4.3,35.8
London,England,51.5074,-0.1278,2026-05-24 00:00:00+00:00,1.0,4.85,6.49,26.17,32.55
Madrid,Spain,40.4168,-3.7038,2026-05-24 00:00:00+00:00,2.0,4.03,9.84,0.95,76.96
Paris,France,48.8566,2.3522,2026-05-24 00:00:00+00:00,2.0,6.32,8.03,2.75,67.79
Antananarivo,Madagascar,-18.8792,47.5079,2026-05-24 01:00:00+00:00,1.0,4.05,7.11,1.47,25.15
Buenos Aires,Argentina,-34.6037,-58.3816,2026-05-24 01:00:00+00:00,1.0,1.8,4.06,4.0,34.1
London,England,51.5074,-0.1278,2026-05-24 01:00:00+00:00,1.0,4.81,6.27,26.31,26.94
Madrid,Spain,40.4168,-3.7038,2026-05-24 01:00:00+00:00,2.0,3.72,8.47,0.83,76.65
Paris,France,48.8566,2.3522,2026-05-24 01:00:00+00:00,2.0,6.54,8.17,2.61,60.68
Antananarivo,Madagascar,-18.8792,47.5079,2026-05-24 02:00:00+00:00,1.0,3.98,6.87,1.44,25.0
Buenos Aires,Argentina,-34.6037,-58.3816,2026-05-24 02:00:00+00:00,1.0,1.86,3.98,3.84,32.73
London,England,51.5074,-0.1278,2026-05-24 02:00:00+00:00,1.0,4.83,6.17,26.48,22.02
Madrid,Spain,40.4168,-3.7038,2026-05-24 02:00:00+00:00,2.0,3.53,7.39,0.84,73.46
Paris,France,48.8566,2.3522,2026-05-24 02:00:00+00:00,1.0,6.86,8.36,2.47,56.11
Antananarivo,Madagascar,-18.8792,47.5079,2026-05-24 03:00:00+00:00,1.0,3.94,6.76,1.43,25.26
Buenos Aires,Argentina,-34.6037,-58.3816,2026-05-24 03:00:00+00:00,1.0,2.04,3.92,3.78,31.67
London,England,51.5074,-0.1278,2026-05-24 03:00:00+00:00,1.0,4.85,6.14,26.34,17.98
Madrid,Spain,40.4168,-3.7038,2026-05-24 03:00:00+00:00,2.0,3.36,6.61,0.87,70.86
Paris,France,48.8566,2.3522,2026-05-24 03:00:00+00:00,1.0,7.2,8.54,2.37,52.48
Antananarivo,Madagascar,-18.8792,47.5079,2026-05-24 04:00:00+00:00,1.0,3.99,7.13,1.43,25.24
Buenos Aires,Argentina,-34.6037,-58.3816,2026-05-24 04:00:00+00:00,1.0,2.3,3.99,3.85,30.35
London,England,51.5074,-0.1278,2026-05-24 04:00:00+00:00,1.0,4.84,6.16,25.62,15.17
Madrid,Spain,40.4168,-3.7038,2026-05-24 04:00:00+00:00,2.0,3.14,6.03,0.89,69.45
Paris,France,48.8566,2.3522,2026-05-24 04:00:00+00:00,1.0,7.44,8.67,2.37,49.32
Antananarivo,Madagascar,-18.8792,47.5079,2026-05-24 05:00:00+00:00,1.0,4.14,7.72,1.11,25.77
Buenos Aires,Argentina,-34.6037,-58.3816,2026-05-24 05:00:00+00:00,1.0,2.59,4.22,3.96,29.29
London,England,51.5074,-0.1278,2026-05-24 05:00:00+00:00,1.0,4.94,6.39,24.26,13.76
Madrid,Spain,40.4168,-3.7038,2026-05-24 05:00:00+00:00,2.0,3.05,5.74,1.04,66.12
Paris,France,48.8566,2.3522,2026-05-24 05:00:00+00:00,1.0,7.65,8.86,2.7,47.18
Antananarivo,Madagascar,-18.8792,47.5079,2026-05-24 06:00:00+00:00,1.0,4.71,8.47,0.75,30.69
Buenos Aires,Argentina,-34.6037,-58.3816,2026-05-24 06:00:00+00:00,1.0,2.85,4.52,3.99,29.03
London,England,51.5074,-0.1278,2026-05-24 06:00:00+00:00,1.0,5.27,6.94,18.77,17.66
Madrid,Spain,40.4168,-3.7038,2026-05-24 06:00:00+00:00,2.0,3.02,5.61,1.36,62.36
Paris,France,48.8566,2.3522,2026-05-24 06:00:00+00:00,1.0,7.77,9.06,2.99,46.41
Antananarivo,Madagascar,-18.8792,47.5079,2026-05-24 07:00:00+00:00,1.0,2.27,3.68,0.17,47.08
Buenos Aires,Argentina,-34.6037,-58.3816,2026-05-24 07:00:00+00:00,1.0,3.03,4.63,3.93,27.66
London,England,51.5074,-0.1278,2026-05-24 07:00:00+00:00,1.0,5.93,7.91,13.87,22.11
Madrid,Spain,40.4168,-3.7038,2026-05-24 07:00:00+00:00,1.0,2.94,5.46,1.44,59.06
Paris,France,48.8566,2.3522,2026-05-24 07:00:00+00:00,1.0,7.71,9.17,2.8,47.14
Antananarivo,Madagascar,-18.8792,47.5079,2026-05-24 08:00:00+00:00,1.0,2.2,3.35,0.1,48.66
Buenos Aires,Argentina,-34.6037,-58.3816,2026-05-24 08:00:00+00:00,1.0,3.16,4.62,3.84,24.95
London,England,51.5074,-0.1278,2026-05-24 08:00:00+00:00,1.0,6.98,9.39,11.6,25.15
Madrid,Spain,40.4168,-3.7038,2026-05-24 08:00:00+00:00,1.0,2.88,5.34,1.32,58.31
Paris,France,48.8566,2.3522,2026-05-24 08:00:00+00:00,1.0,7.58,9.28,2.54,48.5
Antananarivo,Madagascar,-18.8792,47.5079,2026-05-24 09:00:00+00:00,1.0,2.21,3.29,0.09,48.34
Buenos Aires,Argentina,-34.6037,-58.3816,2026-05-24 09:00:00+00:00,1.0,3.31,4.77,3.83,22.65
London,England,51.5074,-0.1278,2026-05-24 09:00:00+00:00,1.0,8.34,11.21,10.69,27.74
Madrid,Spain,40.4168,-3.7038,2026-05-24 09:00:00+00:00,2.0,2.87,5.44,1.15,62.05
Paris,France,48.8566,2.3522,2026-05-24 09:00:00+00:00,1.0,7.73,9.81,2.23,55.9
Antananarivo,Madagascar,-18.8792,47.5079,2026-05-24 10:00:00+00:00,1.0,2.28,3.26,0.08,50.73
Buenos Aires,Argentina,-34.6037,-58.3816,2026-05-24 10:00:00+00:00,1.0,3.46,4.97,3.97,20.92
London,England,51.5074,-0.1278,2026-05-24 10:00:00+00:00,1.0,9.86,13.24,10.41,30.56
Madrid,Spain,40.4168,-3.7038,2026-05-24 10:00:00+00:00,2.0,3.41,8.95,0.49,97.02
Paris,France,48.8566,2.3522,2026-05-24 10:00:00+00:00,3.0,7.4,9.79,1.39,101.39
Antananarivo,Madagascar,-18.8792,47.5079,2026-05-24 11:00:00+00:00,1.0,2.45,3.41,0.09,51.01
Buenos Aires,Argentina,-34.6037,-58.3816,2026-05-24 11:00:00+00:00,1.0,3.58,5.2,4.34,19.83
London,England,51.5074,-0.1278,2026-05-24 11:00:00+00:00,2.0,11.55,15.49,10.49,33.63
Madrid,Spain,40.4168,-3.7038,2026-05-24 11:00:00+00:00,3.0,3.73,10.45,0.34,103.08
Paris,France,48.8566,2.3522,2026-05-24 11:00:00+00:00,3.0,8.1,10.55,0.97,113.27
Antananarivo,Madagascar,-18.8792,47.5079,2026-05-24 12:00:00+00:00,1.0,2.61,3.57,0.1,50.39
Buenos Aires,Argentina,-34.6037,-58.3816,2026-05-24 12:00:00+00:00,1.0,3.78,5.57,4.77,20.41
London,England,51.5074,-0.1278,2026-05-24 12:00:00+00:00,2.0,13.64,18.1,10.75,36.95
Madrid,Spain,40.4168,-3.7038,2026-05-24 12:00:00+00:00,3.0,3.91,11.07,0.3,104.51
Paris,France,48.8566,2.3522,2026-05-24 12:00:00+00:00,3.0,8.73,11.2,0.81,117.16
Antananarivo,Madagascar,-18.8792,47.5079,2026-05-24 13:00:00+00:00,1.0,2.79,3.84,0.16,48.45
Buenos Aires,Argentina,-34.6037,-58.3816,2026-05-24 13:00:00+00:00,1.0,3.85,6.04,5.31,22.45
London,England,51.5074,-0.1278,2026-05-24 13:00:00+00:00,2.0,16.0,20.82,11.19,40.89
Madrid,Spain,40.4168,-3.7038,2026-05-24 13:00:00+00:00,3.0,4.4,13.63,0.24,106.75
Paris,France,48.8566,2.3522,2026-05-24 13:00:00+00:00,3.0,7.42,9.86,0.6,122.7
Antananarivo,Madagascar,-18.8792,47.5079,2026-05-24 14:00:00+00:00,1.0,3.01,4.25,0.28,46.34
Buenos Aires,Argentina,-34.6037,-58.3816,2026-05-24 14:00:00+00:00,1.0,3.8,6.45,5.81,21.41
London,England,51.5074,-0.1278,2026-05-24 14:00:00+00:00,2.0,18.06,23.06,11.61,45.77
Madrid,Spain,40.4168,-3.7038,2026-05-24 14:00:00+00:00,3.0,5.24,17.81,0.23,104.57
Paris,France,48.8566,2.3522,2026-05-24 14:00:00+00:00,3.0,6.48,9.68,0.54,122.67
Antananarivo,Madagascar,-18.8792,47.5079,2026-05-24 15:00:00+00:00,1.0,3.26,4.7,0.4,45.04
Buenos Aires,Argentina,-34.6037,-58.3816,2026-05-24 15:00:00+00:00,1.0,4.16,7.45,6.84,21.57
London,England,51.5074,-0.1278,2026-05-24 15:00:00+00:00,2.0,19.49,24.48,12.01,52.13
Madrid,Spain,40.4168,-3.7038,2026-05-24 15:00:00+00:00,3.0,5.67,19.77,0.25,102.64
Paris,France,48.8566,2.3522,2026-05-24 15:00:00+00:00,3.0,6.28,10.71,0.6,121.15
Antananarivo,Madagascar,-18.8792,47.5079,2026-05-24 16:00:00+00:00,1.0,3.56,5.3,0.55,42.41
Buenos Aires,Argentina,-34.6037,-58.3816,2026-05-24 16:00:00+00:00,1.0,4.67,8.35,7.25,34.65
London,England,51.5074,-0.1278,2026-05-24 16:00:00+00:00,2.0,20.44,25.37,12.88,59.58
Madrid,Spain,40.4168,-3.7038,2026-05-24 16:00:00+00:00,3.0,5.79,19.9,0.31,102.5
Paris,France,48.8566,2.3522,2026-05-24 16:00:00+00:00,3.0,6.49,12.45,0.71,120.74
Antananarivo,Madagascar,-18.8792,47.5079,2026-05-24 17:00:00+00:00,1.0,3.99,6.18,0.74,38.97
Buenos Aires,Argentina,-34.6037,-58.3816,2026-05-24 17:00:00+00:00,1.0,4.52,7.63,7.16,37.45
London,England,51.5074,-0.1278,2026-05-24 17:00:00+00:00,2.0,20.76,25.66,14.03,66.26
Madrid,Spain,40.4168,-3.7038,2026-05-24 17:00:00+00:00,3.0,5.59,19.01,0.37,101.84
Paris,France,48.8566,2.3522,2026-05-24 17:00:00+00:00,3.0,6.97,14.48,0.85,119.96
Antananarivo,Madagascar,-18.8792,47.5079,2026-05-24 18:00:00+00:00,1.0,4.39,6.99,0.89,35.71
Buenos Aires,Argentina,-34.6037,-58.3816,2026-05-24 18:00:00+00:00,1.0,4.28,7.02,7.95,37.62
London,England,51.5074,-0.1278,2026-05-24 18:00:00+00:00,2.0,20.51,25.5,15.6,70.9
Madrid,Spain,40.4168,-3.7038,2026-05-24 18:00:00+00:00,3.0,5.36,18.08,0.41,101.81
Paris,France,48.8566,2.3522,2026-05-24 18:00:00+00:00,3.0,7.37,16.72,1.03,117.74
Antananarivo,Madagascar,-18.8792,47.5079,2026-05-24 19:00:00+00:00,1.0,4.78,7.77,1.04,31.85
Buenos Aires,Argentina,-34.6037,-58.3816,2026-05-24 19:00:00+00:00,1.0,4.04,6.55,8.33,34.92
London,England,51.5074,-0.1278,2026-05-24 19:00:00+00:00,2.0,19.93,25.19,17.31,73.45
Madrid,Spain,40.4168,-3.7038,2026-05-24 19:00:00+00:00,2.0,5.12,16.64,0.5,98.63
Paris,France,48.8566,2.3522,2026-05-24 19:00:00+00:00,3.0,7.94,19.88,1.35,111.92
Antananarivo,Madagascar,-18.8792,47.5079,2026-05-24 20:00:00+00:00,1.0,5.15,8.47,1.2,28.38
Buenos Aires,Argentina,-34.6037,-58.3816,2026-05-24 20:00:00+00:00,1.0,3.93,6.39,9.13,29.22
London,England,51.5074,-0.1278,2026-05-24 20:00:00+00:00,2.0,19.56,25.2,17.52,74.61
Madrid,Spain,40.4168,-3.7038,2026-05-24 20:00:00+00:00,2.0,4.9,15.05,0.58,94.06
Paris,France,48.8566,2.3522,2026-05-24 20:00:00+00:00,3.0,8.9,24.96,1.71,104.55
Antananarivo,Madagascar,-18.8792,47.5079,2026-05-24 21:00:00+00:00,1.0,5.24,8.62,1.27,25.88
Buenos Aires,Argentina,-34.6037,-58.3816,2026-05-24 21:00:00+00:00,1.0,3.88,6.44,10.6,24.51
London,England,51.5074,-0.1278,2026-05-24 21:00:00+00:00,2.0,19.7,25.8,16.06,75.5
Madrid,Spain,40.4168,-3.7038,2026-05-24 21:00:00+00:00,2.0,4.57,13.13,0.63,90.71
Paris,France,48.8566,2.3522,2026-05-24 21:00:00+00:00,2.0,10.1,32.13,1.98,98.24
Antananarivo,Madagascar,-18.8792,47.5079,2026-05-24 22:00:00+00:00,1.0,5.36,8.8,1.35,24.36
Buenos Aires,Argentina,-34.6037,-58.3816,2026-05-24 22:00:00+00:00,1.0,3.9,6.62,11.38,21.69
London,England,51.5074,-0.1278,2026-05-24 22:00:00+00:00,2.0,20.62,27.24,14.85,76.23
Madrid,Spain,40.4168,-3.7038,2026-05-24 22:00:00+00:00,2.0,4.06,10.84,0.65,87.61
Paris,France,48.8566,2.3522,2026-05-24 22:00:00+00:00,2.0,11.38,40.42,2.1,90.62
Antananarivo,Madagascar,-18.8792,47.5079,2026-05-24 23:00:00+00:00,1.0,5.61,9.24,1.46,23.38
Buenos Aires,Argentina,-34.6037,-58.3816,2026-05-24 23:00:00+00:00,1.0,4.03,6.92,11.91,20.09
London,England,51.5074,-0.1278,2026-05-24 23:00:00+00:00,2.0,22.26,29.6,13.97,78.37
Madrid,Spain,40.4168,-3.7038,2026-05-24 23:00:00+00:00,2.0,3.67,9.07,0.65,86.0
Paris,France,48.8566,2.3522,2026-05-24 23:00:00+00:00,2.0,12.87,48.9,2.07,83.84
Antananarivo,Madagascar,-18.8792,47.5079,2026-05-25 00:00:00+00:00,1.0,5.86,9.7,1.56,22.63
Buenos Aires,Argentina,-34.6037,-58.3816,2026-05-25 00:00:00+00:00,1.0,4.28,7.36,12.58,18.95
London,England,51.5074,-0.1278,2026-05-25 00:00:00+00:00,2.0,23.91,32.08,13.36,82.36
Madrid,Spain,40.4168,-3.7038,2026-05-25 00:00:00+00:00,2.0,3.37,7.8,0.64,84.9
Paris,France,48.8566,2.3522,2026-05-25 00:00:00+00:00,3.0,14.19,55.75,1.94,77.4
Antananarivo,Madagascar,-18.8792,47.5079,2026-05-25 01:00:00+00:00,1.0,6.09,10.12,1.64,22.23
Buenos Aires,Argentina,-34.6037,-58.3816,2026-05-25 01:00:00+00:00,1.0,4.6,7.83,13.41,17.12
London,England,51.5074,-0.1278,2026-05-25 01:00:00+00:00,2.0,24.6,33.49,12.79,89.18
Madrid,Spain,40.4168,-3.7038,2026-05-25 01:00:00+00:00,2.0,3.15,6.86,0.62,82.55
Paris,France,48.8566,2.3522,2026-05-25 01:00:00+00:00,3.0,14.98,58.57,1.8,70.33
Antananarivo,Madagascar,-18.8792,47.5079,2026-05-25 02:00:00+00:00,1.0,6.39,10.56,1.75,21.64
Buenos Aires,Argentina,-34.6037,-58.3816,2026-05-25 02:00:00+00:00,1.0,5.02,8.37,14.21,14.66
London,England,51.5074,-0.1278,2026-05-25 02:00:00+00:00,2.0,24.6,33.21,12.25,92.27
Madrid,Spain,40.4168,-3.7038,2026-05-25 02:00:00+00:00,2.0,3.06,6.32,0.65,79.1
Paris,France,48.8566,2.3522,2026-05-25 02:00:00+00:00,3.0,15.4,57.81,1.71,63.52
Antananarivo,Madagascar,-18.8792,47.5079,2026-05-25 03:00:00+00:00,1.0,6.77,11.08,1.86,21.11
Buenos Aires,Argentina,-34.6037,-58.3816,2026-05-25 03:00:00+00:00,1.0,5.55,9.0,14.81,12.68
London,England,51.5074,-0.1278,2026-05-25 03:00:00+00:00,2.0,24.09,32.24,11.72,92.18
Madrid,Spain,40.4168,-3.7038,2026-05-25 03:00:00+00:00,2.0,3.04,6.04,0.7,75.59
Paris,France,48.8566,2.3522,2026-05-25 03:00:00+00:00,3.0,15.55,55.23,1.65,57.1
Antananarivo,Madagascar,-18.8792,47.5079,2026-05-25 04:00:00+00:00,1.0,7.26,12.2,1.98,19.66
Buenos Aires,Argentina,-34.6037,-58.3816,2026-05-25 04:00:00+00:00,1.0,6.13,9.34,15.22,10.85
London,England,51.5074,-0.1278,2026-05-25 04:00:00+00:00,2.0,23.23,30.95,11.36,89.65
Madrid,Spain,40.4168,-3.7038,2026-05-25 04:00:00+00:00,2.0,3.01,5.82,0.77,71.71
Paris,France,48.8566,2.3522,2026-05-25 04:00:00+00:00,3.0,15.46,51.82,1.69,50.51
Antananarivo,Madagascar,-18.8792,47.5079,2026-05-25 05:00:00+00:00,1.0,7.67,13.2,1.58,19.96
Buenos Aires,Argentina,-34.6037,-58.3816,2026-05-25 05:00:00+00:00,1.0,6.66,9.65,15.53,8.75
London,England,51.5074,-0.1278,2026-05-25 05:00:00+00:00,2.0,22.36,29.78,11.36,84.42
Madrid,Spain,40.4168,-3.7038,2026-05-25 05:00:00+00:00,2.0,3.0,5.63,0.95,69.67
Paris,France,48.8566,2.3522,2026-05-25 05:00:00+00:00,2.0,15.51,49.49,2.05,44.44
Antananarivo,Madagascar,-18.8792,47.5079,2026-05-25 06:00:00+00:00,1.0,8.05,13.47,1.0,26.63
Buenos Aires,Argentina,-34.6037,-58.3816,2026-05-25 06:00:00+00:00,1.0,7.23,10.03,15.82,7.01
London,England,51.5074,-0.1278,2026-05-25 06:00:00+00:00,2.0,21.67,28.94,11.46,78.56
Madrid,Spain,40.4168,-3.7038,2026-05-25 06:00:00+00:00,2.0,2.97,5.39,1.28,68.92
Paris,France,48.8566,2.3522,2026-05-25 06:00:00+00:00,2.0,15.71,47.98,2.53,39.41
Antananarivo,Madagascar,-18.8792,47.5079,2026-05-25 07:00:00+00:00,1.0,4.83,7.32,0.21,43.82
Buenos Aires,Argentina,-34.6037,-58.3816,2026-05-25 07:00:00+00:00,1.0,7.77,10.52,16.0,5.5
London,England,51.5074,-0.1278,2026-05-25 07:00:00+00:00,2.0,21.11,28.43,10.39,73.17
Madrid,Spain,40.4168,-3.7038,2026-05-25 07:00:00+00:00,2.0,2.86,4.95,1.39,68.92
Paris,France,48.8566,2.3522,2026-05-25 07:00:00+00:00,2.0,15.85,46.75,2.43,36.38
Antananarivo,Madagascar,-18.8792,47.5079,2026-05-25 08:00:00+00:00,1.0,4.51,6.57,0.12,46.37
Buenos Aires,Argentina,-34.6037,-58.3816,2026-05-25 08:00:00+00:00,1.0,8.22,10.94,15.8,4.18
London,England,51.5074,-0.1278,2026-05-25 08:00:00+00:00,2.0,20.68,28.25,9.12,69.74
Madrid,Spain,40.4168,-3.7038,2026-05-25 08:00:00+00:00,2.0,2.75,4.52,1.25,70.13
Paris,France,48.8566,2.3522,2026-05-25 08:00:00+00:00,2.0,15.98,45.74,2.08,36.91
Antananarivo,Madagascar,-18.8792,47.5079,2026-05-25 09:00:00+00:00,1.0,4.55,6.52,0.1,47.04
Buenos Aires,Argentina,-34.6037,-58.3816,2026-05-25 09:00:00+00:00,1.0,8.62,11.37,15.34,3.24
London,England,51.5074,-0.1278,2026-05-25 09:00:00+00:00,2.0,20.57,28.36,7.88,70.29
Madrid,Spain,40.4168,-3.7038,2026-05-25 09:00:00+00:00,2.0,2.69,4.23,1.0,75.36
Paris,France,48.8566,2.3522,2026-05-25 09:00:00+00:00,2.0,16.41,45.73,1.74,42.71
Antananarivo,Madagascar,-18.8792,47.5079,2026-05-25 10:00:00+00:00,1.0,4.78,6.65,0.09,49.2
Buenos Aires,Argentina,-34.6037,-58.3816,2026-05-25 10:00:00+00:00,1.0,8.84,11.74,14.69,2.58
London,England,51.5074,-0.1278,2026-05-25 10:00:00+00:00,2.0,21.18,28.92,6.58,77.73
Madrid,Spain,40.4168,-3.7038,2026-05-25 10:00:00+00:00,2.0,2.59,4.71,0.46,98.45
Paris,France,48.8566,2.3522,2026-05-25 10:00:00+00:00,2.0,16.08,44.55,1.15,71.0
Antananarivo,Madagascar,-18.8792,47.5079,2026-05-25 11:00:00+00:00,1.0,4.95,6.75,0.1,49.49
Buenos Aires,Argentina,-34.6037,-58.3816,2026-05-25 11:00:00+00:00,1.0,9.13,12.17,14.17,2.14
London,England,51.5074,-0.1278,2026-05-25 11:00:00+00:00,2.0,22.67,29.95,5.38,90.05
Madrid,Spain,40.4168,-3.7038,2026-05-25 11:00:00+00:00,3.0,2.57,5.07,0.31,102.16
Paris,France,48.8566,2.3522,2026-05-25 11:00:00+00:00,2.0,16.01,42.45,0.87,81.6
Antananarivo,Madagascar,-18.8792,47.5079,2026-05-25 12:00:00+00:00,1.0,5.07,6.86,0.12,49.06
Buenos Aires,Argentina,-34.6037,-58.3816,2026-05-25 12:00:00+00:00,1.0,9.68,13.01,13.39,2.56
London,England,51.5074,-0.1278,2026-05-25 12:00:00+00:00,3.0,23.99,30.9,4.52,103.95
Madrid,Spain,40.4168,-3.7038,2026-05-25 12:00:00+00:00,3.0,2.53,5.04,0.28,102.49
Paris,France,48.8566,2.3522,2026-05-25 12:00:00+00:00,2.0,15.99,41.03,0.76,88.05
Antananarivo,Madagascar,-18.8792,47.5079,2026-05-25 13:00:00+00:00,1.0,5.35,7.29,0.21,46.98
Buenos Aires,Argentina,-34.6037,-58.3816,2026-05-25 13:00:00+00:00,2.0,10.46,14.44,11.06,6.24
London,England,51.5074,-0.1278,2026-05-25 13:00:00+00:00,3.0,24.14,30.97,4.08,117.03
Madrid,Spain,40.4168,-3.7038,2026-05-25 13:00:00+00:00,3.0,3.1,8.41,0.24,105.53
Paris,France,48.8566,2.3522,2026-05-25 13:00:00+00:00,2.0,14.3,42.0,0.54,98.78
Antananarivo,Madagascar,-18.8792,47.5079,2026-05-25 14:00:00+00:00,1.0,5.82,8.11,0.4,43.79
Buenos Aires,Argentina,-34.6037,-58.3816,2026-05-25 14:00:00+00:00,2.0,10.2,14.47,8.21,8.85
London,England,51.5074,-0.1278,2026-05-25 14:00:00+00:00,3.0,23.41,30.35,3.9,127.71
Madrid,Spain,40.4168,-3.7038,2026-05-25 14:00:00+00:00,3.0,4.4,15.58,0.23,103.46
Paris,France,48.8566,2.3522,2026-05-25 14:00:00+00:00,3.0,14.25,47.15,0.52,100.8
Antananarivo,Madagascar,-18.8792,47.5079,2026-05-25 15:00:00+00:00,1.0,6.33,9.02,0.59,41.13
Buenos Aires,Argentina,-34.6037,-58.3816,2026-05-25 15:00:00+00:00,1.0,9.51,14.05,6.56,11.06
London,England,51.5074,-0.1278,2026-05-25 15:00:00+00:00,3.0,21.75,28.93,3.91,135.35
Madrid,Spain,40.4168,-3.7038,2026-05-25 15:00:00+00:00,3.0,5.06,18.97,0.25,101.11
Paris,France,48.8566,2.3522,2026-05-25 15:00:00+00:00,3.0,14.21,48.95,0.61,100.3
Antananarivo,Madagascar,-18.8792,47.5079,2026-05-25 16:00:00+00:00,1.0,6.71,9.88,0.73,38.39
Buenos Aires,Argentina,-34.6037,-58.3816,2026-05-25 16:00:00+00:00,1.0,7.6,12.94,4.74,25.76
London,England,51.5074,-0.1278,2026-05-25 16:00:00+00:00,3.0,19.58,26.98,4.25,139.39
Madrid,Spain,40.4168,-3.7038,2026-05-25 16:00:00+00:00,3.0,5.31,20.17,0.28,100.47
Paris,France,48.8566,2.3522,2026-05-25 16:00:00+00:00,3.0,14.21,50.03,0.74,100.34
Antananarivo,Madagascar,-18.8792,47.5079,2026-05-25 17:00:00+00:00,1.0,7.11,10.75,0.84,36.41
Buenos Aires,Argentina,-34.6037,-58.3816,2026-05-25 17:00:00+00:00,1.0,6.74,12.34,3.16,33.86
London,England,51.5074,-0.1278,2026-05-25 17:00:00+00:00,3.0,17.46,24.83,4.88,138.11
Madrid,Spain,40.4168,-3.7038,2026-05-25 17:00:00+00:00,2.0,5.23,19.82,0.31,99.22
Paris,France,48.8566,2.3522,2026-05-25 17:00:00+00:00,3.0,14.22,50.52,0.89,100.26
Antananarivo,Madagascar,-18.8792,47.5079,2026-05-25 18:00:00+00:00,1.0,7.43,11.39,0.9,35.38
Buenos Aires,Argentina,-34.6037,-58.3816,2026-05-25 18:00:00+00:00,1.0,6.65,12.6,2.27,39.83
London,England,51.5074,-0.1278,2026-05-25 18:00:00+00:00,3.0,15.83,22.95,5.71,134.49
Madrid,Spain,40.4168,-3.7038,2026-05-25 18:00:00+00:00,2.0,5.18,19.55,0.34,97.87
Paris,France,48.8566,2.3522,2026-05-25 18:00:00+00:00,3.0,14.11,50.3,1.09,99.88
Antananarivo,Madagascar,-18.8792,47.5079,2026-05-25 19:00:00+00:00,1.0,8.16,12.73,1.12,32.36
Buenos Aires,Argentina,-34.6037,-58.3816,2026-05-25 19:00:00+00:00,1.0,6.97,13.09,1.83,39.18
London,England,51.5074,-0.1278,2026-05-25 19:00:00+00:00,3.0,14.9,21.66,6.63,130.66
Madrid,Spain,40.4168,-3.7038,2026-05-25 19:00:00+00:00,2.0,5.21,19.18,0.54,94.26
Paris,France,48.8566,2.3522,2026-05-25 19:00:00+00:00,2.0,13.76,47.58,1.49,95.72
Antananarivo,Madagascar,-18.8792,47.5079,2026-05-25 20:00:00+00:00,1.0,9.22,14.45,1.44,28.01
Buenos Aires,Argentina,-34.6037,-58.3816,2026-05-25 20:00:00+00:00,1.0,7.37,13.42,2.23,33.35
London,England,51.5074,-0.1278,2026-05-25 20:00:00+00:00,3.0,14.35,20.76,7.13,126.37
Madrid,Spain,40.4168,-3.7038,2026-05-25 20:00:00+00:00,2.0,5.18,18.23,0.85,91.6
Paris,France,48.8566,2.3522,2026-05-25 20:00:00+00:00,2.0,13.36,43.17,1.96,90.03
Antananarivo,Madagascar,-18.8792,47.5079,2026-05-25 21:00:00+00:00,1.0,9.79,14.7,1.59,24.3
Buenos Aires,Argentina,-34.6037,-58.3816,2026-05-25 21:00:00+00:00,1.0,7.49,13.6,3.12,29.43
London,England,51.5074,-0.1278,2026-05-25 21:00:00+00:00,3.0,13.65,19.81,7.31,120.91
Madrid,Spain,40.4168,-3.7038,2026-05-25 21:00:00+00:00,2.0,4.97,16.48,1.05,90.3
Paris,France,48.8566,2.3522,2026-05-25 21:00:00+00:00,2.0,12.74,37.91,2.29,85.78
Antananarivo,Madagascar,-18.8792,47.5079,2026-05-25 22:00:00+00:00,2.0,10.03,14.33,1.64,21.27
Buenos Aires,Argentina,-34.6037,-58.3816,2026-05-25 22:00:00+00:00,1.0,7.54,13.77,3.55,27.74
London,England,51.5074,-0.1278,2026-05-25 22:00:00+00:00,3.0,12.75,18.61,7.84,112.22
Madrid,Spain,40.4168,-3.7038,2026-05-25 22:00:00+00:00,2.0,4.58,13.93,1.08,87.74
Paris,France,48.8566,2.3522,2026-05-25 22:00:00+00:00,2.0,11.77,31.73,2.39,80.54
Antananarivo,Madagascar,-18.8792,47.5079,2026-05-25 23:00:00+00:00,2.0,10.27,14.27,1.65,19.2
Buenos Aires,Argentina,-34.6037,-58.3816,2026-05-25 23:00:00+00:00,1.0,7.77,14.24,3.58,26.54
London,England,51.5074,-0.1278,2026-05-25 23:00:00+00:00,3.0,11.96,17.66,8.77,100.21
Madrid,Spain,40.4168,-3.7038,2026-05-25 23:00:00+00:00,2.0,4.36,12.01,1.03,85.68
Paris,France,48.8566,2.3522,2026-05-25 23:00:00+00:00,2.0,10.95,26.63,2.22,76.01
Antananarivo,Madagascar,-18.8792,47.5079,2026-05-26 00:00:00+00:00,2.0,10.49,14.4,1.65,17.73
Buenos Aires,Argentina,-34.6037,-58.3816,2026-05-26 00:00:00+00:00,1.0,8.12,14.94,3.5,25.21
London,England,51.5074,-0.1278,2026-05-26 00:00:00+00:00,2.0,11.32,17.14,9.78,88.44
Madrid,Spain,40.4168,-3.7038,2026-05-26 00:00:00+00:00,2.0,4.24,10.65,0.97,82.71
Paris,France,48.8566,2.3522,2026-05-26 00:00:00+00:00,2.0,10.16,22.42,1.92,71.6
Antananarivo,Madagascar,-18.8792,47.5079,2026-05-26 01:00:00+00:00,2.0,10.55,14.38,1.62,17.18
Buenos Aires,Argentina,-34.6037,-58.3816,2026-05-26 01:00:00+00:00,1.0,8.46,15.52,3.39,24.05
London,England,51.5074,-0.1278,2026-05-26 01:00:00+00:00,2.0,10.86,16.81,10.74,78.5
Madrid,Spain,40.4168,-3.7038,2026-05-26 01:00:00+00:00,2.0,4.14,9.47,0.93,75.84
Paris,France,48.8566,2.3522,2026-05-26 01:00:00+00:00,2.0,9.45,18.98,1.69,63.98
Antananarivo,Madagascar,-18.8792,47.5079,2026-05-26 02:00:00+00:00,2.0,10.68,14.51,1.61,16.8
Buenos Aires,Argentina,-34.6037,-58.3816,2026-05-26 02:00:00+00:00,1.0,9.0,16.29,3.41,23.64
London,England,51.5074,-0.1278,2026-05-26 02:00:00+00:00,2.0,10.52,16.41,11.45,71.48
Madrid,Spain,40.4168,-3.7038,2026-05-26 02:00:00+00:00,2.0,4.1,8.63,0.94,70.59
Paris,France,48.8566,2.3522,2026-05-26 02:00:00+00:00,1.0,9.07,16.8,1.62,54.91
Antananarivo,Madagascar,-18.8792,47.5079,2026-05-26 03:00:00+00:00,2.0,10.89,14.9,1.65,16.97
Buenos Aires,Argentina,-34.6037,-58.3816,2026-05-26 03:00:00+00:00,1.0,9.57,16.75,3.39,23.32
London,England,51.5074,-0.1278,2026-05-26 03:00:00+00:00,2.0,10.2,15.84,11.93,66.34
Madrid,Spain,40.4168,-3.7038,2026-05-26 03:00:00+00:00,2.0,4.06,7.97,0.96,66.6
Paris,France,48.8566,2.3522,2026-05-26 03:00:00+00:00,1.0,8.84,15.58,1.66,46.75
Antananarivo,Madagascar,-18.8792,47.5079,2026-05-26 04:00:00+00:00,2.0,11.17,15.96,1.77,17.76
Buenos Aires,Argentina,-34.6037,-58.3816,2026-05-26 04:00:00+00:00,1.0,10.0,16.65,3.26,22.56
London,England,51.5074,-0.1278,2026-05-26 04:00:00+00:00,2.0,9.92,15.15,12.41,62.17
Madrid,Spain,40.4168,-3.7038,2026-05-26 04:00:00+00:00,2.0,3.98,7.37,1.0,62.92
Paris,France,48.8566,2.3522,2026-05-26 04:00:00+00:00,1.0,8.62,14.85,1.84,39.26
Antananarivo,Madagascar,-18.8792,47.5079,2026-05-26 05:00:00+00:00,2.0,11.46,17.07,1.47,19.21
Buenos Aires,Argentina,-34.6037,-58.3816,2026-05-26 05:00:00+00:00,2.0,10.47,16.72,3.12,21.15
London,England,51.5074,-0.1278,2026-05-26 05:00:00+00:00,1.0,9.73,14.56,13.12,58.23
Madrid,Spain,40.4168,-3.7038,2026-05-26 05:00:00+00:00,2.0,3.96,7.01,1.16,60.58
Paris,France,48.8566,2.3522,2026-05-26 05:00:00+00:00,1.0,8.56,14.76,2.45,32.91
Antananarivo,Madagascar,-18.8792,47.5079,2026-05-26 06:00:00+00:00,2.0,12.2,18.06,1.03,25.2
Buenos Aires,Argentina,-34.6037,-58.3816,2026-05-26 06:00:00+00:00,2.0,10.93,16.56,2.99,18.82
London,England,51.5074,-0.1278,2026-05-26 06:00:00+00:00,1.0,9.62,14.16,13.32,55.59
Madrid,Spain,40.4168,-3.7038,2026-05-26 06:00:00+00:00,1.0,3.97,6.8,1.43,59.62
Paris,France,48.8566,2.3522,2026-05-26 06:00:00+00:00,1.0,8.64,15.2,3.08,27.72
Antananarivo,Madagascar,-18.8792,47.5079,2026-05-26 07:00:00+00:00,1.0,7.56,10.58,0.26,41.58
Buenos Aires,Argentina,-34.6037,-58.3816,2026-05-26 07:00:00+00:00,2.0,11.24,16.13,2.89,16.01
London,England,51.5074,-0.1278,2026-05-26 07:00:00+00:00,1.0,9.51,13.8,12.09,54.39
Madrid,Spain,40.4168,-3.7038,2026-05-26 07:00:00+00:00,2.0,3.93,6.59,1.37,60.7
Paris,France,48.8566,2.3522,2026-05-26 07:00:00+00:00,1.0,8.7,15.73,2.87,24.22
Antananarivo,Madagascar,-18.8792,47.5079,2026-05-26 08:00:00+00:00,1.0,6.58,9.12,0.15,44.56
Buenos Aires,Argentina,-34.6037,-58.3816,2026-05-26 08:00:00+00:00,2.0,11.62,16.23,2.88,14.33
London,England,51.5074,-0.1278,2026-05-26 08:00:00+00:00,1.0,9.5,13.61,11.02,53.86
Madrid,Spain,40.4168,-3.7038,2026-05-26 08:00:00+00:00,2.0,3.89,6.36,1.22,61.08
Paris,France,48.8566,2.3522,2026-05-26 08:00:00+00:00,1.0,8.73,16.05,2.53,23.18
Antananarivo,Madagascar,-18.8792,47.5079,2026-05-26 09:00:00+00:00,1.0,6.29,8.7,0.13,45.27
Buenos Aires,Argentina,-34.6037,-58.3816,2026-05-26 09:00:00+00:00,2.0,12.02,16.56,2.93,13.4
London,England,51.5074,-0.1278,2026-05-26 09:00:00+00:00,1.0,9.68,13.72,10.34,54.48
Madrid,Spain,40.4168,-3.7038,2026-05-26 09:00:00+00:00,2.0,3.92,6.26,1.01,64.32
Paris,France,48.8566,2.3522,2026-05-26 09:00:00+00:00,1.0,9.02,16.74,2.29,26.91
Antananarivo,Madagascar,-18.8792,47.5079,2026-05-26 10:00:00+00:00,1.0,6.06,8.31,0.12,47.33
Buenos Aires,Argentina,-34.6037,-58.3816,2026-05-26 10:00:00+00:00,2.0,12.16,16.72,3.02,13.0
London,England,51.5074,-0.1278,2026-05-26 10:00:00+00:00,2.0,10.21,14.24,9.8,56.86
Madrid,Spain,40.4168,-3.7038,2026-05-26 10:00:00+00:00,2.0,3.94,7.33,0.5,90.43
Paris,France,48.8566,2.3522,2026-05-26 10:00:00+00:00,2.0,9.97,21.87,1.37,72.98
Antananarivo,Madagascar,-18.8792,47.5079,2026-05-26 11:00:00+00:00,1.0,5.99,8.12,0.13,47.71
Buenos Aires,Argentina,-34.6037,-58.3816,2026-05-26 11:00:00+00:00,2.0,12.2,17.09,3.27,12.42
London,England,51.5074,-0.1278,2026-05-26 11:00:00+00:00,2.0,11.34,15.39,9.15,61.99
Madrid,Spain,40.4168,-3.7038,2026-05-26 11:00:00+00:00,2.0,3.81,7.33,0.34,95.68
Paris,France,48.8566,2.3522,2026-05-26 11:00:00+00:00,2.0,10.6,22.73,0.9,85.89
Antananarivo,Madagascar,-18.8792,47.5079,2026-05-26 12:00:00+00:00,1.0,6.01,8.09,0.15,47.01
Buenos Aires,Argentina,-34.6037,-58.3816,2026-05-26 12:00:00+00:00,2.0,12.34,17.64,3.29,11.92
London,England,51.5074,-0.1278,2026-05-26 12:00:00+00:00,2.0,13.03,17.1,8.4,69.37
Madrid,Spain,40.4168,-3.7038,2026-05-26 12:00:00+00:00,2.0,3.67,6.88,0.3,96.68
Paris,France,48.8566,2.3522,2026-05-26 12:00:00+00:00,2.0,11.23,23.03,0.8,90.08
Antananarivo,Madagascar,-18.8792,47.5079,2026-05-26 13:00:00+00:00,1.0,6.2,8.34,0.27,44.45
Buenos Aires,Argentina,-34.6037,-58.3816,2026-05-26 13:00:00+00:00,2.0,12.16,18.15,2.3,12.8
London,England,51.5074,-0.1278,2026-05-26 13:00:00+00:00,2.0,14.73,18.86,7.87,77.57
Madrid,Spain,40.4168,-3.7038,2026-05-26 13:00:00+00:00,2.0,4.33,12.08,0.24,98.5
Paris,France,48.8566,2.3522,2026-05-26 13:00:00+00:00,3.0,11.46,31.59,0.5,101.69
Antananarivo,Madagascar,-18.8792,47.5079,2026-05-26 14:00:00+00:00,1.0,6.56,8.91,0.53,40.48
Buenos Aires,Argentina,-34.6037,-58.3816,2026-05-26 14:00:00+00:00,2.0,11.79,18.61,1.55,14.51
London,England,51.5074,-0.1278,2026-05-26 14:00:00+00:00,2.0,16.05,20.15,7.54,85.75
Madrid,Spain,40.4168,-3.7038,2026-05-26 14:00:00+00:00,2.0,6.28,22.51,0.21,96.19
Paris,France,48.8566,2.3522,2026-05-26 14:00:00+00:00,3.0,11.64,35.9,0.43,104.31
Antananarivo,Madagascar,-18.8792,47.5079,2026-05-26 15:00:00+00:00,1.0,6.89,9.5,0.78,37.49
Buenos Aires,Argentina,-34.6037,-58.3816,2026-05-26 15:00:00+00:00,2.0,11.81,19.6,1.23,18.98
London,England,51.5074,-0.1278,2026-05-26 15:00:00+00:00,2.0,16.83,20.76,7.35,94.14
Madrid,Spain,40.4168,-3.7038,2026-05-26 15:00:00+00:00,2.0,7.18,26.88,0.22,94.62
Paris,France,48.8566,2.3522,2026-05-26 15:00:00+00:00,3.0,11.52,35.74,0.49,104.46
Antananarivo,Madagascar,-18.8792,47.5079,2026-05-26 16:00:00+00:00,1.0,7.46,10.69,1.09,33.5
Buenos Aires,Argentina,-34.6037,-58.3816,2026-05-26 16:00:00+00:00,2.0,12.26,23.65,0.82,39.68
London,England,51.5074,-0.1278,2026-05-26 16:00:00+00:00,3.0,17.15,20.89,7.65,102.63
Madrid,Spain,40.4168,-3.7038,2026-05-26 16:00:00+00:00,2.0,7.66,29.13,0.24,95.14
Paris,France,48.8566,2.3522,2026-05-26 16:00:00+00:00,3.0,11.52,34.85,0.89,101.21
Antananarivo,Madagascar,-18.8792,47.5079,2026-05-26 17:00:00+00:00,1.0,8.47,12.72,1.47,29.22
Buenos Aires,Argentina,-34.6037,-58.3816,2026-05-26 17:00:00+00:00,2.0,12.87,25.25,0.58,45.45
London,England,51.5074,-0.1278,2026-05-26 17:00:00+00:00,3.0,16.97,20.51,8.48,109.32
Madrid,Spain,40.4168,-3.7038,2026-05-26 17:00:00+00:00,2.0,7.71,29.36,0.29,95.39
Paris,France,48.8566,2.3522,2026-05-26 17:00:00+00:00,2.0,11.56,33.47,1.49,94.01
Antananarivo,Madagascar,-18.8792,47.5079,2026-05-26 18:00:00+00:00,1.0,9.48,14.4,1.74,25.81
Buenos Aires,Argentina,-34.6037,-58.3816,2026-05-26 18:00:00+00:00,2.0,13.31,26.06,0.5,47.77
London,England,51.5074,-0.1278,2026-05-26 18:00:00+00:00,3.0,16.58,19.97,9.69,113.7
Madrid,Spain,40.4168,-3.7038,2026-05-26 18:00:00+00:00,2.0,7.56,28.66,0.35,95.86
Paris,France,48.8566,2.3522,2026-05-26 18:00:00+00:00,2.0,11.57,32.3,2.02,87.53
Antananarivo,Madagascar,-18.8792,47.5079,2026-05-26 19:00:00+00:00,2.0,10.35,15.71,1.93,23.05
Buenos Aires,Argentina,-34.6037,-58.3816,2026-05-26 19:00:00+00:00,2.0,13.97,26.5,0.69,43.92
London,England,51.5074,-0.1278,2026-05-26 19:00:00+00:00,3.0,16.27,19.59,11.17,116.73
Madrid,Spain,40.4168,-3.7038,2026-05-26 19:00:00+00:00,2.0,7.05,26.03,0.52,95.21
Paris,France,48.8566,2.3522,2026-05-26 19:00:00+00:00,2.0,11.57,30.57,2.89,75.35
Antananarivo,Madagascar,-18.8792,47.5079,2026-05-26 20:00:00+00:00,2.0,10.89,16.4,2.06,21.43
Buenos Aires,Argentina,-34.6037,-58.3816,2026-05-26 20:00:00+00:00,2.0,14.46,26.25,1.29,37.46
London,England,51.5074,-0.1278,2026-05-26 20:00:00+00:00,3.0,15.89,19.26,12.01,115.83
Madrid,Spain,40.4168,-3.7038,2026-05-26 20:00:00+00:00,2.0,6.17,21.42,0.72,93.55
Paris,France,48.8566,2.3522,2026-05-26 20:00:00+00:00,2.0,11.7,28.82,3.83,60.95
Antananarivo,Madagascar,-18.8792,47.5079,2026-05-26 21:00:00+00:00,2.0,10.81,15.98,2.07,20.69
Buenos Aires,Argentina,-34.6037,-58.3816,2026-05-26 21:00:00+00:00,2.0,14.62,25.88,2.29,34.23
London,England,51.5074,-0.1278,2026-05-26 21:00:00+00:00,3.0,15.59,19.19,12.04,113.13
Madrid,Spain,40.4168,-3.7038,2026-05-26 21:00:00+00:00,2.0,5.18,16.71,0.83,91.68
Paris,France,48.8566,2.3522,2026-05-26 21:00:00+00:00,2.0,11.86,27.28,4.64,50.84
Antananarivo,Madagascar,-18.8792,47.5079,2026-05-26 22:00:00+00:00,2.0,10.51,15.29,2.04,20.36
Buenos Aires,Argentina,-34.6037,-58.3816,2026-05-26 22:00:00+00:00,2.0,14.61,25.43,2.98,32.39
London,England,51.5074,-0.1278,2026-05-26 22:00:00+00:00,3.0,15.37,19.29,12.18,109.56
Madrid,Spain,40.4168,-3.7038,2026-05-26 22:00:00+00:00,2.0,4.21,12.4,0.84,87.61
Paris,France,48.8566,2.3522,2026-05-26 22:00:00+00:00,2.0,11.88,25.57,5.19,42.66
Antananarivo,Madagascar,-18.8792,47.5079,2026-05-26 23:00:00+00:00,2.0,10.51,15.21,2.08,19.82
Buenos Aires,Argentina,-34.6037,-58.3816,2026-05-26 23:00:00+00:00,2.0,14.74,25.23,3.52,28.87
London,England,51.5074,-0.1278,2026-05-26 23:00:00+00:00,3.0,15.27,19.58,12.26,105.85
Madrid,Spain,40.4168,-3.7038,2026-05-26 23:00:00+00:00,2.0,3.62,9.6,0.82,84.27
Paris,France,48.8566,2.3522,2026-05-26 23:00:00+00:00,2.0,12.1,24.44,5.33,36.75
Antananarivo,Madagascar,-18.8792,47.5079,2026-05-27 00:00:00+00:00,2.0,10.5,15.24,2.13,19.66
Buenos Aires,Argentina,-34.6037,-58.3816,2026-05-27 00:00:00+00:00,2.0,14.88,24.89,4.42,24.24
London,England,51.5074,-0.1278,2026-05-27 00:00:00+00:00,3.0,15.28,20.01,12.47,101.74
Madrid,Spain,40.4168,-3.7038,2026-05-27 00:00:00+00:00,2.0,3.31,8.02,0.78,81.02
Paris,France,48.8566,2.3522,2026-05-27 00:00:00+00:00,2.0,12.28,23.31,5.2,33.12
Antananarivo,Madagascar,-18.8792,47.5079,2026-05-27 01:00:00+00:00,2.0,10.39,15.1,2.14,19.66
Buenos Aires,Argentina,-34.6037,-58.3816,2026-05-27 01:00:00+00:00,2.0,14.82,24.21,5.79,19.41
London,England,51.5074,-0.1278,2026-05-27 01:00:00+00:00,2.0,15.4,20.53,12.89,96.3
Madrid,Spain,40.4168,-3.7038,2026-05-27 01:00:00+00:00,2.0,3.22,7.32,0.77,75.86
Paris,France,48.8566,2.3522,2026-05-27 01:00:00+00:00,2.0,12.19,21.97,4.76,30.68
Antananarivo,Madagascar,-18.8792,47.5079,2026-05-27 02:00:00+00:00,2.0,10.21,14.84,2.1,19.22
Buenos Aires,Argentina,-34.6037,-58.3816,2026-05-27 02:00:00+00:00,2.0,14.93,23.54,7.48,15.8
London,England,51.5074,-0.1278,2026-05-27 02:00:00+00:00,2.0,15.45,20.82,13.33,89.15
Madrid,Spain,40.4168,-3.7038,2026-05-27 02:00:00+00:00,2.0,3.22,6.86,0.82,70.44
Paris,France,48.8566,2.3522,2026-05-27 02:00:00+00:00,2.0,12.13,21.2,4.3,28.62
Antananarivo,Madagascar,-18.8792,47.5079,2026-05-27 03:00:00+00:00,2.0,10.05,14.61,2.05,18.57
Buenos Aires,Argentina,-34.6037,-58.3816,2026-05-27 03:00:00+00:00,2.0,15.09,22.03,9.29,12.75
London,England,51.5074,-0.1278,2026-05-27 03:00:00+00:00,2.0,15.42,20.83,13.72,80.33
Madrid,Spain,40.4168,-3.7038,2026-05-27 03:00:00+00:00,2.0,3.21,6.39,0.88,65.74
Paris,France,48.8566,2.3522,2026-05-27 03:00:00+00:00,2.0,12.01,20.81,3.93,26.67
Antananarivo,Madagascar,-18.8792,47.5079,2026-05-27 04:00:00+00:00,1.0,9.82,14.74,2.05,18.2
Buenos Aires,Argentina,-34.6037,-58.3816,2026-05-27 04:00:00+00:00,2.0,15.1,20.9,11.17,10.21
London,England,51.5074,-0.1278,2026-05-27 04:00:00+00:00,2.0,15.27,20.56,14.03,71.6
Madrid,Spain,40.4168,-3.7038,2026-05-27 04:00:00+00:00,2.0,3.17,5.96,0.95,61.19
Paris,France,48.8566,2.3522,2026-05-27 04:00:00+00:00,2.0,11.7,20.37,3.73,25.04
Antananarivo,Madagascar,-18.8792,47.5079,2026-05-27 05:00:00+00:00,1.0,9.55,15.11,1.67,19.26
Buenos Aires,Argentina,-34.6037,-58.3816,2026-05-27 05:00:00+00:00,2.0,15.28,20.78,12.67,8.51
London,England,51.5074,-0.1278,2026-05-27 05:00:00+00:00,2.0,15.47,20.59,14.25,66.26
Madrid,Spain,40.4168,-3.7038,2026-05-27 05:00:00+00:00,1.0,3.23,5.79,1.16,58.11
Paris,France,48.8566,2.3522,2026-05-27 05:00:00+00:00,2.0,11.48,20.27,4.16,24.48
Antananarivo,Madagascar,-18.8792,47.5079,2026-05-27 06:00:00+00:00,1.0,9.6,15.23,1.13,25.2
Buenos Aires,Argentina,-34.6037,-58.3816,2026-05-27 06:00:00+00:00,2.0,15.5,20.84,13.68,7.67
London,England,51.5074,-0.1278,2026-05-27 06:00:00+00:00,2.0,17.39,22.39,13.54,66.18
Madrid,Spain,40.4168,-3.7038,2026-05-27 06:00:00+00:00,1.0,3.32,5.76,1.55,55.59
Paris,France,48.8566,2.3522,2026-05-27 06:00:00+00:00,2.0,11.31,20.27,4.44,26.27
Antananarivo,Madagascar,-18.8792,47.5079,2026-05-27 07:00:00+00:00,1.0,4.71,7.34,0.25,43.14
Buenos Aires,Argentina,-34.6037,-58.3816,2026-05-27 07:00:00+00:00,2.0,15.75,21.45,14.28,8.04
London,England,51.5074,-0.1278,2026-05-27 07:00:00+00:00,2.0,21.5,26.37,11.34,72.47
Madrid,Spain,40.4168,-3.7038,2026-05-27 07:00:00+00:00,1.0,3.39,5.7,1.65,53.91
Paris,France,48.8566,2.3522,2026-05-27 07:00:00+00:00,2.0,11.03,19.94,4.0,31.3
Antananarivo,Madagascar,-18.8792,47.5079,2026-05-27 08:00:00+00:00,1.0,4.06,6.09,0.13,47.56
Buenos Aires,Argentina,-34.6037,-58.3816,2026-05-27 08:00:00+00:00,2.0,16.33,22.33,14.76,8.73
London,England,51.5074,-0.1278,2026-05-27 08:00:00+00:00,3.0,25.69,30.26,9.74,79.44
Madrid,Spain,40.4168,-3.7038,2026-05-27 08:00:00+00:00,1.0,3.45,5.64,1.51,54.51
Paris,France,48.8566,2.3522,2026-05-27 08:00:00+00:00,2.0,10.87,18.87,3.73,33.23
Antananarivo,Madagascar,-18.8792,47.5079,2026-05-27 09:00:00+00:00,1.0,3.87,5.72,0.11,48.34
Buenos Aires,Argentina,-34.6037,-58.3816,2026-05-27 09:00:00+00:00,2.0,17.08,23.5,15.27,9.56
London,England,51.5074,-0.1278,2026-05-27 09:00:00+00:00,3.0,30.5,34.86,8.58,86.9
Madrid,Spain,40.4168,-3.7038,2026-05-27 09:00:00+00:00,1.0,3.55,5.65,1.29,59.83
Paris,France,48.8566,2.3522,2026-05-27 09:00:00+00:00,2.0,11.1,18.12,3.44,41.4
Antananarivo,Madagascar,-18.8792,47.5079,2026-05-27 10:00:00+00:00,1.0,3.71,5.18,0.1,51.86
Buenos Aires,Argentina,-34.6037,-58.3816,2026-05-27 10:00:00+00:00,2.0,18.02,24.65,15.72,11.08
London,England,51.5074,-0.1278,2026-05-27 10:00:00+00:00,3.0,36.27,40.52,7.21,98.43
Madrid,Spain,40.4168,-3.7038,2026-05-27 10:00:00+00:00,2.0,3.11,5.77,0.49,93.6
Paris,France,48.8566,2.3522,2026-05-27 10:00:00+00:00,3.0,10.98,22.78,1.34,110.22
Antananarivo,Madagascar,-18.8792,47.5079,2026-05-27 11:00:00+00:00,1.0,3.45,4.64,0.1,54.39
Buenos Aires,Argentina,-34.6037,-58.3816,2026-05-27 11:00:00+00:00,2.0,18.97,25.57,15.86,12.22
London,England,51.5074,-0.1278,2026-05-27 11:00:00+00:00,3.0,41.99,46.34,5.72,115.83
Madrid,Spain,40.4168,-3.7038,2026-05-27 11:00:00+00:00,2.0,3.2,6.89,0.34,98.72
Paris,France,48.8566,2.3522,2026-05-27 11:00:00+00:00,3.0,11.14,23.08,0.74,118.12
Antananarivo,Madagascar,-18.8792,47.5079,2026-05-27 12:00:00+00:00,1.0,3.3,4.37,0.11,54.84
Buenos Aires,Argentina,-34.6037,-58.3816,2026-05-27 12:00:00+00:00,2.0,19.8,26.38,16.14,13.01
London,England,51.5074,-0.1278,2026-05-27 12:00:00+00:00,3.0,47.36,52.06,4.48,138.35
Madrid,Spain,40.4168,-3.7038,2026-05-27 12:00:00+00:00,2.0,3.48,7.99,0.32,99.64
Paris,France,48.8566,2.3522,2026-05-27 12:00:00+00:00,3.0,10.85,21.57,0.61,120.59
Antananarivo,Madagascar,-18.8792,47.5079,2026-05-27 13:00:00+00:00,1.0,3.57,4.86,0.24,51.96
Buenos Aires,Argentina,-34.6037,-58.3816,2026-05-27 13:00:00+00:00,2.0,19.77,26.13,15.62,14.76
London,England,51.5074,-0.1278,2026-05-27 13:00:00+00:00,4.0,51.26,56.43,3.82,162.18
Madrid,Spain,40.4168,-3.7038,2026-05-27 13:00:00+00:00,3.0,3.54,9.74,0.25,103.32
Paris,France,48.8566,2.3522,2026-05-27 13:00:00+00:00,3.0,10.07,20.0,0.54,123.08
Antananarivo,Madagascar,-18.8792,47.5079,2026-05-27 14:00:00+00:00,1.0,4.18,5.9,0.53,47.65
Buenos Aires,Argentina,-34.6037,-58.3816,2026-05-27 14:00:00+00:00,2.0,18.78,24.91,14.01,17.32
London,England,51.5074,-0.1278,2026-05-27 14:00:00+00:00,5.0,54.9,60.67,3.58,180.35
Madrid,Spain,40.4168,-3.7038,2026-05-27 14:00:00+00:00,3.0,3.59,10.56,0.24,105.51
Paris,France,48.8566,2.3522,2026-05-27 14:00:00+00:00,3.0,9.73,18.52,0.59,123.53
Antananarivo,Madagascar,-18.8792,47.5079,2026-05-27 15:00:00+00:00,1.0,4.75,6.94,0.89,43.87
Buenos Aires,Argentina,-34.6037,-58.3816,2026-05-27 15:00:00+00:00,2.0,17.22,22.82,12.86,21.54
London,England,51.5074,-0.1278,2026-05-27 15:00:00+00:00,5.0,57.26,63.74,3.63,191.39
Madrid,Spain,40.4168,-3.7038,2026-05-27 15:00:00+00:00,3.0,3.46,9.94,0.27,107.65
Paris,France,48.8566,2.3522,2026-05-27 15:00:00+00:00,3.0,9.57,17.21,0.72,124.71
Antananarivo,Madagascar,-18.8792,47.5079,2026-05-27 16:00:00+00:00,1.0,5.53,8.52,1.26,38.88
Buenos Aires,Argentina,-34.6037,-58.3816,2026-05-27 16:00:00+00:00,2.0,17.02,21.83,14.01,30.37
London,England,51.5074,-0.1278,2026-05-27 16:00:00+00:00,5.0,55.4,62.33,4.28,194.89
Madrid,Spain,40.4168,-3.7038,2026-05-27 16:00:00+00:00,3.0,3.33,9.13,0.32,110.71
Paris,France,48.8566,2.3522,2026-05-27 16:00:00+00:00,3.0,9.53,16.17,0.97,124.92
Antananarivo,Madagascar,-18.8792,47.5079,2026-05-27 17:00:00+00:00,1.0,6.7,10.61,1.69,33.77
Buenos Aires,Argentina,-34.6037,-58.3816,2026-05-27 17:00:00+00:00,2.0,16.43,20.77,14.73,33.05
London,England,51.5074,-0.1278,2026-05-27 17:00:00+00:00,5.0,48.2,55.43,5.21,189.0
Madrid,Spain,40.4168,-3.7038,2026-05-27 17:00:00+00:00,3.0,3.17,8.22,0.39,112.28
Paris,France,48.8566,2.3522,2026-05-27 17:00:00+00:00,3.0,9.54,15.28,1.26,123.28
Antananarivo,Madagascar,-18.8792,47.5079,2026-05-27 18:00:00+00:00,1.0,7.77,12.25,1.99,29.64
Buenos Aires,Argentina,-34.6037,-58.3816,2026-05-27 18:00:00+00:00,2.0,14.98,18.97,15.52,32.89
London,England,51.5074,-0.1278,2026-05-27 18:00:00+00:00,4.0,39.01,46.71,6.14,178.38
Madrid,Spain,40.4168,-3.7038,2026-05-27 18:00:00+00:00,3.0,2.97,7.24,0.46,112.99
Paris,France,48.8566,2.3522,2026-05-27 18:00:00+00:00,3.0,9.37,14.26,1.52,120.59
Antananarivo,Madagascar,-18.8792,47.5079,2026-05-27 19:00:00+00:00,1.0,8.41,13.1,2.17,25.53
Buenos Aires,Argentina,-34.6037,-58.3816,2026-05-27 19:00:00+00:00,2.0,13.68,17.36,15.01,34.59
London,England,51.5074,-0.1278,2026-05-27 19:00:00+00:00,4.0,29.58,36.91,6.52,163.95
Madrid,Spain,40.4168,-3.7038,2026-05-27 19:00:00+00:00,3.0,2.85,6.43,0.7,109.15
Paris,France,48.8566,2.3522,2026-05-27 19:00:00+00:00,3.0,9.19,13.07,2.17,107.63
Antananarivo,Madagascar,-18.8792,47.5079,2026-05-27 20:00:00+00:00,1.0,8.65,13.42,2.24,22.79
Buenos Aires,Argentina,-34.6037,-58.3816,2026-05-27 20:00:00+00:00,2.0,12.95,16.46,15.97,32.18
London,England,51.5074,-0.1278,2026-05-27 20:00:00+00:00,4.0,20.79,28.11,6.71,146.66
Madrid,Spain,40.4168,-3.7038,2026-05-27 20:00:00+00:00,3.0,2.81,5.97,1.0,102.28
Paris,France,48.8566,2.3522,2026-05-27 20:00:00+00:00,2.0,9.18,12.26,2.93,90.44
Antananarivo,Madagascar,-18.8792,47.5079,2026-05-27 21:00:00+00:00,1.0,8.35,12.8,2.16,21.09
Buenos Aires,Argentina,-34.6037,-58.3816,2026-05-27 21:00:00+00:00,2.0,12.36,15.81,17.72,28.43
London,England,51.5074,-0.1278,2026-05-27 21:00:00+00:00,3.0,14.87,22.73,6.81,130.47
Madrid,Spain,40.4168,-3.7038,2026-05-27 21:00:00+00:00,2.0,2.8,5.71,1.17,96.33
Paris,France,48.8566,2.3522,2026-05-27 21:00:00+00:00,2.0,9.19,11.74,3.49,77.89
Antananarivo,Madagascar,-18.8792,47.5079,2026-05-27 22:00:00+00:00,1.0,8.01,12.15,2.06,20.4
Buenos Aires,Argentina,-34.6037,-58.3816,2026-05-27 22:00:00+00:00,2.0,11.82,15.23,18.32,25.7
London,England,51.5074,-0.1278,2026-05-27 22:00:00+00:00,3.0,11.96,20.69,6.96,117.78
Madrid,Spain,40.4168,-3.7038,2026-05-27 22:00:00+00:00,2.0,2.72,5.34,1.3,86.77
Paris,France,48.8566,2.3522,2026-05-27 22:00:00+00:00,2.0,9.01,11.19,3.6,68.46
Antananarivo,Madagascar,-18.8792,47.5079,2026-05-27 23:00:00+00:00,1.0,7.87,11.92,2.03,20.21
Buenos Aires,Argentina,-34.6037,-58.3816,2026-05-27 23:00:00+00:00,2.0,11.37,14.8,18.69,23.34
London,England,51.5074,-0.1278,2026-05-27 23:00:00+00:00,3.0,11.23,20.24,7.53,108.88
Madrid,Spain,40.4168,-3.7038,2026-05-27 23:00:00+00:00,2.0,2.66,5.04,1.37,77.97
Paris,France,48.8566,2.3522,2026-05-27 23:00:00+00:00,2.0,9.05,11.09,3.31,62.6
Antananarivo,Madagascar,-18.8792,47.5079,2026-05-28 00:00:00+00:00,1.0,7.73,11.76,1.99,20.24
Buenos Aires,Argentina,-34.6037,-58.3816,2026-05-28 00:00:00+00:00,2.0,10.97,14.51,19.16,21.26
London,England,51.5074,-0.1278,2026-05-28 00:00:00+00:00,3.0,12.0,20.52,7.92,104.15
Madrid,Spain,40.4168,-3.7038,2026-05-28 00:00:00+00:00,2.0,2.62,4.83,1.37,70.9
Paris,France,48.8566,2.3522,2026-05-28 00:00:00+00:00,1.0,9.19,11.27,2.89,57.7
Antananarivo,Madagascar,-18.8792,47.5079,2026-05-28 01:00:00+00:00,1.0,7.53,11.51,1.95,20.62
Buenos Aires,Argentina,-34.6037,-58.3816,2026-05-28 01:00:00+00:00,2.0,10.21,13.71,18.08,20.63
London,England,51.5074,-0.1278,2026-05-28 01:00:00+00:00,2.0,13.35,21.31,8.44,99.12
Madrid,Spain,40.4168,-3.7038,2026-05-28 01:00:00+00:00,2.0,2.57,4.62,1.35,64.65
Paris,France,48.8566,2.3522,2026-05-28 01:00:00+00:00,1.0,9.24,11.49,2.54,51.3
Antananarivo,Madagascar,-18.8792,47.5079,2026-05-28 02:00:00+00:00,1.0,7.3,11.24,1.91,21.29
Buenos Aires,Argentina,-34.6037,-58.3816,2026-05-28 02:00:00+00:00,1.0,9.53,12.92,16.63,19.46
London,England,51.5074,-0.1278,2026-05-28 02:00:00+00:00,2.0,14.2,21.18,9.34,92.55
Madrid,Spain,40.4168,-3.7038,2026-05-28 02:00:00+00:00,2.0,2.55,4.5,1.35,60.38
Paris,France,48.8566,2.3522,2026-05-28 02:00:00+00:00,1.0,9.37,11.83,2.32,43.63
Antananarivo,Madagascar,-18.8792,47.5079,2026-05-28 03:00:00+00:00,1.0,7.14,11.13,1.89,22.18
Buenos Aires,Argentina,-34.6037,-58.3816,2026-05-28 03:00:00+00:00,1.0,9.06,12.33,15.17,18.39
London,England,51.5074,-0.1278,2026-05-28 03:00:00+00:00,2.0,14.37,20.19,10.23,84.75
Madrid,Spain,40.4168,-3.7038,2026-05-28 03:00:00+00:00,1.0,2.55,4.42,1.4,57.41
Paris,France,48.8566,2.3522,2026-05-28 03:00:00+00:00,1.0,9.5,12.22,2.22,36.68
Antananarivo,Madagascar,-18.8792,47.5079,2026-05-28 04:00:00+00:00,1.0,6.95,11.47,1.88,23.54
Buenos Aires,Argentina,-34.6037,-58.3816,2026-05-28 04:00:00+00:00,1.0,8.75,11.82,13.6,16.9
London,England,51.5074,-0.1278,2026-05-28 04:00:00+00:00,2.0,14.36,19.37,11.09,78.21
Madrid,Spain,40.4168,-3.7038,2026-05-28 04:00:00+00:00,1.0,2.53,4.35,1.5,54.05
Paris,France,48.8566,2.3522,2026-05-28 04:00:00+00:00,1.0,9.52,12.5,2.27,30.87
Antananarivo,Madagascar,-18.8792,47.5079,2026-05-28 05:00:00+00:00,1.0,7.02,12.18,1.54,24.19
Buenos Aires,Argentina,-34.6037,-58.3816,2026-05-28 05:00:00+00:00,1.0,8.35,11.23,11.98,15.37
London,England,51.5074,-0.1278,2026-05-28 05:00:00+00:00,2.0,14.39,19.01,12.09,72.74
Madrid,Spain,40.4168,-3.7038,2026-05-28 05:00:00+00:00,1.0,2.56,4.38,1.81,49.54
Paris,France,48.8566,2.3522,2026-05-28 05:00:00+00:00,1.0,9.62,12.94,2.94,26.88
Antananarivo,Madagascar,-18.8792,47.5079,2026-05-28 06:00:00+00:00,1.0,7.67,12.94,1.07,29.24
Buenos Aires,Argentina,-34.6037,-58.3816,2026-05-28 06:00:00+00:00,1.0,7.86,10.43,10.46,14.35
London,England,51.5074,-0.1278,2026-05-28 06:00:00+00:00,2.0,14.63,19.08,13.07,68.9
Madrid,Spain,40.4168,-3.7038,2026-05-28 06:00:00+00:00,1.0,2.6,4.46,2.34,43.84
Paris,France,48.8566,2.3522,2026-05-28 06:00:00+00:00,1.0,9.76,13.44,3.61,25.4
Antananarivo,Madagascar,-18.8792,47.5079,2026-05-28 07:00:00+00:00,1.0,3.58,5.63,0.26,46.07
Buenos Aires,Argentina,-34.6037,-58.3816,2026-05-28 07:00:00+00:00,1.0,7.44,9.79,9.17,13.79
London,England,51.5074,-0.1278,2026-05-28 07:00:00+00:00,2.0,14.96,19.28,12.95,66.05
Madrid,Spain,40.4168,-3.7038,2026-05-28 07:00:00+00:00,1.0,2.6,4.47,2.29,38.82
Paris,France,48.8566,2.3522,2026-05-28 07:00:00+00:00,1.0,9.84,13.86,3.27,30.69
Antananarivo,Madagascar,-18.8792,47.5079,2026-05-28 08:00:00+00:00,1.0,3.23,4.77,0.15,49.43
Buenos Aires,Argentina,-34.6037,-58.3816,2026-05-28 08:00:00+00:00,1.0,7.12,9.39,8.29,13.84
London,England,51.5074,-0.1278,2026-05-28 08:00:00+00:00,2.0,15.48,19.71,12.77,64.2
Madrid,Spain,40.4168,-3.7038,2026-05-28 08:00:00+00:00,1.0,2.59,4.51,1.97,37.29
Paris,France,48.8566,2.3522,2026-05-28 08:00:00+00:00,1.0,9.83,13.82,2.87,29.35
Antananarivo,Madagascar,-18.8792,47.5079,2026-05-28 09:00:00+00:00,1.0,3.11,4.47,0.12,50.41
Buenos Aires,Argentina,-34.6037,-58.3816,2026-05-28 09:00:00+00:00,1.0,6.88,9.14,7.69,14.39
London,England,51.5074,-0.1278,2026-05-28 09:00:00+00:00,2.0,16.29,20.5,12.51,64.24
Madrid,Spain,40.4168,-3.7038,2026-05-28 09:00:00+00:00,1.0,2.63,4.66,1.76,41.28
Paris,France,48.8566,2.3522,2026-05-28 09:00:00+00:00,2.0,10.05,13.97,2.48,31.16
Antananarivo,Madagascar,-18.8792,47.5079,2026-05-28 10:00:00+00:00,1.0,3.12,4.38,0.13,51.95
Buenos Aires,Argentina,-34.6037,-58.3816,2026-05-28 10:00:00+00:00,1.0,6.62,8.9,7.23,15.01
London,England,51.5074,-0.1278,2026-05-28 10:00:00+00:00,2.0,17.28,21.53,14.79,62.45
Madrid,Spain,40.4168,-3.7038,2026-05-28 10:00:00+00:00,3.0,2.69,5.35,0.44,102.63
Paris,France,48.8566,2.3522,2026-05-28 10:00:00+00:00,3.0,10.49,16.58,1.06,105.96
Antananarivo,Madagascar,-18.8792,47.5079,2026-05-28 11:00:00+00:00,1.0,3.34,4.65,0.15,52.14
Buenos Aires,Argentina,-34.6037,-58.3816,2026-05-28 11:00:00+00:00,1.0,6.25,8.53,6.95,14.87
London,England,51.5074,-0.1278,2026-05-28 11:00:00+00:00,2.0,18.53,22.81,15.77,62.05
Madrid,Spain,40.4168,-3.7038,2026-05-28 11:00:00+00:00,3.0,2.69,5.16,0.27,107.59
Paris,France,48.8566,2.3522,2026-05-28 11:00:00+00:00,3.0,10.58,18.33,0.71,112.13
Antananarivo,Madagascar,-18.8792,47.5079,2026-05-28 12:00:00+00:00,1.0,3.53,4.89,0.19,52.24
Buenos Aires,Argentina,-34.6037,-58.3816,2026-05-28 12:00:00+00:00,1.0,5.87,8.17,6.85,14.75
London,England,51.5074,-0.1278,2026-05-28 12:00:00+00:00,2.0,19.81,24.2,17.54,61.19
Madrid,Spain,40.4168,-3.7038,2026-05-28 12:00:00+00:00,3.0,2.65,4.96,0.24,107.62
Paris,France,48.8566,2.3522,2026-05-28 12:00:00+00:00,3.0,10.84,19.34,0.67,112.15
Antananarivo,Madagascar,-18.8792,47.5079,2026-05-28 13:00:00+00:00,1.0,3.98,5.58,0.34,50.05
Buenos Aires,Argentina,-34.6037,-58.3816,2026-05-28 13:00:00+00:00,1.0,5.51,7.91,6.48,15.5
London,England,51.5074,-0.1278,2026-05-28 13:00:00+00:00,2.0,21.01,25.29,20.42,58.15
Madrid,Spain,40.4168,-3.7038,2026-05-28 13:00:00+00:00,3.0,2.63,4.78,0.24,110.29
Paris,France,48.8566,2.3522,2026-05-28 13:00:00+00:00,3.0,10.41,19.09,0.65,118.05
Antananarivo,Madagascar,-18.8792,47.5079,2026-05-28 14:00:00+00:00,1.0,4.61,6.61,0.68,45.72
Buenos Aires,Argentina,-34.6037,-58.3816,2026-05-28 14:00:00+00:00,1.0,5.35,7.95,5.85,17.54
London,England,51.5074,-0.1278,2026-05-28 14:00:00+00:00,2.0,22.89,26.91,23.43,55.25
Madrid,Spain,40.4168,-3.7038,2026-05-28 14:00:00+00:00,3.0,2.52,4.45,0.25,111.19
Paris,France,48.8566,2.3522,2026-05-28 14:00:00+00:00,3.0,10.23,18.32,0.75,117.28
Antananarivo,Madagascar,-18.8792,47.5079,2026-05-28 15:00:00+00:00,1.0,5.22,7.65,1.05,41.5
Buenos Aires,Argentina,-34.6037,-58.3816,2026-05-28 15:00:00+00:00,1.0,5.32,8.09,5.53,22.57
London,England,51.5074,-0.1278,2026-05-28 15:00:00+00:00,2.0,24.41,28.14,26.44,53.31
Madrid,Spain,40.4168,-3.7038,2026-05-28 15:00:00+00:00,3.0,2.39,4.16,0.27,111.64
Paris,France,48.8566,2.3522,2026-05-28 15:00:00+00:00,3.0,10.31,17.84,0.95,116.6
Antananarivo,Madagascar,-18.8792,47.5079,2026-05-28 16:00:00+00:00,1.0,5.71,8.64,1.31,36.71
Buenos Aires,Argentina,-34.6037,-58.3816,2026-05-28 16:00:00+00:00,1.0,5.14,7.64,5.57,35.63
London,England,51.5074,-0.1278,2026-05-28 16:00:00+00:00,3.0,26.34,30.14,28.65,53.51
Madrid,Spain,40.4168,-3.7038,2026-05-28 16:00:00+00:00,3.0,2.33,4.0,0.32,112.37
Paris,France,48.8566,2.3522,2026-05-28 16:00:00+00:00,3.0,10.59,17.92,1.3,115.71
Antananarivo,Madagascar,-18.8792,47.5079,2026-05-28 17:00:00+00:00,1.0,6.21,9.63,1.48,32.92
Buenos Aires,Argentina,-34.6037,-58.3816,2026-05-28 17:00:00+00:00,1.0,4.93,7.18,5.51,37.92
London,England,51.5074,-0.1278,2026-05-28 17:00:00+00:00,3.0,27.97,32.4,28.57,59.47
Madrid,Spain,40.4168,-3.7038,2026-05-28 17:00:00+00:00,3.0,2.29,3.93,0.39,111.47
Paris,France,48.8566,2.3522,2026-05-28 17:00:00+00:00,3.0,10.84,18.1,1.73,113.87
Antananarivo,Madagascar,-18.8792,47.5079,2026-05-28 18:00:00+00:00,1.0,6.61,10.19,1.57,30.27
Buenos Aires,Argentina,-34.6037,-58.3816,2026-05-28 18:00:00+00:00,1.0,4.65,6.74,5.45,38.09
London,England,51.5074,-0.1278,2026-05-28 18:00:00+00:00,3.0,28.28,33.97,26.05,72.5
Madrid,Spain,40.4168,-3.7038,2026-05-28 18:00:00+00:00,3.0,2.28,3.91,0.47,110.12
Paris,France,48.8566,2.3522,2026-05-28 18:00:00+00:00,3.0,10.78,17.99,2.1,111.72
Antananarivo,Madagascar,-18.8792,47.5079,2026-05-28 19:00:00+00:00,1.0,7.1,10.98,1.67,27.27
Buenos Aires,Argentina,-34.6037,-58.3816,2026-05-28 19:00:00+00:00,1.0,4.31,6.27,5.25,38.04
London,England,51.5074,-0.1278,2026-05-28 19:00:00+00:00,3.0,25.23,32.32,22.4,86.32
Madrid,Spain,40.4168,-3.7038,2026-05-28 19:00:00+00:00,3.0,2.3,3.94,0.8,102.77
Paris,France,48.8566,2.3522,2026-05-28 19:00:00+00:00,3.0,11.08,18.18,2.72,102.03
Antananarivo,Madagascar,-18.8792,47.5079,2026-05-28 20:00:00+00:00,1.0,7.67,11.86,1.79,24.08
Buenos Aires,Argentina,-34.6037,-58.3816,2026-05-28 20:00:00+00:00,1.0,3.94,5.8,5.07,37.31
London,England,51.5074,-0.1278,2026-05-28 20:00:00+00:00,2.0,21.83,29.76,19.77,92.33
Madrid,Spain,40.4168,-3.7038,2026-05-28 20:00:00+00:00,2.0,2.39,4.07,1.27,93.15
Paris,France,48.8566,2.3522,2026-05-28 20:00:00+00:00,2.0,11.77,18.83,3.46,88.3
Antananarivo,Madagascar,-18.8792,47.5079,2026-05-28 21:00:00+00:00,1.0,7.76,11.75,1.8,21.41
Buenos Aires,Argentina,-34.6037,-58.3816,2026-05-28 21:00:00+00:00,1.0,3.43,5.17,4.55,37.11
London,England,51.5074,-0.1278,2026-05-28 21:00:00+00:00,2.0,19.68,27.76,17.13,94.05
Madrid,Spain,40.4168,-3.7038,2026-05-28 21:00:00+00:00,2.0,2.5,4.25,1.58,85.68
Paris,France,48.8566,2.3522,2026-05-28 21:00:00+00:00,2.0,12.12,19.13,3.93,77.18
Antananarivo,Madagascar,-18.8792,47.5079,2026-05-28 22:00:00+00:00,1.0,7.67,11.33,1.74,19.28
Buenos Aires,Argentina,-34.6037,-58.3816,2026-05-28 22:00:00+00:00,1.0,2.83,4.42,3.56,37.53
London,England,51.5074,-0.1278,2026-05-28 22:00:00+00:00,2.0,18.03,25.9,16.38,92.16
Madrid,Spain,40.4168,-3.7038,2026-05-28 22:00:00+00:00,2.0,2.57,4.37,1.73,79.1
Paris,France,48.8566,2.3522,2026-05-28 22:00:00+00:00,2.0,11.84,18.54,4.0,67.0
Antananarivo,Madagascar,-18.8792,47.5079,2026-05-28 23:00:00+00:00,1.0,7.62,11.06,1.69,17.55
Buenos Aires,Argentina,-34.6037,-58.3816,2026-05-28 23:00:00+00:00,1.0,2.36,3.85,2.74,38.75
London,England,51.5074,-0.1278,2026-05-28 23:00:00+00:00,2.0,17.11,24.58,18.83,82.82
Madrid,Spain,40.4168,-3.7038,2026-05-28 23:00:00+00:00,2.0,2.65,4.51,1.72,74.19
Paris,France,48.8566,2.3522,2026-05-28 23:00:00+00:00,2.0,11.28,17.57,3.67,58.61
Antananarivo,Madagascar,-18.8792,47.5079,2026-05-29 00:00:00+00:00,1.0,7.49,10.71,1.62,16.24
Buenos Aires,Argentina,-34.6037,-58.3816,2026-05-29 00:00:00+00:00,1.0,2.16,3.61,2.37,39.93
London,England,51.5074,-0.1278,2026-05-29 00:00:00+00:00,2.0,16.67,23.95,23.1,70.08
Madrid,Spain,40.4168,-3.7038,2026-05-29 00:00:00+00:00,2.0,2.72,4.62,1.62,69.25
Paris,France,48.8566,2.3522,2026-05-29 00:00:00+00:00,2.0,10.54,16.32,3.14,51.87
Antananarivo,Madagascar,-18.8792,47.5079,2026-05-29 01:00:00+00:00,1.0,7.34,10.42,1.55,15.21
Buenos Aires,Argentina,-34.6037,-58.3816,2026-05-29 01:00:00+00:00,1.0,2.21,3.67,2.25,40.55
London,England,51.5074,-0.1278,2026-05-29 01:00:00+00:00,2.0,16.9,24.55,28.03,58.61
Madrid,Spain,40.4168,-3.7038,2026-05-29 01:00:00+00:00,2.0,2.75,4.68,1.47,63.62
Paris,France,48.8566,2.3522,2026-05-29 01:00:00+00:00,1.0,9.76,14.89,2.65,43.72
Antananarivo,Madagascar,-18.8792,47.5079,2026-05-29 02:00:00+00:00,1.0,7.39,10.57,1.53,13.77
Buenos Aires,Argentina,-34.6037,-58.3816,2026-05-29 02:00:00+00:00,1.0,2.39,3.87,2.14,40.41
London,England,51.5074,-0.1278,2026-05-29 02:00:00+00:00,2.0,18.12,26.49,33.53,48.87
Madrid,Spain,40.4168,-3.7038,2026-05-29 02:00:00+00:00,1.0,2.83,4.84,1.36,59.82
Paris,France,48.8566,2.3522,2026-05-29 02:00:00+00:00,1.0,9.25,13.83,2.36,35.78
Antananarivo,Madagascar,-18.8792,47.5079,2026-05-29 03:00:00+00:00,1.0,7.55,10.96,1.57,12.58
Buenos Aires,Argentina,-34.6037,-58.3816,2026-05-29 03:00:00+00:00,1.0,2.61,4.14,1.96,39.88
London,England,51.5074,-0.1278,2026-05-29 03:00:00+00:00,2.0,20.21,29.89,39.33,40.57
Madrid,Spain,40.4168,-3.7038,2026-05-29 03:00:00+00:00,1.0,2.94,5.05,1.31,56.5
Paris,France,48.8566,2.3522,2026-05-29 03:00:00+00:00,1.0,8.84,13.02,2.21,29.9
Antananarivo,Madagascar,-18.8792,47.5079,2026-05-29 04:00:00+00:00,1.0,7.84,11.88,1.69,11.82
Buenos Aires,Argentina,-34.6037,-58.3816,2026-05-29 04:00:00+00:00,1.0,2.77,4.3,1.83,38.45
London,England,51.5074,-0.1278,2026-05-29 04:00:00+00:00,2.0,21.66,32.3,41.23,34.78
Madrid,Spain,40.4168,-3.7038,2026-05-29 04:00:00+00:00,1.0,3.05,5.3,1.31,53.13
Paris,France,48.8566,2.3522,2026-05-29 04:00:00+00:00,1.0,8.48,12.35,2.28,24.92
Antananarivo,Madagascar,-18.8792,47.5079,2026-05-29 05:00:00+00:00,1.0,8.17,12.9,1.34,12.78
Buenos Aires,Argentina,-34.6037,-58.3816,2026-05-29 05:00:00+00:00,1.0,2.86,4.42,1.69,36.58
London,England,51.5074,-0.1278,2026-05-29 05:00:00+00:00,2.0,21.51,32.71,38.87,32.65
Madrid,Spain,40.4168,-3.7038,2026-05-29 05:00:00+00:00,1.0,3.22,5.69,1.53,50.73
Paris,France,48.8566,2.3522,2026-05-29 05:00:00+00:00,1.0,8.35,12.09,3.11,20.0
Antananarivo,Madagascar,-18.8792,47.5079,2026-05-29 06:00:00+00:00,1.0,8.89,13.88,1.0,18.91
Buenos Aires,Argentina,-34.6037,-58.3816,2026-05-29 06:00:00+00:00,1.0,2.88,4.45,1.48,35.03
London,England,51.5074,-0.1278,2026-05-29 06:00:00+00:00,2.0,20.28,31.81,31.51,35.45
Madrid,Spain,40.4168,-3.7038,2026-05-29 06:00:00+00:00,1.0,3.42,6.14,1.91,48.91
Paris,France,48.8566,2.3522,2026-05-29 06:00:00+00:00,1.0,8.33,12.09,3.68,16.48
Antananarivo,Madagascar,-18.8792,47.5079,2026-05-29 07:00:00+00:00,1.0,3.11,5.03,0.24,36.56
Buenos Aires,Argentina,-34.6037,-58.3816,2026-05-29 07:00:00+00:00,1.0,2.85,4.43,1.27,33.87
London,England,51.5074,-0.1278,2026-05-29 07:00:00+00:00,2.0,18.21,29.58,24.33,39.51
Madrid,Spain,40.4168,-3.7038,2026-05-29 07:00:00+00:00,1.0,3.56,6.49,1.87,47.39
Paris,France,48.8566,2.3522,2026-05-29 07:00:00+00:00,1.0,8.14,12.01,3.01,18.94
Antananarivo,Madagascar,-18.8792,47.5079,2026-05-29 08:00:00+00:00,1.0,2.35,3.82,0.13,39.76
Buenos Aires,Argentina,-34.6037,-58.3816,2026-05-29 08:00:00+00:00,1.0,2.79,4.43,1.1,33.67
London,England,51.5074,-0.1278,2026-05-29 08:00:00+00:00,2.0,16.04,26.56,19.74,43.08
Madrid,Spain,40.4168,-3.7038,2026-05-29 08:00:00+00:00,1.0,3.71,6.88,1.59,47.87
Paris,France,48.8566,2.3522,2026-05-29 08:00:00+00:00,1.0,7.94,11.76,2.71,20.65
Antananarivo,Madagascar,-18.8792,47.5079,2026-05-29 09:00:00+00:00,1.0,2.23,3.62,0.1,40.38
Buenos Aires,Argentina,-34.6037,-58.3816,2026-05-29 09:00:00+00:00,1.0,2.72,4.42,1.0,34.33
London,England,51.5074,-0.1278,2026-05-29 09:00:00+00:00,2.0,14.19,23.76,17.35,45.39
Madrid,Spain,40.4168,-3.7038,2026-05-29 09:00:00+00:00,1.0,4.02,7.72,1.3,54.2
Paris,France,48.8566,2.3522,2026-05-29 09:00:00+00:00,1.0,7.9,11.66,2.63,26.68
Antananarivo,Madagascar,-18.8792,47.5079,2026-05-29 10:00:00+00:00,1.0,2.11,3.27,0.1,42.89
Buenos Aires,Argentina,-34.6037,-58.3816,2026-05-29 10:00:00+00:00,1.0,2.68,4.42,0.99,35.66
London,England,51.5074,-0.1278,2026-05-29 10:00:00+00:00,2.0,13.02,21.67,16.28,46.82
Madrid,Spain,40.4168,-3.7038,2026-05-29 10:00:00+00:00,2.0,4.82,10.33,0.49,94.46
Paris,France,48.8566,2.3522,2026-05-29 10:00:00+00:00,3.0,6.58,10.95,0.99,101.03
Antananarivo,Madagascar,-18.8792,47.5079,2026-05-29 11:00:00+00:00,1.0,2.26,3.42,0.12,44.13
Buenos Aires,Argentina,-34.6037,-58.3816,2026-05-29 11:00:00+00:00,1.0,2.65,4.44,1.05,36.67
London,England,51.5074,-0.1278,2026-05-29 11:00:00+00:00,2.0,12.14,19.82,16.16,47.7
Madrid,Spain,40.4168,-3.7038,2026-05-29 11:00:00+00:00,3.0,4.85,10.26,0.34,100.34
Paris,France,48.8566,2.3522,2026-05-29 11:00:00+00:00,3.0,6.3,11.12,0.6,108.96
Antananarivo,Madagascar,-18.8792,47.5079,2026-05-29 12:00:00+00:00,1.0,2.41,3.62,0.15,44.6
Buenos Aires,Argentina,-34.6037,-58.3816,2026-05-29 12:00:00+00:00,1.0,2.64,4.48,1.11,37.98
London,England,51.5074,-0.1278,2026-05-29 12:00:00+00:00,2.0,11.3,18.05,16.25,48.61
Madrid,Spain,40.4168,-3.7038,2026-05-29 12:00:00+00:00,3.0,4.87,10.14,0.31,101.31
Paris,France,48.8566,2.3522,2026-05-29 12:00:00+00:00,3.0,6.19,11.22,0.53,109.35
Antananarivo,Madagascar,-18.8792,47.5079,2026-05-29 13:00:00+00:00,1.0,2.74,4.18,0.28,43.07
Buenos Aires,Argentina,-34.6037,-58.3816,2026-05-29 13:00:00+00:00,1.0,2.62,4.5,1.07,40.62
London,England,51.5074,-0.1278,2026-05-29 13:00:00+00:00,2.0,10.18,15.69,19.21,46.51
Madrid,Spain,40.4168,-3.7038,2026-05-29 13:00:00+00:00,3.0,3.99,7.86,0.26,106.97
Paris,France,48.8566,2.3522,2026-05-29 13:00:00+00:00,3.0,5.7,11.16,0.45,111.68
Antananarivo,Madagascar,-18.8792,47.5079,2026-05-29 14:00:00+00:00,1.0,3.2,5.0,0.57,39.41
Buenos Aires,Argentina,-34.6037,-58.3816,2026-05-29 14:00:00+00:00,1.0,2.57,4.45,1.0,43.08
London,England,51.5074,-0.1278,2026-05-29 14:00:00+00:00,1.0,8.7,12.7,19.56,47.32
Madrid,Spain,40.4168,-3.7038,2026-05-29 14:00:00+00:00,3.0,3.27,6.1,0.25,108.42
Paris,France,48.8566,2.3522,2026-05-29 14:00:00+00:00,3.0,5.38,11.05,0.47,109.63
Antananarivo,Madagascar,-18.8792,47.5079,2026-05-29 15:00:00+00:00,1.0,3.63,5.78,0.92,36.04
Buenos Aires,Argentina,-34.6037,-58.3816,2026-05-29 15:00:00+00:00,1.0,2.51,4.34,0.93,45.72
London,England,51.5074,-0.1278,2026-05-29 15:00:00+00:00,1.0,7.12,9.88,19.16,50.0
Madrid,Spain,40.4168,-3.7038,2026-05-29 15:00:00+00:00,3.0,3.07,5.61,0.26,108.32
Paris,France,48.8566,2.3522,2026-05-29 15:00:00+00:00,3.0,5.24,10.94,0.55,107.65
Antananarivo,Madagascar,-18.8792,47.5079,2026-05-29 16:00:00+00:00,1.0,4.12,6.78,1.19,32.29
Buenos Aires,Argentina,-34.6037,-58.3816,2026-05-29 16:00:00+00:00,1.0,2.16,3.61,0.75,53.37
London,England,51.5074,-0.1278,2026-05-29 16:00:00+00:00,1.0,5.53,7.45,19.43,53.55
Madrid,Spain,40.4168,-3.7038,2026-05-29 16:00:00+00:00,3.0,3.04,5.5,0.29,108.72
Paris,France,48.8566,2.3522,2026-05-29 16:00:00+00:00,3.0,5.24,10.94,0.79,106.07
Antananarivo,Madagascar,-18.8792,47.5079,2026-05-29 17:00:00+00:00,1.0,4.85,8.26,1.45,28.6
Buenos Aires,Argentina,-34.6037,-58.3816,2026-05-29 17:00:00+00:00,1.0,1.88,3.06,0.66,55.84
London,England,51.5074,-0.1278,2026-05-29 17:00:00+00:00,1.0,4.46,6.0,20.15,55.04
Madrid,Spain,40.4168,-3.7038,2026-05-29 17:00:00+00:00,3.0,3.09,5.57,0.33,107.58
Paris,France,48.8566,2.3522,2026-05-29 17:00:00+00:00,3.0,5.31,10.91,1.11,103.46
Antananarivo,Madagascar,-18.8792,47.5079,2026-05-29 18:00:00+00:00,1.0,5.59,9.65,1.63,25.45
Buenos Aires,Argentina,-34.6037,-58.3816,2026-05-29 18:00:00+00:00,1.0,1.74,2.82,0.66,56.39
London,England,51.5074,-0.1278,2026-05-29 18:00:00+00:00,1.0,3.94,5.27,21.86,54.95
Madrid,Spain,40.4168,-3.7038,2026-05-29 18:00:00+00:00,3.0,3.17,5.74,0.38,106.12
Paris,France,48.8566,2.3522,2026-05-29 18:00:00+00:00,3.0,5.36,10.88,1.36,101.27
Antananarivo,Madagascar,-18.8792,47.5079,2026-05-29 19:00:00+00:00,1.0,6.16,10.7,1.75,22.57
Buenos Aires,Argentina,-34.6037,-58.3816,2026-05-29 19:00:00+00:00,1.0,1.74,2.83,0.89,52.37
London,England,51.5074,-0.1278,2026-05-29 19:00:00+00:00,1.0,3.75,4.94,23.94,54.69
Madrid,Spain,40.4168,-3.7038,2026-05-29 19:00:00+00:00,3.0,3.29,5.94,0.52,101.76
Paris,France,48.8566,2.3522,2026-05-29 19:00:00+00:00,2.0,5.46,10.55,2.26,86.92
Antananarivo,Madagascar,-18.8792,47.5079,2026-05-29 20:00:00+00:00,1.0,6.37,11.18,1.79,20.53
Buenos Aires,Argentina,-34.6037,-58.3816,2026-05-29 20:00:00+00:00,1.0,1.83,2.98,1.43,45.58
London,England,51.5074,-0.1278,2026-05-29 20:00:00+00:00,1.0,3.75,4.87,25.63,52.47
Madrid,Spain,40.4168,-3.7038,2026-05-29 20:00:00+00:00,2.0,3.48,6.18,0.69,95.1
Paris,France,48.8566,2.3522,2026-05-29 20:00:00+00:00,2.0,5.7,10.38,3.38,68.17
Antananarivo,Madagascar,-18.8792,47.5079,2026-05-29 21:00:00+00:00,1.0,6.03,10.67,1.69,19.39
Buenos Aires,Argentina,-34.6037,-58.3816,2026-05-29 21:00:00+00:00,1.0,1.92,3.14,2.01,40.56
London,England,51.5074,-0.1278,2026-05-29 21:00:00+00:00,1.0,3.77,4.91,26.36,48.67
Madrid,Spain,40.4168,-3.7038,2026-05-29 21:00:00+00:00,2.0,3.71,6.49,0.77,89.99
Paris,France,48.8566,2.3522,2026-05-29 21:00:00+00:00,1.0,5.92,10.34,4.17,54.75
Antananarivo,Madagascar,-18.8792,47.5079,2026-05-29 22:00:00+00:00,1.0,5.44,9.65,1.51,19.15
Buenos Aires,Argentina,-34.6037,-58.3816,2026-05-29 22:00:00+00:00,1.0,2.02,3.31,2.41,36.71
London,England,51.5074,-0.1278,2026-05-29 22:00:00+00:00,1.0,3.81,5.07,27.33,43.32
Madrid,Spain,40.4168,-3.7038,2026-05-29 22:00:00+00:00,2.0,3.87,6.65,0.82,83.45
Paris,France,48.8566,2.3522,2026-05-29 22:00:00+00:00,1.0,5.98,10.1,4.24,45.76
Antananarivo,Madagascar,-18.8792,47.5079,2026-05-29 23:00:00+00:00,1.0,5.03,8.97,1.38,18.63
Buenos Aires,Argentina,-34.6037,-58.3816,2026-05-29 23:00:00+00:00,1.0,2.11,3.48,2.55,33.97
London,England,51.5074,-0.1278,2026-05-29 23:00:00+00:00,1.0,3.88,5.34,28.61,37.25
Madrid,Spain,40.4168,-3.7038,2026-05-29 23:00:00+00:00,2.0,4.04,6.84,0.81,77.89
Paris,France,48.8566,2.3522,2026-05-29 23:00:00+00:00,1.0,6.01,9.9,3.54,42.1
Antananarivo,Madagascar,-18.8792,47.5079,2026-05-30 00:00:00+00:00,1.0,4.69,8.49,1.29,18.31
Buenos Aires,Argentina,-34.6037,-58.3816,2026-05-30 00:00:00+00:00,1.0,2.2,3.63,2.52,32.23
London,England,51.5074,-0.1278,2026-05-30 00:00:00+00:00,1.0,3.96,5.63,29.82,31.3
Madrid,Spain,40.4168,-3.7038,2026-05-30 00:00:00+00:00,2.0,4.19,7.04,0.77,73.41
Paris,France,48.8566,2.3522,2026-05-30 00:00:00+00:00,1.0,6.05,9.81,2.74,41.22
Antananarivo,Madagascar,-18.8792,47.5079,2026-05-30 01:00:00+00:00,1.0,4.44,8.1,1.24,18.47
Buenos Aires,Argentina,-34.6037,-58.3816,2026-05-30 01:00:00+00:00,1.0,2.25,3.73,2.4,31.0
London,England,51.5074,-0.1278,2026-05-30 01:00:00+00:00,1.0,4.04,5.96,30.47,26.74
Madrid,Spain,40.4168,-3.7038,2026-05-30 01:00:00+00:00,2.0,4.27,7.18,0.74,68.35
Paris,France,48.8566,2.3522,2026-05-30 01:00:00+00:00,1.0,6.07,9.79,2.16,40.29
Antananarivo,Madagascar,-18.8792,47.5079,2026-05-30 02:00:00+00:00,1.0,4.31,7.87,1.24,18.5
Buenos Aires,Argentina,-34.6037,-58.3816,2026-05-30 02:00:00+00:00,1.0,2.3,3.84,2.36,29.02
London,England,51.5074,-0.1278,2026-05-30 02:00:00+00:00,1.0,4.18,6.36,31.2,22.45
Madrid,Spain,40.4168,-3.7038,2026-05-30 02:00:00+00:00,2.0,4.36,7.35,0.76,63.57
Paris,France,48.8566,2.3522,2026-05-30 02:00:00+00:00,1.0,6.17,9.84,1.86,36.03
Antananarivo,Madagascar,-18.8792,47.5079,2026-05-30 03:00:00+00:00,1.0,4.26,7.8,1.28,18.48
Buenos Aires,Argentina,-34.6037,-58.3816,2026-05-30 03:00:00+00:00,1.0,2.34,3.95,2.26,27.38
London,England,51.5074,-0.1278,2026-05-30 03:00:00+00:00,1.0,4.33,6.69,31.53,18.52
Madrid,Spain,40.4168,-3.7038,2026-05-30 03:00:00+00:00,1.0,4.44,7.49,0.81,58.93
Paris,France,48.8566,2.3522,2026-05-30 03:00:00+00:00,1.0,6.27,9.93,1.72,31.48
Antananarivo,Madagascar,-18.8792,47.5079,2026-05-30 04:00:00+00:00,1.0,4.33,8.25,1.38,18.45
Buenos Aires,Argentina,-34.6037,-58.3816,2026-05-30 04:00:00+00:00,1.0,2.37,4.04,2.06,25.53
London,England,51.5074,-0.1278,2026-05-30 04:00:00+00:00,1.0,4.46,6.91,31.02,15.06
Madrid,Spain,40.4168,-3.7038,2026-05-30 04:00:00+00:00,1.0,4.47,7.58,0.9,54.34
Paris,France,48.8566,2.3522,2026-05-30 04:00:00+00:00,1.0,6.28,9.94,1.78,26.86
Antananarivo,Madagascar,-18.8792,47.5079,2026-05-30 05:00:00+00:00,1.0,4.48,8.83,1.14,19.62
Buenos Aires,Argentina,-34.6037,-58.3816,2026-05-30 05:00:00+00:00,1.0,2.42,4.16,1.93,22.57
London,England,51.5074,-0.1278,2026-05-30 05:00:00+00:00,1.0,4.63,7.19,29.67,12.81
Madrid,Spain,40.4168,-3.7038,2026-05-30 05:00:00+00:00,1.0,4.53,7.75,1.09,50.84
Paris,France,48.8566,2.3522,2026-05-30 05:00:00+00:00,1.0,6.37,10.18,2.46,23.06
Antananarivo,Madagascar,-18.8792,47.5079,2026-05-30 06:00:00+00:00,1.0,4.91,9.23,0.8,24.81
Buenos Aires,Argentina,-34.6037,-58.3816,2026-05-30 06:00:00+00:00,1.0,2.48,4.33,1.81,20.08
London,England,51.5074,-0.1278,2026-05-30 06:00:00+00:00,1.0,4.88,7.56,22.99,17.05
Madrid,Spain,40.4168,-3.7038,2026-05-30 06:00:00+00:00,1.0,4.63,8.01,1.37,48.32
Paris,France,48.8566,2.3522,2026-05-30 06:00:00+00:00,1.0,6.51,10.53,3.44,20.34
Antananarivo,Madagascar,-18.8792,47.5079,2026-05-30 07:00:00+00:00,1.0,2.22,3.68,0.2,39.85
Buenos Aires,Argentina,-34.6037,-58.3816,2026-05-30 07:00:00+00:00,1.0,2.52,4.46,1.69,18.49
London,England,51.5074,-0.1278,2026-05-30 07:00:00+00:00,1.0,5.18,7.99,17.31,21.19
Madrid,Spain,40.4168,-3.7038,2026-05-30 07:00:00+00:00,1.0,4.66,8.17,1.32,47.07
Paris,France,48.8566,2.3522,2026-05-30 07:00:00+00:00,1.0,6.58,10.79,3.06,19.81
Antananarivo,Madagascar,-18.8792,47.5079,2026-05-30 08:00:00+00:00,1.0,2.2,3.38,0.13,41.98
Buenos Aires,Argentina,-34.6037,-58.3816,2026-05-30 08:00:00+00:00,1.0,2.57,4.62,1.61,17.56
London,England,51.5074,-0.1278,2026-05-30 08:00:00+00:00,1.0,5.54,8.45,14.51,23.2
Madrid,Spain,40.4168,-3.7038,2026-05-30 08:00:00+00:00,1.0,4.69,8.29,1.13,47.93
Paris,France,48.8566,2.3522,2026-05-30 08:00:00+00:00,1.0,6.59,10.89,2.44,19.19
Antananarivo,Madagascar,-18.8792,47.5079,2026-05-30 09:00:00+00:00,1.0,2.14,3.18,0.1,42.27
Buenos Aires,Argentina,-34.6037,-58.3816,2026-05-30 09:00:00+00:00,1.0,2.62,4.72,1.59,16.61
London,England,51.5074,-0.1278,2026-05-30 09:00:00+00:00,1.0,6.01,9.03,13.36,24.82
Madrid,Spain,40.4168,-3.7038,2026-05-30 09:00:00+00:00,1.0,4.77,8.58,0.93,53.85
Paris,France,48.8566,2.3522,2026-05-30 09:00:00+00:00,1.0,6.7,11.22,2.14,21.84
Antananarivo,Madagascar,-18.8792,47.5079,2026-05-30 10:00:00+00:00,1.0,1.92,2.75,0.09,44.68
Buenos Aires,Argentina,-34.6037,-58.3816,2026-05-30 10:00:00+00:00,1.0,2.65,4.74,1.7,15.22
London,England,51.5074,-0.1278,2026-05-30 10:00:00+00:00,1.0,6.62,9.71,13.39,27.23
Madrid,Spain,40.4168,-3.7038,2026-05-30 10:00:00+00:00,2.0,4.48,8.61,0.31,99.31
Paris,France,48.8566,2.3522,2026-05-30 10:00:00+00:00,2.0,6.88,12.77,1.19,74.73
Antananarivo,Madagascar,-18.8792,47.5079,2026-05-30 11:00:00+00:00,1.0,2.1,2.99,0.11,45.04
Buenos Aires,Argentina,-34.6037,-58.3816,2026-05-30 11:00:00+00:00,1.0,2.69,4.76,1.96,13.58
London,England,51.5074,-0.1278,2026-05-30 11:00:00+00:00,1.0,7.34,10.45,14.02,29.33
Madrid,Spain,40.4168,-3.7038,2026-05-30 11:00:00+00:00,3.0,4.33,8.3,0.22,102.84
Paris,France,48.8566,2.3522,2026-05-30 11:00:00+00:00,2.0,6.96,12.91,0.81,84.98
Antananarivo,Madagascar,-18.8792,47.5079,2026-05-30 12:00:00+00:00,1.0,2.29,3.24,0.13,44.7
Buenos Aires,Argentina,-34.6037,-58.3816,2026-05-30 12:00:00+00:00,1.0,2.72,4.76,2.02,12.39
London,England,51.5074,-0.1278,2026-05-30 12:00:00+00:00,1.0,8.57,11.68,14.91,30.91
Madrid,Spain,40.4168,-3.7038,2026-05-30 12:00:00+00:00,3.0,4.38,8.42,0.2,102.21
Paris,France,48.8566,2.3522,2026-05-30 12:00:00+00:00,2.0,7.01,12.88,0.72,86.64
Antananarivo,Madagascar,-18.8792,47.5079,2026-05-30 13:00:00+00:00,1.0,2.63,3.78,0.25,42.03
Buenos Aires,Argentina,-34.6037,-58.3816,2026-05-30 13:00:00+00:00,1.0,2.69,4.8,1.42,12.82
London,England,51.5074,-0.1278,2026-05-30 13:00:00+00:00,1.0,9.89,13.16,16.57,31.94
Madrid,Spain,40.4168,-3.7038,2026-05-30 13:00:00+00:00,3.0,4.13,7.85,0.19,104.85
Paris,France,48.8566,2.3522,2026-05-30 13:00:00+00:00,2.0,6.26,12.1,0.5,97.08
Antananarivo,Madagascar,-18.8792,47.5079,2026-05-30 14:00:00+00:00,1.0,3.15,4.61,0.53,37.83
Buenos Aires,Argentina,-34.6037,-58.3816,2026-05-30 14:00:00+00:00,1.0,2.65,4.9,1.01,14.73
London,England,51.5074,-0.1278,2026-05-30 14:00:00+00:00,2.0,10.85,14.59,18.82,32.71
Madrid,Spain,40.4168,-3.7038,2026-05-30 14:00:00+00:00,3.0,3.8,7.16,0.2,105.13
Paris,France,48.8566,2.3522,2026-05-30 14:00:00+00:00,2.0,5.52,11.06,0.43,99.63
Antananarivo,Madagascar,-18.8792,47.5079,2026-05-30 15:00:00+00:00,1.0,3.66,5.47,0.87,34.44
Buenos Aires,Argentina,-34.6037,-58.3816,2026-05-30 15:00:00+00:00,1.0,2.66,5.08,0.92,19.92
London,England,51.5074,-0.1278,2026-05-30 15:00:00+00:00,2.0,12.02,16.59,20.66,35.88
Madrid,Spain,40.4168,-3.7038,2026-05-30 15:00:00+00:00,3.0,3.53,6.61,0.22,104.95
Paris,France,48.8566,2.3522,2026-05-30 15:00:00+00:00,2.0,5.13,10.31,0.48,99.29
Antananarivo,Madagascar,-18.8792,47.5079,2026-05-30 16:00:00+00:00,1.0,4.25,6.56,1.14,30.89
Buenos Aires,Argentina,-34.6037,-58.3816,2026-05-30 16:00:00+00:00,1.0,1.91,3.72,0.28,57.61
London,England,51.5074,-0.1278,2026-05-30 16:00:00+00:00,2.0,12.42,17.9,20.91,45.68
Madrid,Spain,40.4168,-3.7038,2026-05-30 16:00:00+00:00,3.0,3.35,6.21,0.26,105.21
Paris,France,48.8566,2.3522,2026-05-30 16:00:00+00:00,2.0,4.98,9.94,0.68,97.59
Antananarivo,Madagascar,-18.8792,47.5079,2026-05-30 17:00:00+00:00,1.0,5.01,8.01,1.41,27.38
Buenos Aires,Argentina,-34.6037,-58.3816,2026-05-30 17:00:00+00:00,2.0,1.84,3.35,0.19,60.13
London,England,51.5074,-0.1278,2026-05-30 17:00:00+00:00,2.0,10.94,16.89,19.69,60.4
Madrid,Spain,40.4168,-3.7038,2026-05-30 17:00:00+00:00,3.0,3.29,6.08,0.28,104.43
Paris,France,48.8566,2.3522,2026-05-30 17:00:00+00:00,2.0,5.02,9.85,0.99,92.76
Antananarivo,Madagascar,-18.8792,47.5079,2026-05-30 18:00:00+00:00,1.0,5.7,9.22,1.59,24.59
Buenos Aires,Argentina,-34.6037,-58.3816,2026-05-30 18:00:00+00:00,2.0,1.89,3.36,0.18,60.24
London,England,51.5074,-0.1278,2026-05-30 18:00:00+00:00,2.0,8.02,13.73,18.01,74.95
Madrid,Spain,40.4168,-3.7038,2026-05-30 18:00:00+00:00,3.0,3.36,6.24,0.31,103.76
Paris,France,48.8566,2.3522,2026-05-30 18:00:00+00:00,2.0,5.11,9.89,1.25,88.5
Antananarivo,Madagascar,-18.8792,47.5079,2026-05-30 19:00:00+00:00,1.0,6.26,10.13,1.72,22.24
Buenos Aires,Argentina,-34.6037,-58.3816,2026-05-30 19:00:00+00:00,1.0,2.02,3.53,0.42,55.61
London,England,51.5074,-0.1278,2026-05-30 19:00:00+00:00,2.0,5.28,9.9,16.73,84.67
Madrid,Spain,40.4168,-3.7038,2026-05-30 19:00:00+00:00,3.0,3.63,6.79,0.38,100.66
Paris,France,48.8566,2.3522,2026-05-30 19:00:00+00:00,2.0,5.22,9.77,2.01,74.06
Antananarivo,Madagascar,-18.8792,47.5079,2026-05-30 20:00:00+00:00,1.0,6.68,10.73,1.82,20.25
Buenos Aires,Argentina,-34.6037,-58.3816,2026-05-30 20:00:00+00:00,1.0,2.2,3.8,1.01,50.91
London,England,51.5074,-0.1278,2026-05-30 20:00:00+00:00,2.0,4.21,8.37,16.44,83.72
Madrid,Spain,40.4168,-3.7038,2026-05-30 20:00:00+00:00,2.0,4.02,7.62,0.46,96.27
Paris,France,48.8566,2.3522,2026-05-30 20:00:00+00:00,1.0,5.39,9.75,2.91,58.51
Antananarivo,Madagascar,-18.8792,47.5079,2026-05-30 21:00:00+00:00,1.0,6.72,10.58,1.82,18.56
Buenos Aires,Argentina,-34.6037,-58.3816,2026-05-30 21:00:00+00:00,1.0,2.36,4.07,1.75,49.06
London,England,51.5074,-0.1278,2026-05-30 21:00:00+00:00,2.0,4.13,8.33,15.08,82.29
Madrid,Spain,40.4168,-3.7038,2026-05-30 21:00:00+00:00,2.0,4.4,8.5,0.49,92.5
Paris,France,48.8566,2.3522,2026-05-30 21:00:00+00:00,1.0,5.51,9.74,3.55,50.03
Antananarivo,Madagascar,-18.8792,47.5079,2026-05-30 22:00:00+00:00,1.0,6.63,10.21,1.78,17.19
Buenos Aires,Argentina,-34.6037,-58.3816,2026-05-30 22:00:00+00:00,1.0,2.51,4.34,2.24,48.7
London,England,51.5074,-0.1278,2026-05-30 22:00:00+00:00,2.0,3.8,7.48,12.14,84.61
Madrid,Spain,40.4168,-3.7038,2026-05-30 22:00:00+00:00,2.0,4.6,9.04,0.51,87.13
Paris,France,48.8566,2.3522,2026-05-30 22:00:00+00:00,1.0,5.49,9.54,3.72,44.18
Antananarivo,Madagascar,-18.8792,47.5079,2026-05-30 23:00:00+00:00,1.0,6.58,9.97,1.77,16.6
Buenos Aires,Argentina,-34.6037,-58.3816,2026-05-30 23:00:00+00:00,1.0,2.75,4.75,2.51,48.68
London,England,51.5074,-0.1278,2026-05-30 23:00:00+00:00,2.0,3.47,6.65,11.65,81.23
Madrid,Spain,40.4168,-3.7038,2026-05-30 23:00:00+00:00,2.0,4.74,9.39,0.52,82.3
Paris,France,48.8566,2.3522,2026-05-30 23:00:00+00:00,1.0,5.52,9.4,3.3,37.64
Antananarivo,Madagascar,-18.8792,47.5079,2026-05-31 00:00:00+00:00,1.0,6.44,9.7,1.76,16.77
Buenos Aires,Argentina,-34.6037,-58.3816,2026-05-31 00:00:00+00:00,1.0,3.13,5.34,2.6,47.83
London,England,51.5074,-0.1278,2026-05-31 00:00:00+00:00,2.0,3.12,5.9,11.82,74.55
Madrid,Spain,40.4168,-3.7038,2026-05-31 00:00:00+00:00,2.0,4.79,9.53,0.52,77.85
Paris,France,48.8566,2.3522,2026-05-31 00:00:00+00:00,1.0,5.64,9.38,2.71,34.52
Antananarivo,Madagascar,-18.8792,47.5079,2026-05-31 01:00:00+00:00,1.0,6.25,9.4,1.74,17.41
Buenos Aires,Argentina,-34.6037,-58.3816,2026-05-31 01:00:00+00:00,1.0,3.37,5.77,2.56,44.76
London,England,51.5074,-0.1278,2026-05-31 01:00:00+00:00,2.0,2.75,5.2,11.71,68.86
Madrid,Spain,40.4168,-3.7038,2026-05-31 01:00:00+00:00,2.0,4.7,9.28,0.55,71.44
Paris,France,48.8566,2.3522,2026-05-31 01:00:00+00:00,1.0,6.16,10.34,1.96,41.17
Antananarivo,Madagascar,-18.8792,47.5079,2026-05-31 02:00:00+00:00,1.0,6.11,9.2,1.7,17.61
Buenos Aires,Argentina,-34.6037,-58.3816,2026-05-31 02:00:00+00:00,1.0,3.69,6.32,2.54,42.87
London,England,51.5074,-0.1278,2026-05-31 02:00:00+00:00,2.0,2.45,4.69,11.5,65.01
Madrid,Spain,40.4168,-3.7038,2026-05-31 02:00:00+00:00,2.0,4.6,8.98,0.61,64.59
Paris,France,48.8566,2.3522,2026-05-31 02:00:00+00:00,1.0,7.43,11.94,1.6,43.65
Antananarivo,Madagascar,-18.8792,47.5079,2026-05-31 03:00:00+00:00,1.0,6.02,9.16,1.68,17.65
Buenos Aires,Argentina,-34.6037,-58.3816,2026-05-31 03:00:00+00:00,1.0,4.0,6.87,2.52,41.56
London,England,51.5074,-0.1278,2026-05-31 03:00:00+00:00,2.0,2.32,4.48,11.29,62.14
Madrid,Spain,40.4168,-3.7038,2026-05-31 03:00:00+00:00,1.0,4.51,8.77,0.67,59.11
Paris,France,48.8566,2.3522,2026-05-31 03:00:00+00:00,1.0,8.98,13.67,1.47,43.67
Antananarivo,Madagascar,-18.8792,47.5079,2026-05-31 04:00:00+00:00,1.0,6.02,9.6,1.71,17.29
Buenos Aires,Argentina,-34.6037,-58.3816,2026-05-31 04:00:00+00:00,1.0,4.27,7.38,2.44,38.97
London,England,51.5074,-0.1278,2026-05-31 04:00:00+00:00,1.0,2.44,4.72,10.89,59.67
Madrid,Spain,40.4168,-3.7038,2026-05-31 04:00:00+00:00,1.0,4.38,8.58,0.75,54.43
Paris,France,48.8566,2.3522,2026-05-31 04:00:00+00:00,2.0,10.47,15.25,1.44,46.53
Antananarivo,Madagascar,-18.8792,47.5079,2026-05-31 05:00:00+00:00,1.0,6.08,10.16,1.31,18.08
Buenos Aires,Argentina,-34.6037,-58.3816,2026-05-31 05:00:00+00:00,1.0,4.54,7.87,2.37,35.95
London,England,51.5074,-0.1278,2026-05-31 05:00:00+00:00,1.0,2.85,5.65,10.72,58.16
Madrid,Spain,40.4168,-3.7038,2026-05-31 05:00:00+00:00,1.0,4.27,8.45,0.93,49.86
Paris,France,48.8566,2.3522,2026-05-31 05:00:00+00:00,2.0,11.35,16.03,1.74,48.15
Antananarivo,Madagascar,-18.8792,47.5079,2026-05-31 06:00:00+00:00,1.0,6.61,10.81,0.89,23.85
Buenos Aires,Argentina,-34.6037,-58.3816,2026-05-31 06:00:00+00:00,1.0,4.81,8.3,2.35,32.84
London,England,51.5074,-0.1278,2026-05-31 06:00:00+00:00,1.0,3.43,7.23,10.68,58.48
Madrid,Spain,40.4168,-3.7038,2026-05-31 06:00:00+00:00,1.0,4.18,8.3,1.27,44.91
Paris,France,48.8566,2.3522,2026-05-31 06:00:00+00:00,2.0,11.6,16.04,2.26,49.57
Antananarivo,Madagascar,-18.8792,47.5079,2026-05-31 07:00:00+00:00,1.0,3.06,4.44,0.17,42.2
Buenos Aires,Argentina,-34.6037,-58.3816,2026-05-31 07:00:00+00:00,1.0,5.01,8.43,2.35,29.54
London,England,51.5074,-0.1278,2026-05-31 07:00:00+00:00,1.0,3.98,8.95,10.98,59.48
Madrid,Spain,40.4168,-3.7038,2026-05-31 07:00:00+00:00,1.0,4.06,8.08,1.28,40.68
Paris,France,48.8566,2.3522,2026-05-31 07:00:00+00:00,2.0,10.9,14.96,2.41,53.69
Antananarivo,Madagascar,-18.8792,47.5079,2026-05-31 08:00:00+00:00,1.0,2.99,4.06,0.09,44.21
Buenos Aires,Argentina,-34.6037,-58.3816,2026-05-31 08:00:00+00:00,1.0,5.22,8.86,2.39,27.22
London,England,51.5074,-0.1278,2026-05-31 08:00:00+00:00,1.0,4.46,10.23,12.16,59.33
Madrid,Spain,40.4168,-3.7038,2026-05-31 08:00:00+00:00,1.0,3.93,7.84,1.03,39.9
Paris,France,48.8566,2.3522,2026-05-31 08:00:00+00:00,1.0,9.77,13.4,2.38,55.35
Antananarivo,Madagascar,-18.8792,47.5079,2026-05-31 09:00:00+00:00,1.0,3.06,4.09,0.08,44.14
Buenos Aires,Argentina,-34.6037,-58.3816,2026-05-31 09:00:00+00:00,1.0,5.52,9.65,2.46,25.69
London,England,51.5074,-0.1278,2026-05-31 09:00:00+00:00,1.0,4.76,10.57,12.74,59.17
Madrid,Spain,40.4168,-3.7038,2026-05-31 09:00:00+00:00,1.0,3.8,7.69,0.8,45.01
Paris,France,48.8566,2.3522,2026-05-31 09:00:00+00:00,1.0,8.37,11.58,2.13,56.78
Antananarivo,Madagascar,-18.8792,47.5079,2026-05-31 10:00:00+00:00,1.0,3.19,4.13,0.08,45.77
Buenos Aires,Argentina,-34.6037,-58.3816,2026-05-31 10:00:00+00:00,1.0,5.74,10.48,2.51,25.25
London,England,51.5074,-0.1278,2026-05-31 10:00:00+00:00,1.0,4.92,10.18,12.35,59.05
Madrid,Spain,40.4168,-3.7038,2026-05-31 10:00:00+00:00,2.0,3.79,9.16,0.19,89.65
Paris,France,48.8566,2.3522,2026-05-31 10:00:00+00:00,2.0,6.41,9.69,1.2,73.59
Antananarivo,Madagascar,-18.8792,47.5079,2026-05-31 11:00:00+00:00,1.0,3.32,4.22,0.08,46.41
Buenos Aires,Argentina,-34.6037,-58.3816,2026-05-31 11:00:00+00:00,1.0,5.91,11.1,2.64,23.46
London,England,51.5074,-0.1278,2026-05-31 11:00:00+00:00,1.0,4.87,9.25,11.26,59.72
Madrid,Spain,40.4168,-3.7038,2026-05-31 11:00:00+00:00,2.0,3.82,8.91,0.15,95.22
Paris,France,48.8566,2.3522,2026-05-31 11:00:00+00:00,2.0,5.28,8.62,0.73,84.52
Antananarivo,Madagascar,-18.8792,47.5079,2026-05-31 12:00:00+00:00,1.0,3.38,4.28,0.09,46.2
Buenos Aires,Argentina,-34.6037,-58.3816,2026-05-31 12:00:00+00:00,1.0,6.13,11.74,2.57,21.23
London,England,51.5074,-0.1278,2026-05-31 12:00:00+00:00,2.0,4.58,8.27,9.65,63.35
Madrid,Spain,40.4168,-3.7038,2026-05-31 12:00:00+00:00,2.0,3.65,8.38,0.15,95.94
Paris,France,48.8566,2.3522,2026-05-31 12:00:00+00:00,2.0,4.18,7.13,0.52,89.62
Antananarivo,Madagascar,-18.8792,47.5079,2026-05-31 13:00:00+00:00,1.0,3.66,4.78,0.24,42.43
Buenos Aires,Argentina,-34.6037,-58.3816,2026-05-31 13:00:00+00:00,1.0,6.35,12.33,1.86,20.1
London,England,51.5074,-0.1278,2026-05-31 13:00:00+00:00,2.0,4.06,7.55,7.4,71.42
Madrid,Spain,40.4168,-3.7038,2026-05-31 13:00:00+00:00,2.0,3.58,8.19,0.15,96.81
Paris,France,48.8566,2.3522,2026-05-31 13:00:00+00:00,2.0,3.15,5.59,0.47,92.52
Antananarivo,Madagascar,-18.8792,47.5079,2026-05-31 14:00:00+00:00,1.0,4.15,5.67,0.57,37.04
Buenos Aires,Argentina,-34.6037,-58.3816,2026-05-31 14:00:00+00:00,1.0,6.61,13.04,1.48,20.26
London,England,51.5074,-0.1278,2026-05-31 14:00:00+00:00,2.0,3.58,7.14,6.09,79.41
Madrid,Spain,40.4168,-3.7038,2026-05-31 14:00:00+00:00,2.0,3.45,7.89,0.16,96.06
Paris,France,48.8566,2.3522,2026-05-31 14:00:00+00:00,2.0,2.41,4.4,0.46,92.69
Antananarivo,Madagascar,-18.8792,47.5079,2026-05-31 15:00:00+00:00,1.0,4.64,6.58,0.94,32.85
Buenos Aires,Argentina,-34.6037,-58.3816,2026-05-31 15:00:00+00:00,1.0,7.15,14.26,1.41,23.09
London,England,51.5074,-0.1278,2026-05-31 15:00:00+00:00,2.0,3.32,7.04,5.42,84.24
Madrid,Spain,40.4168,-3.7038,2026-05-31 15:00:00+00:00,2.0,3.26,7.49,0.16,94.84
Paris,France,48.8566,2.3522,2026-05-31 15:00:00+00:00,2.0,1.96,3.62,0.49,90.96
Antananarivo,Madagascar,-18.8792,47.5079,2026-05-31 16:00:00+00:00,1.0,5.03,7.43,1.17,29.38
Buenos Aires,Argentina,-34.6037,-58.3816,2026-05-31 16:00:00+00:00,1.0,6.46,15.39,0.77,51.79
London,England,51.5074,-0.1278,2026-05-31 16:00:00+00:00,2.0,3.37,7.54,4.85,86.99
Madrid,Spain,40.4168,-3.7038,2026-05-31 16:00:00+00:00,2.0,3.04,7.01,0.18,93.97
Paris,France,48.8566,2.3522,2026-05-31 16:00:00+00:00,2.0,1.62,3.0,0.56,87.98
Antananarivo,Madagascar,-18.8792,47.5079,2026-05-31 17:00:00+00:00,1.0,5.36,8.17,1.29,26.78
Buenos Aires,Argentina,-34.6037,-58.3816,2026-05-31 17:00:00+00:00,1.0,6.55,15.45,0.62,54.85
London,England,51.5074,-0.1278,2026-05-31 17:00:00+00:00,2.0,3.83,9.2,4.92,87.98
Madrid,Spain,40.4168,-3.7038,2026-05-31 17:00:00+00:00,2.0,2.82,6.51,0.2,93.04
Paris,France,48.8566,2.3522,2026-05-31 17:00:00+00:00,2.0,1.41,2.61,0.6,84.2
Antananarivo,Madagascar,-18.8792,47.5079,2026-05-31 18:00:00+00:00,1.0,5.58,8.55,1.33,24.96
Buenos Aires,Argentina,-34.6037,-58.3816,2026-05-31 18:00:00+00:00,1.0,6.78,15.62,0.62,54.7
London,England,51.5074,-0.1278,2026-05-31 18:00:00+00:00,2.0,4.44,11.35,5.42,88.02
Madrid,Spain,40.4168,-3.7038,2026-05-31 18:00:00+00:00,2.0,2.6,6.0,0.23,92.29
Paris,France,48.8566,2.3522,2026-05-31 18:00:00+00:00,2.0,1.33,2.43,0.62,81.26
Antananarivo,Madagascar,-18.8792,47.5079,2026-05-31 19:00:00+00:00,1.0,5.58,8.56,1.31,23.36
Buenos Aires,Argentina,-34.6037,-58.3816,2026-05-31 19:00:00+00:00,1.0,7.11,15.68,0.86,49.54
London,England,51.5074,-0.1278,2026-05-31 19:00:00+00:00,2.0,4.96,12.96,6.53,86.51
Madrid,Spain,40.4168,-3.7038,2026-05-31 19:00:00+00:00,2.0,2.42,5.44,0.32,88.99
Paris,France,48.8566,2.3522,2026-05-31 19:00:00+00:00,2.0,1.34,2.39,0.72,77.87
Antananarivo,Madagascar,-18.8792,47.5079,2026-05-31 20:00:00+00:00,1.0,5.74,8.83,1.37,21.21
Buenos Aires,Argentina,-34.6037,-58.3816,2026-05-31 20:00:00+00:00,1.0,7.5,15.74,1.39,43.54
London,England,51.5074,-0.1278,2026-05-31 20:00:00+00:00,2.0,5.27,13.55,7.99,82.67
Madrid,Spain,40.4168,-3.7038,2026-05-31 20:00:00+00:00,2.0,2.29,4.97,0.43,83.94
Paris,France,48.8566,2.3522,2026-05-31 20:00:00+00:00,2.0,1.42,2.44,0.89,73.1
Antananarivo,Madagascar,-18.8792,47.5079,2026-05-31 21:00:00+00:00,1.0,5.55,8.49,1.34,19.59
Buenos Aires,Argentina,-34.6037,-58.3816,2026-05-31 21:00:00+00:00,1.0,7.8,15.84,2.11,40.69
London,England,51.5074,-0.1278,2026-05-31 21:00:00+00:00,2.0,5.3,13.11,8.71,77.55
Madrid,Spain,40.4168,-3.7038,2026-05-31 21:00:00+00:00,2.0,2.18,4.61,0.51,79.3
Paris,France,48.8566,2.3522,2026-05-31 21:00:00+00:00,2.0,1.49,2.47,1.03,69.15
Antananarivo,Madagascar,-18.8792,47.5079,2026-05-31 22:00:00+00:00,1.0,5.36,8.21,1.31,17.74
Buenos Aires,Argentina,-34.6037,-58.3816,2026-05-31 22:00:00+00:00,1.0,8.04,15.94,2.58,39.42
London,England,51.5074,-0.1278,2026-05-31 22:00:00+00:00,2.0,5.18,12.27,9.77,71.8
Madrid,Spain,40.4168,-3.7038,2026-05-31 22:00:00+00:00,2.0,2.06,4.28,0.55,74.01
Paris,France,48.8566,2.3522,2026-05-31 22:00:00+00:00,2.0,1.54,2.44,1.08,65.26
Antananarivo,Madagascar,-18.8792,47.5079,2026-05-31 23:00:00+00:00,1.0,5.27,8.18,1.3,15.97
Buenos Aires,Argentina,-34.6037,-58.3816,2026-05-31 23:00:00+00:00,1.0,8.37,16.26,2.83,38.39
London,England,51.5074,-0.1278,2026-05-31 23:00:00+00:00,2.0,5.15,11.67,11.59,65.79
Madrid,Spain,40.4168,-3.7038,2026-05-31 23:00:00+00:00,2.0,2.01,4.11,0.56,70.3
Paris,France,48.8566,2.3522,2026-05-31 23:00:00+00:00,2.0,1.58,2.43,1.05,62.39
Antananarivo,Madagascar,-18.8792,47.5079,2026-06-01 00:00:00+00:00,1.0,5.11,7.97,1.29,14.87
Buenos Aires,Argentina,-34.6037,-58.3816,2026-06-01 00:00:00+00:00,1.0,8.76,16.6,2.94,37.11
London,England,51.5074,-0.1278,2026-06-01 00:00:00+00:00,2.0,5.12,11.14,13.43,60.02
Madrid,Spain,40.4168,-3.7038,2026-06-01 00:00:00+00:00,2.0,1.99,4.04,0.56,67.1
Paris,France,48.8566,2.3522,2026-06-01 00:00:00+00:00,2.0,1.63,2.44,1.0,60.05
Antananarivo,Madagascar,-18.8792,47.5079,2026-06-01 01:00:00+00:00,1.0,4.99,7.45,1.28,14.44
Buenos Aires,Argentina,-34.6037,-58.3816,2026-06-01 01:00:00+00:00,1.0,8.96,16.62,2.95,35.16
London,England,51.5074,-0.1278,2026-06-01 01:00:00+00:00,1.0,5.19,10.91,15.09,55.03
Madrid,Spain,40.4168,-3.7038,2026-06-01 01:00:00+00:00,2.0,1.99,3.98,0.61,61.53
Paris,France,48.8566,2.3522,2026-06-01 01:00:00+00:00,1.0,1.7,2.53,1.11,51.07
Antananarivo,Madagascar,-18.8792,47.5079,2026-06-01 02:00:00+00:00,1.0,4.88,7.17,1.26,14.39
Buenos Aires,Argentina,-34.6037,-58.3816,2026-06-01 02:00:00+00:00,1.0,9.11,16.58,3.09,33.03
London,England,51.5074,-0.1278,2026-06-01 02:00:00+00:00,1.0,5.49,11.52,16.21,52.63
Madrid,Spain,40.4168,-3.7038,2026-06-01 02:00:00+00:00,1.0,2.03,3.99,0.72,54.99
Paris,France,48.8566,2.3522,2026-06-01 02:00:00+00:00,1.0,1.79,2.68,1.29,38.93
Antananarivo,Madagascar,-18.8792,47.5079,2026-06-01 03:00:00+00:00,1.0,4.9,7.2,1.28,14.68
Buenos Aires,Argentina,-34.6037,-58.3816,2026-06-01 03:00:00+00:00,1.0,9.3,16.55,3.92,29.39
London,England,51.5074,-0.1278,2026-06-01 03:00:00+00:00,1.0,5.96,13.01,16.3,53.35
Madrid,Spain,40.4168,-3.7038,2026-06-01 03:00:00+00:00,1.0,2.09,4.1,0.84,49.67
Paris,France,48.8566,2.3522,2026-06-01 03:00:00+00:00,1.0,1.88,2.84,1.47,30.11
Antananarivo,Madagascar,-18.8792,47.5079,2026-06-01 04:00:00+00:00,1.0,5.48,8.54,1.45,15.28
Buenos Aires,Argentina,-34.6037,-58.3816,2026-06-01 04:00:00+00:00,1.0,9.33,16.31,5.28,23.37
London,England,51.5074,-0.1278,2026-06-01 04:00:00+00:00,1.0,6.29,14.83,14.74,56.94
Madrid,Spain,40.4168,-3.7038,2026-06-01 04:00:00+00:00,1.0,2.15,4.23,1.0,44.97
Paris,France,48.8566,2.3522,2026-06-01 04:00:00+00:00,1.0,1.94,2.97,1.74,23.98
Antananarivo,Madagascar,-18.8792,47.5079,2026-06-01 05:00:00+00:00,1.0,6.25,10.16,1.32,16.72
Buenos Aires,Argentina,-34.6037,-58.3816,2026-06-01 05:00:00+00:00,1.0,9.24,15.87,6.22,18.45
London,England,51.5074,-0.1278,2026-06-01 05:00:00+00:00,2.0,6.26,16.11,12.66,62.25
Madrid,Spain,40.4168,-3.7038,2026-06-01 05:00:00+00:00,1.0,2.22,4.39,1.33,40.64
Paris,France,48.8566,2.3522,2026-06-01 05:00:00+00:00,1.0,2.04,3.17,2.56,20.81
Antananarivo,Madagascar,-18.8792,47.5079,2026-06-01 06:00:00+00:00,1.0,7.2,11.45,1.01,21.92
Buenos Aires,Argentina,-34.6037,-58.3816,2026-06-01 06:00:00+00:00,1.0,9.05,15.21,6.45,15.51
London,England,51.5074,-0.1278,2026-06-01 06:00:00+00:00,2.0,5.83,16.17,10.99,67.24
Madrid,Spain,40.4168,-3.7038,2026-06-01 06:00:00+00:00,1.0,2.29,4.55,1.85,36.58
Paris,France,48.8566,2.3522,2026-06-01 06:00:00+00:00,1.0,2.16,3.4,3.58,20.23
Antananarivo,Madagascar,-18.8792,47.5079,2026-06-01 07:00:00+00:00,1.0,2.22,3.52,0.2,38.97
Buenos Aires,Argentina,-34.6037,-58.3816,2026-06-01 07:00:00+00:00,1.0,8.4,14.36,5.8,19.74
London,England,51.5074,-0.1278,2026-06-01 07:00:00+00:00,2.0,5.13,15.11,8.86,71.51
Madrid,Spain,40.4168,-3.7038,2026-06-01 07:00:00+00:00,1.0,2.32,4.64,1.85,33.54
Paris,France,48.8566,2.3522,2026-06-01 07:00:00+00:00,1.0,2.24,3.66,3.2,27.03
Antananarivo,Madagascar,-18.8792,47.5079,2026-06-01 08:00:00+00:00,1.0,2.07,3.1,0.11,41.19
Buenos Aires,Argentina,-34.6037,-58.3816,2026-06-01 08:00:00+00:00,1.0,7.63,12.57,5.01,19.57
London,England,51.5074,-0.1278,2026-06-01 08:00:00+00:00,2.0,4.61,13.98,7.35,73.62
Madrid,Spain,40.4168,-3.7038,2026-06-01 08:00:00+00:00,1.0,2.35,4.77,1.56,33.68
Paris,France,48.8566,2.3522,2026-06-01 08:00:00+00:00,1.0,2.32,3.85,2.8,28.53
Antananarivo,Madagascar,-18.8792,47.5079,2026-06-01 09:00:00+00:00,1.0,2.17,3.16,0.09,41.37
Buenos Aires,Argentina,-34.6037,-58.3816,2026-06-01 09:00:00+00:00,1.0,6.72,10.81,4.2,19.78
London,England,51.5074,-0.1278,2026-06-01 09:00:00+00:00,2.0,4.42,13.37,6.17,75.33
Madrid,Spain,40.4168,-3.7038,2026-06-01 09:00:00+00:00,1.0,2.45,5.09,1.27,40.52
Paris,France,48.8566,2.3522,2026-06-01 09:00:00+00:00,1.0,2.44,4.04,2.34,30.78
Antananarivo,Madagascar,-18.8792,47.5079,2026-06-01 10:00:00+00:00,1.0,2.34,3.28,0.09,42.75
Buenos Aires,Argentina,-34.6037,-58.3816,2026-06-01 10:00:00+00:00,1.0,5.66,9.27,3.0,23.08
London,England,51.5074,-0.1278,2026-06-01 10:00:00+00:00,2.0,4.48,13.01,5.17,77.9
Madrid,Spain,40.4168,-3.7038,2026-06-01 10:00:00+00:00,2.0,2.84,5.88,0.28,87.03
Paris,France,48.8566,2.3522,2026-06-01 10:00:00+00:00,2.0,2.16,3.54,1.16,61.83
Antananarivo,Madagascar,-18.8792,47.5079,2026-06-01 11:00:00+00:00,1.0,2.52,3.45,0.11,43.46
Buenos Aires,Argentina,-34.6037,-58.3816,2026-06-01 11:00:00+00:00,1.0,4.67,7.88,2.29,24.96
London,England,51.5074,-0.1278,2026-06-01 11:00:00+00:00,2.0,4.62,12.52,4.71,80.63
Madrid,Spain,40.4168,-3.7038,2026-06-01 11:00:00+00:00,2.0,2.82,5.52,0.18,93.69
Paris,France,48.8566,2.3522,2026-06-01 11:00:00+00:00,2.0,1.81,2.9,0.66,69.37
Antananarivo,Madagascar,-18.8792,47.5079,2026-06-01 12:00:00+00:00,1.0,2.62,3.56,0.14,43.28
Buenos Aires,Argentina,-34.6037,-58.3816,2026-06-01 12:00:00+00:00,1.0,3.83,6.72,1.82,26.49
London,England,51.5074,-0.1278,2026-06-01 12:00:00+00:00,2.0,4.7,11.86,4.43,83.34
Madrid,Spain,40.4168,-3.7038,2026-06-01 12:00:00+00:00,2.0,2.86,5.49,0.17,94.19
Paris,France,48.8566,2.3522,2026-06-01 12:00:00+00:00,2.0,1.73,2.69,0.52,71.69
Antananarivo,Madagascar,-18.8792,47.5079,2026-06-01 13:00:00+00:00,1.0,3.24,4.58,0.36,39.54
Buenos Aires,Argentina,-34.6037,-58.3816,2026-06-01 13:00:00+00:00,1.0,2.98,5.81,1.24,29.01
London,England,51.5074,-0.1278,2026-06-01 13:00:00+00:00,2.0,4.78,11.29,4.8,85.08
Madrid,Spain,40.4168,-3.7038,2026-06-01 13:00:00+00:00,2.0,2.9,5.51,0.17,94.7
Paris,France,48.8566,2.3522,2026-06-01 13:00:00+00:00,2.0,1.78,2.67,0.44,74.95
Antananarivo,Madagascar,-18.8792,47.5079,2026-06-01 14:00:00+00:00,1.0,4.47,6.52,0.88,33.91
Buenos Aires,Argentina,-34.6037,-58.3816,2026-06-01 14:00:00+00:00,1.0,2.35,5.21,0.95,31.02
London,England,51.5074,-0.1278,2026-06-01 14:00:00+00:00,2.0,4.95,11.04,5.94,84.58
Madrid,Spain,40.4168,-3.7038,2026-06-01 14:00:00+00:00,2.0,2.86,5.43,0.17,93.56
Paris,France,48.8566,2.3522,2026-06-01 14:00:00+00:00,2.0,1.8,2.63,0.42,77.13
Antananarivo,Madagascar,-18.8792,47.5079,2026-06-01 15:00:00+00:00,1.0,5.87,8.71,1.51,29.42
Buenos Aires,Argentina,-34.6037,-58.3816,2026-06-01 15:00:00+00:00,1.0,1.94,4.84,0.82,32.6
London,England,51.5074,-0.1278,2026-06-01 15:00:00+00:00,2.0,4.98,10.56,7.12,83.3
Madrid,Spain,40.4168,-3.7038,2026-06-01 15:00:00+00:00,2.0,2.79,5.3,0.18,92.14
Paris,France,48.8566,2.3522,2026-06-01 15:00:00+00:00,2.0,1.8,2.58,0.45,78.77
Antananarivo,Madagascar,-18.8792,47.5079,2026-06-01 16:00:00+00:00,1.0,7.28,10.95,1.97,25.74
Buenos Aires,Argentina,-34.6037,-58.3816,2026-06-01 16:00:00+00:00,1.0,1.57,4.38,0.65,37.73
London,England,51.5074,-0.1278,2026-06-01 16:00:00+00:00,2.0,4.76,9.43,9.16,80.98
Madrid,Spain,40.4168,-3.7038,2026-06-01 16:00:00+00:00,2.0,2.7,5.14,0.19,91.09
Paris,France,48.8566,2.3522,2026-06-01 16:00:00+00:00,2.0,1.83,2.58,0.58,80.36
Antananarivo,Madagascar,-18.8792,47.5079,2026-06-01 17:00:00+00:00,1.0,8.62,12.88,2.3,23.12
Buenos Aires,Argentina,-34.6037,-58.3816,2026-06-01 17:00:00+00:00,1.0,1.33,3.98,0.59,40.69
London,England,51.5074,-0.1278,2026-06-01 17:00:00+00:00,2.0,4.31,7.85,10.73,78.11
Madrid,Spain,40.4168,-3.7038,2026-06-01 17:00:00+00:00,2.0,2.55,4.87,0.21,89.41
Paris,France,48.8566,2.3522,2026-06-01 17:00:00+00:00,2.0,1.86,2.62,0.78,79.87
Antananarivo,Madagascar,-18.8792,47.5079,2026-06-01 18:00:00+00:00,1.0,9.44,13.64,2.45,21.42
Buenos Aires,Argentina,-34.6037,-58.3816,2026-06-01 18:00:00+00:00,1.0,1.17,3.7,0.59,41.64
London,England,51.5074,-0.1278,2026-06-01 18:00:00+00:00,2.0,3.87,6.46,12.07,74.86
Madrid,Spain,40.4168,-3.7038,2026-06-01 18:00:00+00:00,2.0,2.35,4.48,0.24,87.54
Paris,France,48.8566,2.3522,2026-06-01 18:00:00+00:00,2.0,1.88,2.67,0.95,79.15
Antananarivo,Madagascar,-18.8792,47.5079,2026-06-01 19:00:00+00:00,1.0,9.79,13.37,2.45,20.49
Buenos Aires,Argentina,-34.6037,-58.3816,2026-06-01 19:00:00+00:00,1.0,1.07,3.49,0.61,42.4
London,England,51.5074,-0.1278,2026-06-01 19:00:00+00:00,2.0,3.45,5.05,13.37,71.66
Madrid,Spain,40.4168,-3.7038,2026-06-01 19:00:00+00:00,2.0,2.14,4.07,0.32,84.56
Paris,France,48.8566,2.3522,2026-06-01 19:00:00+00:00,2.0,1.96,2.81,1.45,73.38
Antananarivo,Madagascar,-18.8792,47.5079,2026-06-01 20:00:00+00:00,2.0,10.27,13.74,2.52,19.11
Buenos Aires,Argentina,-34.6037,-58.3816,2026-06-01 20:00:00+00:00,1.0,0.98,3.31,0.68,42.3
London,England,51.5074,-0.1278,2026-06-01 20:00:00+00:00,2.0,3.13,4.04,14.33,68.2
Madrid,Spain,40.4168,-3.7038,2026-06-01 20:00:00+00:00,2.0,2.01,3.81,0.42,81.22
Paris,France,48.8566,2.3522,2026-06-01 20:00:00+00:00,2.0,2.09,3.03,2.06,64.79
Antananarivo,Madagascar,-18.8792,47.5079,2026-06-01 21:00:00+00:00,1.0,9.86,13.24,2.42,18.53
Buenos Aires,Argentina,-34.6037,-58.3816,2026-06-01 21:00:00+00:00,1.0,0.92,3.16,0.78,42.19
London,England,51.5074,-0.1278,2026-06-01 21:00:00+00:00,2.0,2.93,3.55,15.24,64.82
Madrid,Spain,40.4168,-3.7038,2026-06-01 21:00:00+00:00,2.0,1.99,3.76,0.48,78.72
Paris,France,48.8566,2.3522,2026-06-01 21:00:00+00:00,1.0,2.19,3.19,2.48,58.47
Antananarivo,Madagascar,-18.8792,47.5079,2026-06-01 22:00:00+00:00,1.0,8.77,11.89,2.22,19.99
Buenos Aires,Argentina,-34.6037,-58.3816,2026-06-01 22:00:00+00:00,1.0,0.86,3.03,0.81,42.11
London,England,51.5074,-0.1278,2026-06-01 22:00:00+00:00,2.0,2.78,3.26,15.8,62.22
Madrid,Spain,40.4168,-3.7038,2026-06-01 22:00:00+00:00,2.0,2.06,3.85,0.53,75.4
Paris,France,48.8566,2.3522,2026-06-01 22:00:00+00:00,1.0,2.2,3.21,2.56,54.62
Antananarivo,Madagascar,-18.8792,47.5079,2026-06-01 23:00:00+00:00,1.0,8.15,11.14,2.16,20.78
Buenos Aires,Argentina,-34.6037,-58.3816,2026-06-01 23:00:00+00:00,1.0,0.83,2.95,0.81,42.13
London,England,51.5074,-0.1278,2026-06-01 23:00:00+00:00,2.0,2.55,3.01,15.17,60.15
Madrid,Spain,40.4168,-3.7038,2026-06-01 23:00:00+00:00,2.0,2.22,4.11,0.56,73.31
Paris,France,48.8566,2.3522,2026-06-01 23:00:00+00:00,1.0,2.18,3.23,2.26,54.31
Antananarivo,Madagascar,-18.8792,47.5079,2026-06-02 00:00:00+00:00,1.0,7.64,10.52,2.09,21.36
Buenos Aires,Argentina,-34.6037,-58.3816,2026-06-02 00:00:00+00:00,1.0,0.83,2.94,0.8,42.13
London,England,51.5074,-0.1278,2026-06-02 00:00:00+00:00,1.0,2.11,2.58,12.73,59.69
Madrid,Spain,40.4168,-3.7038,2026-06-02 00:00:00+00:00,2.0,2.39,4.41,0.58,71.54
Paris,France,48.8566,2.3522,2026-06-02 00:00:00+00:00,1.0,2.2,3.42,1.83,57.25
Antananarivo,Madagascar,-18.8792,47.5079,2026-06-02 01:00:00+00:00,1.0,7.06,9.85,2.01,22.23
Buenos Aires,Argentina,-34.6037,-58.3816,2026-06-02 01:00:00+00:00,1.0,0.86,2.98,0.82,41.54
London,England,51.5074,-0.1278,2026-06-02 01:00:00+00:00,2.0,1.54,1.99,8.99,60.86
Madrid,Spain,40.4168,-3.7038,2026-06-02 01:00:00+00:00,2.0,2.51,4.63,0.6,69.12
Paris,France,48.8566,2.3522,2026-06-02 01:00:00+00:00,2.0,2.22,3.83,1.28,66.34
Antananarivo,Madagascar,-18.8792,47.5079,2026-06-02 02:00:00+00:00,1.0,6.54,9.24,1.94,22.93
Buenos Aires,Argentina,-34.6037,-58.3816,2026-06-02 02:00:00+00:00,1.0,0.92,3.09,0.9,40.34
London,England,51.5074,-0.1278,2026-06-02 02:00:00+00:00,2.0,1.29,1.72,7.24,60.6
Madrid,Spain,40.4168,-3.7038,2026-06-02 02:00:00+00:00,2.0,2.58,4.79,0.63,67.53
Paris,France,48.8566,2.3522,2026-06-02 02:00:00+00:00,2.0,2.07,3.72,1.08,66.34
Antananarivo,Madagascar,-18.8792,47.5079,2026-06-02 03:00:00+00:00,1.0,6.22,8.94,1.91,23.36
Buenos Aires,Argentina,-34.6037,-58.3816,2026-06-02 03:00:00+00:00,1.0,0.99,3.25,0.98,39.01
London,England,51.5074,-0.1278,2026-06-02 03:00:00+00:00,1.0,1.24,1.66,6.96,58.16
Madrid,Spain,40.4168,-3.7038,2026-06-02 03:00:00+00:00,2.0,2.59,4.86,0.66,66.12
Paris,France,48.8566,2.3522,2026-06-02 03:00:00+00:00,2.0,1.78,3.3,0.98,63.81
Antananarivo,Madagascar,-18.8792,47.5079,2026-06-02 04:00:00+00:00,1.0,6.39,9.57,1.97,22.63
Buenos Aires,Argentina,-34.6037,-58.3816,2026-06-02 04:00:00+00:00,1.0,1.07,3.4,1.09,37.39
London,England,51.5074,-0.1278,2026-06-02 04:00:00+00:00,1.0,1.29,1.71,7.48,53.85
Madrid,Spain,40.4168,-3.7038,2026-06-02 04:00:00+00:00,2.0,2.53,4.8,0.71,64.09
Paris,France,48.8566,2.3522,2026-06-02 04:00:00+00:00,2.0,1.5,2.89,0.94,60.07
Antananarivo,Madagascar,-18.8792,47.5079,2026-06-02 05:00:00+00:00,1.0,6.86,10.66,1.68,22.36
Buenos Aires,Argentina,-34.6037,-58.3816,2026-06-02 05:00:00+00:00,1.0,1.16,3.56,1.22,35.72
London,England,51.5074,-0.1278,2026-06-02 05:00:00+00:00,1.0,1.47,2.01,8.4,48.84
Madrid,Spain,40.4168,-3.7038,2026-06-02 05:00:00+00:00,2.0,2.47,4.75,0.86,62.41
Paris,France,48.8566,2.3522,2026-06-02 05:00:00+00:00,1.0,1.37,2.73,1.13,56.91
Antananarivo,Madagascar,-18.8792,47.5079,2026-06-02 06:00:00+00:00,1.0,8.01,12.1,1.22,26.76
Buenos Aires,Argentina,-34.6037,-58.3816,2026-06-02 06:00:00+00:00,1.0,1.25,3.69,1.33,34.07
London,England,51.5074,-0.1278,2026-06-02 06:00:00+00:00,1.0,1.77,2.51,9.01,47.15
Madrid,Spain,40.4168,-3.7038,2026-06-02 06:00:00+00:00,2.0,2.41,4.73,1.17,60.48
Paris,France,48.8566,2.3522,2026-06-02 06:00:00+00:00,1.0,1.43,2.85,1.42,55.16
Antananarivo,Madagascar,-18.8792,47.5079,2026-06-02 07:00:00+00:00,1.0,2.77,4.5,0.34,38.25
Buenos Aires,Argentina,-34.6037,-58.3816,2026-06-02 07:00:00+00:00,1.0,1.33,3.79,1.41,32.57
London,England,51.5074,-0.1278,2026-06-02 07:00:00+00:00,1.0,2.09,3.37,8.43,50.91
Madrid,Spain,40.4168,-3.7038,2026-06-02 07:00:00+00:00,1.0,2.32,4.65,1.2,58.08
Paris,France,48.8566,2.3522,2026-06-02 07:00:00+00:00,1.0,1.58,2.68,1.39,58.2
Antananarivo,Madagascar,-18.8792,47.5079,2026-06-02 08:00:00+00:00,1.0,2.33,3.69,0.19,40.44
Buenos Aires,Argentina,-34.6037,-58.3816,2026-06-02 08:00:00+00:00,1.0,1.41,3.87,1.59,30.98
London,England,51.5074,-0.1278,2026-06-02 08:00:00+00:00,1.0,2.18,4.08,7.21,56.52
Madrid,Spain,40.4168,-3.7038,2026-06-02 08:00:00+00:00,1.0,2.22,4.55,1.0,57.44
Paris,France,48.8566,2.3522,2026-06-02 08:00:00+00:00,1.0,1.63,2.15,1.28,59.74
Antananarivo,Madagascar,-18.8792,47.5079,2026-06-02 09:00:00+00:00,1.0,2.22,3.42,0.13,41.38
Buenos Aires,Argentina,-34.6037,-58.3816,2026-06-02 09:00:00+00:00,1.0,1.51,3.94,1.96,29.54
London,England,51.5074,-0.1278,2026-06-02 09:00:00+00:00,2.0,2.03,4.13,5.91,62.47
Madrid,Spain,40.4168,-3.7038,2026-06-02 09:00:00+00:00,1.0,2.12,4.42,0.76,59.24
Paris,France,48.8566,2.3522,2026-06-02 09:00:00+00:00,2.0,1.61,1.83,1.14,60.9
Antananarivo,Madagascar,-18.8792,47.5079,2026-06-02 10:00:00+00:00,1.0,1.88,2.79,0.1,43.58
Buenos Aires,Argentina,-34.6037,-58.3816,2026-06-02 10:00:00+00:00,1.0,1.6,3.96,2.5,28.24
London,England,51.5074,-0.1278,2026-06-02 10:00:00+00:00,2.0,1.96,4.12,3.79,70.23
Madrid,Spain,40.4168,-3.7038,2026-06-02 10:00:00+00:00,2.0,1.4,2.83,0.28,66.6
Paris,France,48.8566,2.3522,2026-06-02 10:00:00+00:00,2.0,1.44,1.54,0.96,61.46
Antananarivo,Madagascar,-18.8792,47.5079,2026-06-02 11:00:00+00:00,1.0,1.92,2.78,0.11,44.24
Buenos Aires,Argentina,-34.6037,-58.3816,2026-06-02 11:00:00+00:00,1.0,1.72,4.15,3.34,27.06
London,England,51.5074,-0.1278,2026-06-02 11:00:00+00:00,2.0,2.18,4.91,2.67,77.67
Madrid,Spain,40.4168,-3.7038,2026-06-02 11:00:00+00:00,2.0,0.94,1.95,0.19,63.66
Paris,France,48.8566,2.3522,2026-06-02 11:00:00+00:00,2.0,1.17,1.25,0.83,60.2
Antananarivo,Madagascar,-18.8792,47.5079,2026-06-02 12:00:00+00:00,1.0,1.99,2.85,0.13,44.4
Buenos Aires,Argentina,-34.6037,-58.3816,2026-06-02 12:00:00+00:00,1.0,1.88,4.46,4.48,26.12
London,England,51.5074,-0.1278,2026-06-02 12:00:00+00:00,2.0,2.34,5.75,2.09,84.48
Madrid,Spain,40.4168,-3.7038,2026-06-02 12:00:00+00:00,2.0,0.75,1.57,0.16,62.17
Paris,France,48.8566,2.3522,2026-06-02 12:00:00+00:00,2.0,0.88,0.96,0.68,62.37
Antananarivo,Madagascar,-18.8792,47.5079,2026-06-02 13:00:00+00:00,1.0,2.41,3.56,0.27,42.4
Buenos Aires,Argentina,-34.6037,-58.3816,2026-06-02 13:00:00+00:00,1.0,2.09,4.86,5.41,26.09
London,England,51.5074,-0.1278,2026-06-02 13:00:00+00:00,2.0,2.16,5.66,1.77,89.02
Madrid,Spain,40.4168,-3.7038,2026-06-02 13:00:00+00:00,2.0,0.58,1.13,0.15,68.42
Paris,France,48.8566,2.3522,2026-06-02 13:00:00+00:00,2.0,0.76,0.89,0.53,70.52
Antananarivo,Madagascar,-18.8792,47.5079,2026-06-02 14:00:00+00:00,1.0,3.22,4.92,0.62,39.11
Buenos Aires,Argentina,-34.6037,-58.3816,2026-06-02 14:00:00+00:00,1.0,2.33,5.3,5.68,27.05
London,England,51.5074,-0.1278,2026-06-02 14:00:00+00:00,2.0,1.68,4.56,1.61,88.22
Madrid,Spain,40.4168,-3.7038,2026-06-02 14:00:00+00:00,2.0,0.52,0.89,0.14,77.23
Paris,France,48.8566,2.3522,2026-06-02 14:00:00+00:00,2.0,0.8,1.02,0.46,76.0
Antananarivo,Madagascar,-18.8792,47.5079,2026-06-02 15:00:00+00:00,1.0,4.08,6.38,1.07,36.48
Buenos Aires,Argentina,-34.6037,-58.3816,2026-06-02 15:00:00+00:00,1.0,2.69,5.96,5.87,29.68
London,England,51.5074,-0.1278,2026-06-02 15:00:00+00:00,2.0,1.3,3.65,1.55,85.47
Madrid,Spain,40.4168,-3.7038,2026-06-02 15:00:00+00:00,2.0,0.5,0.79,0.16,82.96
Paris,France,48.8566,2.3522,2026-06-02 15:00:00+00:00,2.0,0.81,1.07,0.48,77.68
Antananarivo,Madagascar,-18.8792,47.5079,2026-06-02 16:00:00+00:00,1.0,5.25,8.33,1.47,33.76
Buenos Aires,Argentina,-34.6037,-58.3816,2026-06-02 16:00:00+00:00,1.0,3.44,6.83,5.81,40.99
London,England,51.5074,-0.1278,2026-06-02 16:00:00+00:00,2.0,1.01,2.87,1.51,83.01
Madrid,Spain,40.4168,-3.7038,2026-06-02 16:00:00+00:00,2.0,0.5,0.72,0.18,86.38
Paris,France,48.8566,2.3522,2026-06-02 16:00:00+00:00,2.0,0.75,1.03,0.56,77.63
Antananarivo,Madagascar,-18.8792,47.5079,2026-06-02 17:00:00+00:00,1.0,6.67,10.6,1.84,31.4
Buenos Aires,Argentina,-34.6037,-58.3816,2026-06-02 17:00:00+00:00,1.0,3.54,6.84,5.73,44.41
London,England,51.5074,-0.1278,2026-06-02 17:00:00+00:00,2.0,0.88,2.51,1.66,80.54
Madrid,Spain,40.4168,-3.7038,2026-06-02 17:00:00+00:00,2.0,0.5,0.69,0.21,86.69
Paris,France,48.8566,2.3522,2026-06-02 17:00:00+00:00,2.0,0.69,1.01,0.64,77.85
Antananarivo,Madagascar,-18.8792,47.5079,2026-06-02 18:00:00+00:00,1.0,7.83,12.31,2.05,29.29
Buenos Aires,Argentina,-34.6037,-58.3816,2026-06-02 18:00:00+00:00,1.0,3.51,6.88,6.16,45.39
London,England,51.5074,-0.1278,2026-06-02 18:00:00+00:00,2.0,0.87,2.41,1.86,77.13
Madrid,Spain,40.4168,-3.7038,2026-06-02 18:00:00+00:00,2.0,0.5,0.66,0.24,86.6
Paris,France,48.8566,2.3522,2026-06-02 18:00:00+00:00,2.0,0.65,0.99,0.7,77.91
Antananarivo,Madagascar,-18.8792,47.5079,2026-06-02 19:00:00+00:00,1.0,8.93,13.81,2.19,26.83
Buenos Aires,Argentina,-34.6037,-58.3816,2026-06-02 19:00:00+00:00,1.0,3.51,6.99,7.1,44.27
London,England,51.5074,-0.1278,2026-06-02 19:00:00+00:00,2.0,0.94,2.51,2.19,73.16
Madrid,Spain,40.4168,-3.7038,2026-06-02 19:00:00+00:00,2.0,0.5,0.67,0.32,85.39
Paris,France,48.8566,2.3522,2026-06-02 19:00:00+00:00,2.0,0.62,0.95,0.79,76.25
Antananarivo,Madagascar,-18.8792,47.5079,2026-06-02 20:00:00+00:00,1.0,9.94,15.11,2.33,24.74
Buenos Aires,Argentina,-34.6037,-58.3816,2026-06-02 20:00:00+00:00,1.0,3.54,7.09,8.45,40.84
London,England,51.5074,-0.1278,2026-06-02 20:00:00+00:00,2.0,1.18,3.04,2.74,69.54
Madrid,Spain,40.4168,-3.7038,2026-06-02 20:00:00+00:00,2.0,0.5,0.73,0.42,83.45
Paris,France,48.8566,2.3522,2026-06-02 20:00:00+00:00,2.0,0.61,0.91,0.91,73.84
Antananarivo,Madagascar,-18.8792,47.5079,2026-06-02 21:00:00+00:00,2.0,10.16,15.11,2.31,23.43
Buenos Aires,Argentina,-34.6037,-58.3816,2026-06-02 21:00:00+00:00,1.0,3.59,7.24,10.03,37.63
London,England,51.5074,-0.1278,2026-06-02 21:00:00+00:00,2.0,1.36,3.46,3.05,67.72
Madrid,Spain,40.4168,-3.7038,2026-06-02 21:00:00+00:00,2.0,0.51,0.82,0.47,82.06
Paris,France,48.8566,2.3522,2026-06-02 21:00:00+00:00,2.0,0.59,0.86,0.96,71.96
Antananarivo,Madagascar,-18.8792,47.5079,2026-06-02 22:00:00+00:00,2.0,10.04,14.66,2.22,22.91
Buenos Aires,Argentina,-34.6037,-58.3816,2026-06-02 22:00:00+00:00,1.0,3.66,7.39,10.45,35.24
London,England,51.5074,-0.1278,2026-06-02 22:00:00+00:00,2.0,1.45,3.81,3.31,67.17
Madrid,Spain,40.4168,-3.7038,2026-06-02 22:00:00+00:00,2.0,0.52,0.88,0.53,78.82
Paris,France,48.8566,2.3522,2026-06-02 22:00:00+00:00,2.0,0.58,0.86,0.94,69.93
Antananarivo,Madagascar,-18.8792,47.5079,2026-06-02 23:00:00+00:00,1.0,9.99,14.38,2.13,22.66
Buenos Aires,Argentina,-34.6037,-58.3816,2026-06-02 23:00:00+00:00,1.0,3.87,7.74,10.7,33.53
London,England,51.5074,-0.1278,2026-06-02 23:00:00+00:00,2.0,1.56,4.35,3.57,66.93
Madrid,Spain,40.4168,-3.7038,2026-06-02 23:00:00+00:00,2.0,0.54,0.93,0.58,75.7
Paris,France,48.8566,2.3522,2026-06-02 23:00:00+00:00,2.0,0.62,0.95,0.86,69.23
Antananarivo,Madagascar,-18.8792,47.5079,2026-06-03 00:00:00+00:00,1.0,9.98,14.22,2.07,22.4
Buenos Aires,Argentina,-34.6037,-58.3816,2026-06-03 00:00:00+00:00,1.0,4.19,8.27,10.95,32.16
London,England,51.5074,-0.1278,2026-06-03 00:00:00+00:00,2.0,1.68,4.99,3.77,66.85
Madrid,Spain,40.4168,-3.7038,2026-06-03 00:00:00+00:00,2.0,0.55,0.98,0.6,73.04
Paris,France,48.8566,2.3522,2026-06-03 00:00:00+00:00,2.0,0.72,1.14,0.78,68.6
Antananarivo,Madagascar,-18.8792,47.5079,2026-06-03 01:00:00+00:00,1.0,9.95,14.1,2.05,22.75
Buenos Aires,Argentina,-34.6037,-58.3816,2026-06-03 01:00:00+00:00,1.0,4.53,8.76,10.89,30.91
London,England,51.5074,-0.1278,2026-06-03 01:00:00+00:00,2.0,1.77,5.5,3.84,66.91
Madrid,Spain,40.4168,-3.7038,2026-06-03 01:00:00+00:00,2.0,0.57,1.04,0.64,69.23
Paris,France,48.8566,2.3522,2026-06-03 01:00:00+00:00,2.0,0.84,1.42,0.72,67.53
Antananarivo,Madagascar,-18.8792,47.5079,2026-06-03 02:00:00+00:00,1.0,9.94,14.06,2.06,23.88
Buenos Aires,Argentina,-34.6037,-58.3816,2026-06-03 02:00:00+00:00,1.0,4.85,9.22,10.61,30.14
London,England,51.5074,-0.1278,2026-06-03 02:00:00+00:00,2.0,1.79,5.67,3.81,67.4
Madrid,Spain,40.4168,-3.7038,2026-06-03 02:00:00+00:00,2.0,0.61,1.14,0.72,65.41
Paris,France,48.8566,2.3522,2026-06-03 02:00:00+00:00,2.0,0.99,1.75,0.68,66.65
Antananarivo,Madagascar,-18.8792,47.5079,2026-06-03 03:00:00+00:00,2.0,10.13,14.35,2.14,24.87
Buenos Aires,Argentina,-34.6037,-58.3816,2026-06-03 03:00:00+00:00,1.0,5.08,9.51,10.11,29.73
London,England,51.5074,-0.1278,2026-06-03 03:00:00+00:00,2.0,1.76,5.61,3.72,67.9
Madrid,Spain,40.4168,-3.7038,2026-06-03 03:00:00+00:00,2.0,0.68,1.26,0.81,61.81
Paris,France,48.8566,2.3522,2026-06-03 03:00:00+00:00,2.0,1.11,2.04,0.66,65.38
Antananarivo,Madagascar,-18.8792,47.5079,2026-06-03 04:00:00+00:00,2.0,10.86,15.77,2.4,25.34
Buenos Aires,Argentina,-34.6037,-58.3816,2026-06-03 04:00:00+00:00,1.0,5.15,9.55,9.73,28.9
London,England,51.5074,-0.1278,2026-06-03 04:00:00+00:00,2.0,1.59,5.03,3.42,68.93
Madrid,Spain,40.4168,-3.7038,2026-06-03 04:00:00+00:00,1.0,0.74,1.39,0.96,57.98
Paris,France,48.8566,2.3522,2026-06-03 04:00:00+00:00,2.0,1.16,2.25,0.65,64.21
Antananarivo,Madagascar,-18.8792,47.5079,2026-06-03 05:00:00+00:00,2.0,11.85,17.6,2.05,27.36
Buenos Aires,Argentina,-34.6037,-58.3816,2026-06-03 05:00:00+00:00,1.0,5.07,9.38,9.4,27.65
London,England,51.5074,-0.1278,2026-06-03 05:00:00+00:00,2.0,1.43,4.46,3.3,69.95
Madrid,Spain,40.4168,-3.7038,2026-06-03 05:00:00+00:00,1.0,0.81,1.54,1.26,55.38
Paris,France,48.8566,2.3522,2026-06-03 05:00:00+00:00,2.0,1.13,2.29,0.78,62.91
Antananarivo,Madagascar,-18.8792,47.5079,2026-06-03 06:00:00+00:00,2.0,13.78,19.91,1.38,35.27
Buenos Aires,Argentina,-34.6037,-58.3816,2026-06-03 06:00:00+00:00,1.0,4.87,9.03,8.76,26.57
London,England,51.5074,-0.1278,2026-06-03 06:00:00+00:00,2.0,1.4,4.09,3.4,70.11
Madrid,Spain,40.4168,-3.7038,2026-06-03 06:00:00+00:00,1.0,0.9,1.71,1.67,54.77
Paris,France,48.8566,2.3522,2026-06-03 06:00:00+00:00,2.0,1.05,2.18,1.01,62.04
Antananarivo,Madagascar,-18.8792,47.5079,2026-06-03 07:00:00+00:00,1.0,4.53,6.5,0.21,46.95
Buenos Aires,Argentina,-34.6037,-58.3816,2026-06-03 07:00:00+00:00,1.0,4.66,8.71,8.02,25.72
London,England,51.5074,-0.1278,2026-06-03 07:00:00+00:00,2.0,1.51,4.0,3.52,70.4
Madrid,Spain,40.4168,-3.7038,2026-06-03 07:00:00+00:00,1.0,0.99,1.92,1.76,56.61
Paris,France,48.8566,2.3522,2026-06-03 07:00:00+00:00,2.0,0.96,1.86,1.11,61.88
Antananarivo,Madagascar,-18.8792,47.5079,2026-06-03 08:00:00+00:00,1.0,3.54,5.02,0.11,48.8
Buenos Aires,Argentina,-34.6037,-58.3816,2026-06-03 08:00:00+00:00,1.0,4.49,8.53,7.57,24.96
London,England,51.5074,-0.1278,2026-06-03 08:00:00+00:00,2.0,1.82,4.37,3.63,70.89
Madrid,Spain,40.4168,-3.7038,2026-06-03 08:00:00+00:00,1.0,1.11,2.16,1.76,57.71
Paris,France,48.8566,2.3522,2026-06-03 08:00:00+00:00,2.0,0.91,1.53,1.04,61.99
Antananarivo,Madagascar,-18.8792,47.5079,2026-06-03 09:00:00+00:00,1.0,3.24,4.56,0.09,49.6
Buenos Aires,Argentina,-34.6037,-58.3816,2026-06-03 09:00:00+00:00,1.0,4.33,8.46,7.51,24.16
London,England,51.5074,-0.1278,2026-06-03 09:00:00+00:00,2.0,2.18,4.77,3.56,71.3
Madrid,Spain,40.4168,-3.7038,2026-06-03 09:00:00+00:00,2.0,1.37,2.54,1.51,63.59
Paris,France,48.8566,2.3522,2026-06-03 09:00:00+00:00,2.0,0.9,1.35,0.93,62.64
Antananarivo,Madagascar,-18.8792,47.5079,2026-06-03 10:00:00+00:00,1.0,2.74,3.82,0.09,51.67
Buenos Aires,Argentina,-34.6037,-58.3816,2026-06-03 10:00:00+00:00,1.0,4.16,8.4,7.77,23.47
London,England,51.5074,-0.1278,2026-06-03 10:00:00+00:00,2.0,2.24,4.04,3.46,70.57
Madrid,Spain,40.4168,-3.7038,2026-06-03 10:00:00+00:00,2.0,1.62,2.59,0.65,81.47
Paris,France,48.8566,2.3522,2026-06-03 10:00:00+00:00,2.0,0.9,1.27,0.77,65.22
Antananarivo,Madagascar,-18.8792,47.5079,2026-06-03 11:00:00+00:00,1.0,2.41,3.37,0.09,52.92
Buenos Aires,Argentina,-34.6037,-58.3816,2026-06-03 11:00:00+00:00,1.0,3.96,8.25,8.37,22.41
London,England,51.5074,-0.1278,2026-06-03 11:00:00+00:00,2.0,2.16,3.39,3.36,69.02
Madrid,Spain,40.4168,-3.7038,2026-06-03 11:00:00+00:00,2.0,1.62,2.41,0.38,87.27
Paris,France,48.8566,2.3522,2026-06-03 11:00:00+00:00,2.0,0.94,1.27,0.67,66.94
Antananarivo,Madagascar,-18.8792,47.5079,2026-06-03 12:00:00+00:00,1.0,2.19,3.12,0.1,53.19
Buenos Aires,Argentina,-34.6037,-58.3816,2026-06-03 12:00:00+00:00,1.0,3.79,8.22,9.36,21.91
London,England,51.5074,-0.1278,2026-06-03 12:00:00+00:00,2.0,2.19,3.31,3.24,68.88
Madrid,Spain,40.4168,-3.7038,2026-06-03 12:00:00+00:00,2.0,1.69,2.44,0.32,89.61
Paris,France,48.8566,2.3522,2026-06-03 12:00:00+00:00,2.0,1.07,1.47,0.6,68.56
Antananarivo,Madagascar,-18.8792,47.5079,2026-06-03 13:00:00+00:00,1.0,2.28,3.42,0.19,51.34
Buenos Aires,Argentina,-34.6037,-58.3816,2026-06-03 13:00:00+00:00,1.0,3.63,8.35,9.62,23.81
London,England,51.5074,-0.1278,2026-06-03 13:00:00+00:00,2.0,2.7,4.29,2.87,70.68
Madrid,Spain,40.4168,-3.7038,2026-06-03 13:00:00+00:00,2.0,1.73,2.45,0.3,92.11
Paris,France,48.8566,2.3522,2026-06-03 13:00:00+00:00,2.0,1.26,1.9,0.59,70.41
Antananarivo,Madagascar,-18.8792,47.5079,2026-06-03 14:00:00+00:00,1.0,2.63,4.13,0.41,47.94
Buenos Aires,Argentina,-34.6037,-58.3816,2026-06-03 14:00:00+00:00,1.0,3.56,8.58,8.76,26.53
London,England,51.5074,-0.1278,2026-06-03 14:00:00+00:00,2.0,3.75,6.15,2.53,71.47
Madrid,Spain,40.4168,-3.7038,2026-06-03 14:00:00+00:00,2.0,1.66,2.32,0.28,91.91
Paris,France,48.8566,2.3522,2026-06-03 14:00:00+00:00,2.0,1.43,2.4,0.61,70.8
Antananarivo,Madagascar,-18.8792,47.5079,2026-06-03 15:00:00+00:00,1.0,3.0,4.86,0.66,45.02
Buenos Aires,Argentina,-34.6037,-58.3816,2026-06-03 15:00:00+00:00,1.0,3.57,8.89,7.92,29.59
London,England,51.5074,-0.1278,2026-06-03 15:00:00+00:00,2.0,4.94,8.77,2.21,71.0
Madrid,Spain,40.4168,-3.7038,2026-06-03 15:00:00+00:00,2.0,1.56,2.17,0.27,90.01
Paris,France,48.8566,2.3522,2026-06-03 15:00:00+00:00,2.0,1.47,2.57,0.67,71.11
Antananarivo,Madagascar,-18.8792,47.5079,2026-06-03 16:00:00+00:00,1.0,3.89,6.4,1.02,40.63
Buenos Aires,Argentina,-34.6037,-58.3816,2026-06-03 16:00:00+00:00,1.0,3.4,8.51,6.82,38.44
London,England,51.5074,-0.1278,2026-06-03 16:00:00+00:00,2.0,5.01,11.25,1.95,70.71
Madrid,Spain,40.4168,-3.7038,2026-06-03 16:00:00+00:00,2.0,1.43,2.02,0.27,86.98
Paris,France,48.8566,2.3522,2026-06-03 16:00:00+00:00,2.0,1.43,2.43,0.77,71.72
Antananarivo,Madagascar,-18.8792,47.5079,2026-06-03 17:00:00+00:00,1.0,5.48,9.0,1.5,36.06
Buenos Aires,Argentina,-34.6037,-58.3816,2026-06-03 17:00:00+00:00,1.0,3.21,7.89,5.93,43.18
London,England,51.5074,-0.1278,2026-06-03 17:00:00+00:00,2.0,3.84,10.93,1.96,70.8
Madrid,Spain,40.4168,-3.7038,2026-06-03 17:00:00+00:00,2.0,1.28,1.83,0.26,82.16
Paris,France,48.8566,2.3522,2026-06-03 17:00:00+00:00,2.0,1.35,2.05,0.84,71.87
Antananarivo,Madagascar,-18.8792,47.5079,2026-06-03 18:00:00+00:00,1.0,6.97,11.38,1.83,32.93
Buenos Aires,Argentina,-34.6037,-58.3816,2026-06-03 18:00:00+00:00,1.0,3.08,7.44,5.83,45.28
London,England,51.5074,-0.1278,2026-06-03 18:00:00+00:00,2.0,2.97,9.08,2.14,70.2
Madrid,Spain,40.4168,-3.7038,2026-06-03 18:00:00+00:00,2.0,1.13,1.65,0.26,76.74
Paris,France,48.8566,2.3522,2026-06-03 18:00:00+00:00,2.0,1.37,1.8,0.9,71.33
Antananarivo,Madagascar,-18.8792,47.5079,2026-06-03 19:00:00+00:00,1.0,8.22,13.41,2.09,31.38
Buenos Aires,Argentina,-34.6037,-58.3816,2026-06-03 19:00:00+00:00,1.0,3.1,7.36,6.36,45.54
London,England,51.5074,-0.1278,2026-06-03 19:00:00+00:00,2.0,2.65,7.77,2.42,70.06
Madrid,Spain,40.4168,-3.7038,2026-06-03 19:00:00+00:00,2.0,1.02,1.56,0.32,70.84
Paris,France,48.8566,2.3522,2026-06-03 19:00:00+00:00,2.0,1.53,1.79,0.94,70.08
Antananarivo,Madagascar,-18.8792,47.5079,2026-06-03 20:00:00+00:00,1.0,9.05,14.74,2.29,31.29
Buenos Aires,Argentina,-34.6037,-58.3816,2026-06-03 20:00:00+00:00,1.0,3.2,7.49,7.47,43.38
London,England,51.5074,-0.1278,2026-06-03 20:00:00+00:00,2.0,2.67,7.36,2.59,70.31
Madrid,Spain,40.4168,-3.7038,2026-06-03 20:00:00+00:00,2.0,0.94,1.57,0.39,64.62
Paris,France,48.8566,2.3522,2026-06-03 20:00:00+00:00,2.0,1.77,1.98,1.0,68.45
Antananarivo,Madagascar,-18.8792,47.5079,2026-06-03 21:00:00+00:00,1.0,9.04,14.56,2.3,31.77
Buenos Aires,Argentina,-34.6037,-58.3816,2026-06-03 21:00:00+00:00,1.0,3.32,7.68,8.71,41.12
London,England,51.5074,-0.1278,2026-06-03 21:00:00+00:00,2.0,2.91,7.36,2.54,70.71
Madrid,Spain,40.4168,-3.7038,2026-06-03 21:00:00+00:00,1.0,0.85,1.54,0.42,57.92
Paris,France,48.8566,2.3522,2026-06-03 21:00:00+00:00,2.0,2.06,2.32,1.02,66.35
Antananarivo,Madagascar,-18.8792,47.5079,2026-06-03 22:00:00+00:00,1.0,8.67,13.83,2.23,32.74
Buenos Aires,Argentina,-34.6037,-58.3816,2026-06-03 22:00:00+00:00,1.0,3.4,7.81,9.41,38.94
London,England,51.5074,-0.1278,2026-06-03 22:00:00+00:00,2.0,3.18,7.46,2.52,70.64
Madrid,Spain,40.4168,-3.7038,2026-06-03 22:00:00+00:00,1.0,0.77,1.55,0.45,51.04
Paris,France,48.8566,2.3522,2026-06-03 22:00:00+00:00,2.0,2.24,2.58,0.97,64.2
Antananarivo,Madagascar,-18.8792,47.5079,2026-06-03 23:00:00+00:00,1.0,8.38,13.32,2.16,33.76
Buenos Aires,Argentina,-34.6037,-58.3816,2026-06-03 23:00:00+00:00,1.0,3.55,8.03,10.31,36.9
London,England,51.5074,-0.1278,2026-06-03 23:00:00+00:00,2.0,3.38,7.34,2.6,70.39
Madrid,Spain,40.4168,-3.7038,2026-06-03 23:00:00+00:00,1.0,0.84,2.31,0.48,46.38
Paris,France,48.8566,2.3522,2026-06-03 23:00:00+00:00,2.0,2.23,2.64,0.87,62.38
Antananarivo,Madagascar,-18.8792,47.5079,2026-06-04 00:00:00+00:00,1.0,8.21,13.05,2.11,34.56
Buenos Aires,Argentina,-34.6037,-58.3816,2026-06-04 00:00:00+00:00,1.0,3.76,8.33,11.34,34.69
London,England,51.5074,-0.1278,2026-06-04 00:00:00+00:00,2.0,3.4,6.84,2.61,69.83
Madrid,Spain,40.4168,-3.7038,2026-06-04 00:00:00+00:00,1.0,1.17,4.74,0.55,44.2
Paris,France,48.8566,2.3522,2026-06-04 00:00:00+00:00,2.0,2.09,2.58,0.76,60.87
Antananarivo,Madagascar,-18.8792,47.5079,2026-06-04 01:00:00+00:00,1.0,8.06,12.83,2.06,34.84
Buenos Aires,Argentina,-34.6037,-58.3816,2026-06-04 01:00:00+00:00,1.0,3.97,8.52,11.92,32.36
London,England,51.5074,-0.1278,2026-06-04 01:00:00+00:00,2.0,3.22,6.02,2.52,69.87
Madrid,Spain,40.4168,-3.7038,2026-06-04 01:00:00+00:00,1.0,1.72,8.83,0.64,44.29
Paris,France,48.8566,2.3522,2026-06-04 01:00:00+00:00,1.0,1.88,2.58,0.66,59.76
Antananarivo,Madagascar,-18.8792,47.5079,2026-06-04 02:00:00+00:00,1.0,7.95,12.67,2.02,34.62
Buenos Aires,Argentina,-34.6037,-58.3816,2026-06-04 02:00:00+00:00,1.0,4.24,8.68,11.89,30.78
London,England,51.5074,-0.1278,2026-06-04 02:00:00+00:00,2.0,3.15,5.69,2.44,69.82
Madrid,Spain,40.4168,-3.7038,2026-06-04 02:00:00+00:00,1.0,2.24,12.79,0.73,46.22
Paris,France,48.8566,2.3522,2026-06-04 02:00:00+00:00,1.0,1.88,2.93,0.56,59.54
Antananarivo,Madagascar,-18.8792,47.5079,2026-06-04 03:00:00+00:00,1.0,8.01,12.83,2.02,34.14
Buenos Aires,Argentina,-34.6037,-58.3816,2026-06-04 03:00:00+00:00,1.0,4.46,8.71,11.37,29.64
London,England,51.5074,-0.1278,2026-06-04 03:00:00+00:00,2.0,3.13,5.62,2.42,69.6
Madrid,Spain,40.4168,-3.7038,2026-06-04 03:00:00+00:00,1.0,2.5,14.69,0.79,47.72
Paris,France,48.8566,2.3522,2026-06-04 03:00:00+00:00,2.0,1.86,2.99,0.5,60.09
Antananarivo,Madagascar,-18.8792,47.5079,2026-06-04 04:00:00+00:00,1.0,8.59,14.08,2.2,32.51
Buenos Aires,Argentina,-34.6037,-58.3816,2026-06-04 04:00:00+00:00,1.0,4.54,8.46,10.75,28.28
London,England,51.5074,-0.1278,2026-06-04 04:00:00+00:00,2.0,3.03,5.35,2.41,69.36
Madrid,Spain,40.4168,-3.7038,2026-06-04 04:00:00+00:00,1.0,2.43,14.05,0.82,47.17
Paris,France,48.8566,2.3522,2026-06-04 04:00:00+00:00,2.0,1.81,2.72,0.47,61.26
Antananarivo,Madagascar,-18.8792,47.5079,2026-06-04 05:00:00+00:00,1.0,9.44,15.68,1.89,31.53
Buenos Aires,Argentina,-34.6037,-58.3816,2026-06-04 05:00:00+00:00,1.0,4.49,8.12,10.03,26.57
London,England,51.5074,-0.1278,2026-06-04 05:00:00+00:00,2.0,2.84,4.86,2.43,68.22
Madrid,Spain,40.4168,-3.7038,2026-06-04 05:00:00+00:00,1.0,2.24,12.32,0.9,45.74
Paris,France,48.8566,2.3522,2026-06-04 05:00:00+00:00,2.0,1.94,2.67,0.58,62.35
Antananarivo,Madagascar,-18.8792,47.5079,2026-06-04 06:00:00+00:00,2.0,11.12,17.64,1.3,36.83
Buenos Aires,Argentina,-34.6037,-58.3816,2026-06-04 06:00:00+00:00,1.0,4.41,7.87,9.23,25.06
London,England,51.5074,-0.1278,2026-06-04 06:00:00+00:00,2.0,2.6,4.46,2.35,67.01
Madrid,Spain,40.4168,-3.7038,2026-06-04 06:00:00+00:00,1.0,2.06,10.53,1.01,44.08
Paris,France,48.8566,2.3522,2026-06-04 06:00:00+00:00,2.0,2.11,2.75,0.82,62.43
Antananarivo,Madagascar,-18.8792,47.5079,2026-06-04 07:00:00+00:00,1.0,2.69,4.64,0.21,50.96
Buenos Aires,Argentina,-34.6037,-58.3816,2026-06-04 07:00:00+00:00,1.0,4.36,7.43,8.43,23.77
London,England,51.5074,-0.1278,2026-06-04 07:00:00+00:00,2.0,2.25,3.94,2.13,67.36
Madrid,Spain,40.4168,-3.7038,2026-06-04 07:00:00+00:00,1.0,1.88,9.04,0.86,43.01
Paris,France,48.8566,2.3522,2026-06-04 07:00:00+00:00,2.0,2.12,2.62,0.98,62.16
Antananarivo,Madagascar,-18.8792,47.5079,2026-06-04 08:00:00+00:00,1.0,2.04,3.42,0.12,50.47
Buenos Aires,Argentina,-34.6037,-58.3816,2026-06-04 08:00:00+00:00,1.0,4.35,6.94,7.77,22.63
London,England,51.5074,-0.1278,2026-06-04 08:00:00+00:00,2.0,1.87,3.45,1.93,69.05
Madrid,Spain,40.4168,-3.7038,2026-06-04 08:00:00+00:00,1.0,1.73,7.88,0.64,44.39
Paris,France,48.8566,2.3522,2026-06-04 08:00:00+00:00,2.0,2.08,2.43,1.01,61.77
Antananarivo,Madagascar,-18.8792,47.5079,2026-06-04 09:00:00+00:00,1.0,2.03,3.25,0.1,49.76
Buenos Aires,Argentina,-34.6037,-58.3816,2026-06-04 09:00:00+00:00,1.0,4.4,6.64,7.27,21.62
London,England,51.5074,-0.1278,2026-06-04 09:00:00+00:00,2.0,1.52,2.97,1.74,70.28
Madrid,Spain,40.4168,-3.7038,2026-06-04 09:00:00+00:00,1.0,1.6,6.82,0.46,47.82
Paris,France,48.8566,2.3522,2026-06-04 09:00:00+00:00,2.0,2.04,2.28,1.0,61.22
Antananarivo,Madagascar,-18.8792,47.5079,2026-06-04 10:00:00+00:00,1.0,1.91,2.91,0.11,50.74
Buenos Aires,Argentina,-34.6037,-58.3816,2026-06-04 10:00:00+00:00,1.0,4.52,6.62,6.93,20.71
London,England,51.5074,-0.1278,2026-06-04 10:00:00+00:00,2.0,1.34,3.08,1.52,70.29
Madrid,Spain,40.4168,-3.7038,2026-06-04 10:00:00+00:00,1.0,1.27,5.25,0.28,54.42
Paris,France,48.8566,2.3522,2026-06-04 10:00:00+00:00,2.0,1.78,1.94,0.93,61.44
Antananarivo,Madagascar,-18.8792,47.5079,2026-06-04 11:00:00+00:00,1.0,1.86,2.75,0.12,51.63
Buenos Aires,Argentina,-34.6037,-58.3816,2026-06-04 11:00:00+00:00,1.0,4.72,6.82,7.09,19.56
London,England,51.5074,-0.1278,2026-06-04 11:00:00+00:00,2.0,1.27,3.37,1.37,70.1
Madrid,Spain,40.4168,-3.7038,2026-06-04 11:00:00+00:00,1.0,1.04,3.96,0.2,58.95
Paris,France,48.8566,2.3522,2026-06-04 11:00:00+00:00,2.0,1.17,1.28,0.8,62.87
Antananarivo,Madagascar,-18.8792,47.5079,2026-06-04 12:00:00+00:00,1.0,1.87,2.73,0.13,51.64
Buenos Aires,Argentina,-34.6037,-58.3816,2026-06-04 12:00:00+00:00,1.0,4.96,7.09,7.73,18.07
London,England,51.5074,-0.1278,2026-06-04 12:00:00+00:00,2.0,1.3,3.66,1.25,70.62
Madrid,Spain,40.4168,-3.7038,2026-06-04 12:00:00+00:00,2.0,0.93,3.11,0.18,62.63
Paris,France,48.8566,2.3522,2026-06-04 12:00:00+00:00,2.0,0.74,0.83,0.68,65.14
Antananarivo,Madagascar,-18.8792,47.5079,2026-06-04 13:00:00+00:00,1.0,2.2,3.34,0.27,48.87
Buenos Aires,Argentina,-34.6037,-58.3816,2026-06-04 13:00:00+00:00,1.0,5.16,7.38,8.26,16.98
London,England,51.5074,-0.1278,2026-06-04 13:00:00+00:00,2.0,1.37,4.03,1.12,71.87
Madrid,Spain,40.4168,-3.7038,2026-06-04 13:00:00+00:00,2.0,0.73,2.08,0.16,74.17
Paris,France,48.8566,2.3522,2026-06-04 13:00:00+00:00,2.0,0.56,0.66,0.54,68.79
Antananarivo,Madagascar,-18.8792,47.5079,2026-06-04 14:00:00+00:00,1.0,2.88,4.56,0.58,44.14
Buenos Aires,Argentina,-34.6037,-58.3816,2026-06-04 14:00:00+00:00,1.0,5.25,7.6,8.11,16.23
London,England,51.5074,-0.1278,2026-06-04 14:00:00+00:00,2.0,1.36,4.1,1.05,72.59
Madrid,Spain,40.4168,-3.7038,2026-06-04 14:00:00+00:00,2.0,0.6,1.47,0.15,82.33
Paris,France,48.8566,2.3522,2026-06-04 14:00:00+00:00,2.0,0.54,0.66,0.45,72.69
Antananarivo,Madagascar,-18.8792,47.5079,2026-06-04 15:00:00+00:00,1.0,3.61,5.88,0.95,40.39
Buenos Aires,Argentina,-34.6037,-58.3816,2026-06-04 15:00:00+00:00,1.0,5.3,7.75,7.71,16.15
London,England,51.5074,-0.1278,2026-06-04 15:00:00+00:00,2.0,1.28,3.89,1.04,72.86
Madrid,Spain,40.4168,-3.7038,2026-06-04 15:00:00+00:00,2.0,0.59,1.29,0.15,85.04
Paris,France,48.8566,2.3522,2026-06-04 15:00:00+00:00,2.0,0.55,0.72,0.44,76.81
Antananarivo,Madagascar,-18.8792,47.5079,2026-06-04 16:00:00+00:00,1.0,4.71,7.76,1.33,36.9
Buenos Aires,Argentina,-34.6037,-58.3816,2026-06-04 16:00:00+00:00,1.0,5.56,8.29,8.24,18.15
London,England,51.5074,-0.1278,2026-06-04 16:00:00+00:00,2.0,1.19,3.67,1.14,72.26
Madrid,Spain,40.4168,-3.7038,2026-06-04 16:00:00+00:00,2.0,0.6,1.26,0.17,86.92
Paris,France,48.8566,2.3522,2026-06-04 16:00:00+00:00,2.0,0.57,0.83,0.5,80.38
Antananarivo,Madagascar,-18.8792,47.5079,2026-06-04 17:00:00+00:00,1.0,6.35,10.38,1.78,34.11
Buenos Aires,Argentina,-34.6037,-58.3816,2026-06-04 17:00:00+00:00,1.0,5.55,8.39,8.93,18.46
London,England,51.5074,-0.1278,2026-06-04 17:00:00+00:00,2.0,1.14,3.57,1.4,71.21
Madrid,Spain,40.4168,-3.7038,2026-06-04 17:00:00+00:00,2.0,0.64,1.33,0.19,87.6
Paris,France,48.8566,2.3522,2026-06-04 17:00:00+00:00,2.0,0.62,1.04,0.56,81.51
Antananarivo,Madagascar,-18.8792,47.5079,2026-06-04 18:00:00+00:00,1.0,7.98,12.88,2.16,31.99
Buenos Aires,Argentina,-34.6037,-58.3816,2026-06-04 18:00:00+00:00,1.0,5.32,8.14,9.31,18.49
London,England,51.5074,-0.1278,2026-06-04 18:00:00+00:00,2.0,1.12,3.52,1.77,70.08
Madrid,Spain,40.4168,-3.7038,2026-06-04 18:00:00+00:00,2.0,0.69,1.41,0.22,88.11
Paris,France,48.8566,2.3522,2026-06-04 18:00:00+00:00,2.0,0.67,1.29,0.63,80.87
Antananarivo,Madagascar,-18.8792,47.5079,2026-06-04 19:00:00+00:00,1.0,9.58,15.02,2.47,29.88
Buenos Aires,Argentina,-34.6037,-58.3816,2026-06-04 19:00:00+00:00,1.0,5.03,7.72,9.27,20.0
London,England,51.5074,-0.1278,2026-06-04 19:00:00+00:00,2.0,1.1,3.44,2.22,68.96
Madrid,Spain,40.4168,-3.7038,2026-06-04 19:00:00+00:00,2.0,0.73,1.47,0.28,87.94
Paris,France,48.8566,2.3522,2026-06-04 19:00:00+00:00,2.0,0.7,1.55,0.75,78.29
Antananarivo,Madagascar,-18.8792,47.5079,2026-06-04 20:00:00+00:00,2.0,11.0,16.79,2.69,27.55
Buenos Aires,Argentina,-34.6037,-58.3816,2026-06-04 20:00:00+00:00,1.0,4.65,7.12,9.11,21.22
London,England,51.5074,-0.1278,2026-06-04 20:00:00+00:00,2.0,1.09,3.27,2.59,68.15
Madrid,Spain,40.4168,-3.7038,2026-06-04 20:00:00+00:00,2.0,0.78,1.57,0.36,88.4
Paris,France,48.8566,2.3522,2026-06-04 20:00:00+00:00,2.0,0.77,1.83,0.91,75.9
Antananarivo,Madagascar,-18.8792,47.5079,2026-06-04 21:00:00+00:00,2.0,11.6,17.06,2.71,25.12
Buenos Aires,Argentina,-34.6037,-58.3816,2026-06-04 21:00:00+00:00,1.0,4.27,6.53,8.69,22.31
London,England,51.5074,-0.1278,2026-06-04 21:00:00+00:00,2.0,1.12,3.17,2.74,67.58
Madrid,Spain,40.4168,-3.7038,2026-06-04 21:00:00+00:00,2.0,0.79,1.63,0.4,89.09
Paris,France,48.8566,2.3522,2026-06-04 21:00:00+00:00,2.0,0.85,2.13,0.99,74.42
Antananarivo,Madagascar,-18.8792,47.5079,2026-06-04 22:00:00+00:00,2.0,11.65,16.48,2.6,22.26
Buenos Aires,Argentina,-34.6037,-58.3816,2026-06-04 22:00:00+00:00,1.0,3.9,5.93,7.34,24.14
London,England,51.5074,-0.1278,2026-06-04 22:00:00+00:00,2.0,1.19,3.23,2.84,67.24
Madrid,Spain,40.4168,-3.7038,2026-06-04 22:00:00+00:00,2.0,0.8,1.67,0.47,86.13
Paris,France,48.8566,2.3522,2026-06-04 22:00:00+00:00,2.0,0.93,2.44,1.01,72.5
Antananarivo,Madagascar,-18.8792,47.5079,2026-06-04 23:00:00+00:00,2.0,11.62,15.99,2.49,20.47
Buenos Aires,Argentina,-34.6037,-58.3816,2026-06-04 23:00:00+00:00,1.0,3.74,5.66,6.37,25.99
London,England,51.5074,-0.1278,2026-06-04 23:00:00+00:00,2.0,1.37,3.61,2.96,67.23
Madrid,Spain,40.4168,-3.7038,2026-06-04 23:00:00+00:00,2.0,0.81,1.73,0.55,82.21
Paris,France,48.8566,2.3522,2026-06-04 23:00:00+00:00,2.0,1.04,2.81,0.98,71.08
Antananarivo,Madagascar,-18.8792,47.5079,2026-06-05 00:00:00+00:00,2.0,11.35,15.43,2.34,20.04
Buenos Aires,Argentina,-34.6037,-58.3816,2026-06-05 00:00:00+00:00,1.0,3.85,5.8,6.32,27.04
London,England,51.5074,-0.1278,2026-06-05 00:00:00+00:00,2.0,1.57,4.06,3.06,67.76
Madrid,Spain,40.4168,-3.7038,2026-06-05 00:00:00+00:00,2.0,0.81,1.76,0.59,78.64
Paris,France,48.8566,2.3522,2026-06-05 00:00:00+00:00,2.0,1.17,3.2,0.93,69.26
Antananarivo,Madagascar,-18.8792,47.5079,2026-06-05 01:00:00+00:00,2.0,10.19,13.92,2.04,21.92
Buenos Aires,Argentina,-34.6037,-58.3816,2026-06-05 01:00:00+00:00,1.0,4.17,6.27,6.84,26.88
London,England,51.5074,-0.1278,2026-06-05 01:00:00+00:00,2.0,1.65,4.18,3.01,69.01
Madrid,Spain,40.4168,-3.7038,2026-06-05 01:00:00+00:00,2.0,0.8,1.75,0.62,74.69
Paris,France,48.8566,2.3522,2026-06-05 01:00:00+00:00,2.0,1.29,3.58,0.88,67.12
Antananarivo,Madagascar,-18.8792,47.5079,2026-06-05 02:00:00+00:00,1.0,8.96,12.4,1.75,23.23
Buenos Aires,Argentina,-34.6037,-58.3816,2026-06-05 02:00:00+00:00,1.0,4.55,6.93,7.71,25.4
London,England,51.5074,-0.1278,2026-06-05 02:00:00+00:00,2.0,1.67,4.08,2.87,71.21
Madrid,Spain,40.4168,-3.7038,2026-06-05 02:00:00+00:00,2.0,0.8,1.74,0.64,71.78
Paris,France,48.8566,2.3522,2026-06-05 02:00:00+00:00,2.0,1.41,3.92,0.85,65.42
Antananarivo,Madagascar,-18.8792,47.5079,2026-06-05 03:00:00+00:00,1.0,8.25,11.54,1.58,24.0
Buenos Aires,Argentina,-34.6037,-58.3816,2026-06-05 03:00:00+00:00,1.0,4.97,7.61,8.73,23.37
London,England,51.5074,-0.1278,2026-06-05 03:00:00+00:00,2.0,1.66,3.93,2.68,73.57
Madrid,Spain,40.4168,-3.7038,2026-06-05 03:00:00+00:00,2.0,0.8,1.75,0.7,69.45
Paris,France,48.8566,2.3522,2026-06-05 03:00:00+00:00,2.0,1.52,4.17,0.86,63.6
Antananarivo,Madagascar,-18.8792,47.5079,2026-06-05 04:00:00+00:00,1.0,8.14,11.59,1.59,24.96
Buenos Aires,Argentina,-34.6037,-58.3816,2026-06-05 04:00:00+00:00,1.0,5.47,8.38,9.89,21.0
London,England,51.5074,-0.1278,2026-06-05 04:00:00+00:00,2.0,1.42,3.34,2.36,76.1
Madrid,Spain,40.4168,-3.7038,2026-06-05 04:00:00+00:00,2.0,0.81,1.79,0.86,66.1
Paris,France,48.8566,2.3522,2026-06-05 04:00:00+00:00,2.0,1.59,4.3,0.92,61.37
Antananarivo,Madagascar,-18.8792,47.5079,2026-06-05 05:00:00+00:00,1.0,8.14,12.14,1.42,26.31
Buenos Aires,Argentina,-34.6037,-58.3816,2026-06-05 05:00:00+00:00,1.0,5.99,9.12,10.53,18.86
London,England,51.5074,-0.1278,2026-06-05 05:00:00+00:00,2.0,1.07,2.48,2.16,78.63
Madrid,Spain,40.4168,-3.7038,2026-06-05 05:00:00+00:00,2.0,0.84,1.89,1.19,62.1
Paris,France,48.8566,2.3522,2026-06-05 05:00:00+00:00,1.0,1.65,4.46,1.18,59.69
Antananarivo,Madagascar,-18.8792,47.5079,2026-06-05 06:00:00+00:00,1.0,7.93,11.96,1.0,30.67
Buenos Aires,Argentina,-34.6037,-58.3816,2026-06-05 06:00:00+00:00,1.0,6.53,9.83,10.49,17.37
London,England,51.5074,-0.1278,2026-06-05 06:00:00+00:00,2.0,0.88,1.98,2.1,80.69
Madrid,Spain,40.4168,-3.7038,2026-06-05 06:00:00+00:00,1.0,0.89,2.02,1.71,57.72
Paris,France,48.8566,2.3522,2026-06-05 06:00:00+00:00,1.0,1.7,4.59,1.52,59.07
Antananarivo,Madagascar,-18.8792,47.5079,2026-06-05 07:00:00+00:00,1.0,3.52,5.42,0.31,42.66
Buenos Aires,Argentina,-34.6037,-58.3816,2026-06-05 07:00:00+00:00,1.0,7.08,10.45,10.04,16.29
London,England,51.5074,-0.1278,2026-06-05 07:00:00+00:00,2.0,0.76,1.75,1.99,82.33
Madrid,Spain,40.4168,-3.7038,2026-06-05 07:00:00+00:00,1.0,0.93,2.13,1.93,53.67
Paris,France,48.8566,2.3522,2026-06-05 07:00:00+00:00,2.0,1.72,4.49,1.52,62.37
Antananarivo,Madagascar,-18.8792,47.5079,2026-06-05 08:00:00+00:00,1.0,2.93,4.48,0.17,46.53
Buenos Aires,Argentina,-34.6037,-58.3816,2026-06-05 08:00:00+00:00,1.0,7.68,11.02,9.64,15.18
London,England,51.5074,-0.1278,2026-06-05 08:00:00+00:00,2.0,0.73,1.74,1.9,84.75
Madrid,Spain,40.4168,-3.7038,2026-06-05 08:00:00+00:00,1.0,0.97,2.24,1.7,52.25
Paris,France,48.8566,2.3522,2026-06-05 08:00:00+00:00,2.0,1.72,4.25,1.42,65.33
Antananarivo,Madagascar,-18.8792,47.5079,2026-06-05 09:00:00+00:00,1.0,2.95,4.42,0.12,47.84
Buenos Aires,Argentina,-34.6037,-58.3816,2026-06-05 09:00:00+00:00,1.0,8.28,11.59,9.46,14.1
London,England,51.5074,-0.1278,2026-06-05 09:00:00+00:00,2.0,0.78,1.9,1.77,87.89
Madrid,Spain,40.4168,-3.7038,2026-06-05 09:00:00+00:00,1.0,1.08,2.43,1.3,55.41
Paris,France,48.8566,2.3522,2026-06-05 09:00:00+00:00,2.0,1.72,4.12,1.36,67.26
Antananarivo,Madagascar,-18.8792,47.5079,2026-06-05 10:00:00+00:00,1.0,2.95,4.24,0.1,52.28
Buenos Aires,Argentina,-34.6037,-58.3816,2026-06-05 10:00:00+00:00,1.0,8.85,12.14,9.41,13.22
London,England,51.5074,-0.1278,2026-06-05 10:00:00+00:00,2.0,0.87,2.18,1.63,91.4
Madrid,Spain,40.4168,-3.7038,2026-06-05 10:00:00+00:00,2.0,1.14,2.44,0.56,80.46
Paris,France,48.8566,2.3522,2026-06-05 10:00:00+00:00,2.0,1.34,3.31,0.85,78.17
Antananarivo,Madagascar,-18.8792,47.5079,2026-06-05 11:00:00+00:00,1.0,3.1,4.35,0.12,54.12
Buenos Aires,Argentina,-34.6037,-58.3816,2026-06-05 11:00:00+00:00,1.0,9.4,12.64,9.61,12.35
London,England,51.5074,-0.1278,2026-06-05 11:00:00+00:00,2.0,1.0,2.48,1.51,95.22
Madrid,Spain,40.4168,-3.7038,2026-06-05 11:00:00+00:00,2.0,1.12,2.25,0.3,87.48
Paris,France,48.8566,2.3522,2026-06-05 11:00:00+00:00,2.0,0.97,2.51,0.6,83.58
Antananarivo,Madagascar,-18.8792,47.5079,2026-06-05 12:00:00+00:00,1.0,3.32,4.62,0.14,53.54
Buenos Aires,Argentina,-34.6037,-58.3816,2026-06-05 12:00:00+00:00,1.0,9.93,13.13,10.03,11.51
London,England,51.5074,-0.1278,2026-06-05 12:00:00+00:00,2.0,1.11,2.65,1.43,98.64
Madrid,Spain,40.4168,-3.7038,2026-06-05 12:00:00+00:00,2.0,1.13,2.22,0.24,89.59
Paris,France,48.8566,2.3522,2026-06-05 12:00:00+00:00,2.0,0.83,2.09,0.55,85.54
Antananarivo,Madagascar,-18.8792,47.5079,2026-06-05 13:00:00+00:00,1.0,3.88,5.51,0.28,50.61
Buenos Aires,Argentina,-34.6037,-58.3816,2026-06-05 13:00:00+00:00,2.0,10.43,13.67,9.79,11.45
London,England,51.5074,-0.1278,2026-06-05 13:00:00+00:00,3.0,1.17,2.65,1.4,101.18
Madrid,Spain,40.4168,-3.7038,2026-06-05 13:00:00+00:00,2.0,1.13,2.19,0.23,92.72
Paris,France,48.8566,2.3522,2026-06-05 13:00:00+00:00,2.0,0.76,1.79,0.47,88.42
Antananarivo,Madagascar,-18.8792,47.5079,2026-06-05 14:00:00+00:00,1.0,4.71,6.85,0.6,46.35
Buenos Aires,Argentina,-34.6037,-58.3816,2026-06-05 14:00:00+00:00,2.0,10.98,14.55,9.23,12.11
London,England,51.5074,-0.1278,2026-06-05 14:00:00+00:00,3.0,1.18,2.51,1.37,102.78
Madrid,Spain,40.4168,-3.7038,2026-06-05 14:00:00+00:00,2.0,1.07,2.07,0.22,96.04
Paris,France,48.8566,2.3522,2026-06-05 14:00:00+00:00,2.0,0.72,1.55,0.45,90.5
Antananarivo,Madagascar,-18.8792,47.5079,2026-06-05 15:00:00+00:00,1.0,5.52,8.18,0.97,42.49
Buenos Aires,Argentina,-34.6037,-58.3816,2026-06-05 15:00:00+00:00,2.0,11.79,15.86,9.16,13.48
London,England,51.5074,-0.1278,2026-06-05 15:00:00+00:00,3.0,1.16,2.39,1.38,103.58
Madrid,Spain,40.4168,-3.7038,2026-06-05 15:00:00+00:00,2.0,1.02,1.97,0.23,99.3
Paris,France,48.8566,2.3522,2026-06-05 15:00:00+00:00,2.0,0.69,1.39,0.49,91.97
Antananarivo,Madagascar,-18.8792,47.5079,2026-06-05 16:00:00+00:00,1.0,6.69,10.08,1.38,37.69
Buenos Aires,Argentina,-34.6037,-58.3816,2026-06-05 16:00:00+00:00,2.0,13.53,18.34,9.98,17.71
London,England,51.5074,-0.1278,2026-06-05 16:00:00+00:00,3.0,1.16,2.36,1.59,103.31
Madrid,Spain,40.4168,-3.7038,2026-06-05 16:00:00+00:00,3.0,0.99,1.9,0.25,103.66
Paris,France,48.8566,2.3522,2026-06-05 16:00:00+00:00,2.0,0.68,1.28,0.68,91.82
Antananarivo,Madagascar,-18.8792,47.5079,2026-06-05 17:00:00+00:00,1.0,8.38,12.71,1.82,33.12
Buenos Aires,Argentina,-34.6037,-58.3816,2026-06-05 17:00:00+00:00,2.0,14.75,19.9,10.93,20.2
London,England,51.5074,-0.1278,2026-06-05 17:00:00+00:00,3.0,1.23,2.45,2.27,101.43
Madrid,Spain,40.4168,-3.7038,2026-06-05 17:00:00+00:00,3.0,0.99,1.87,0.26,106.58
Paris,France,48.8566,2.3522,2026-06-05 17:00:00+00:00,2.0,0.66,1.23,0.94,89.0
Antananarivo,Madagascar,-18.8792,47.5079,2026-06-05 18:00:00+00:00,1.0,9.98,15.1,2.13,29.77
Buenos Aires,Argentina,-34.6037,-58.3816,2026-06-05 18:00:00+00:00,2.0,15.71,21.01,12.06,22.18
London,England,51.5074,-0.1278,2026-06-05 18:00:00+00:00,2.0,1.3,2.57,3.35,98.76
Madrid,Spain,40.4168,-3.7038,2026-06-05 18:00:00+00:00,3.0,1.0,1.87,0.29,108.0
Paris,France,48.8566,2.3522,2026-06-05 18:00:00+00:00,2.0,0.65,1.19,1.14,86.4
Antananarivo,Madagascar,-18.8792,47.5079,2026-06-05 19:00:00+00:00,2.0,10.5,15.69,2.18,27.86
Buenos Aires,Argentina,-34.6037,-58.3816,2026-06-05 19:00:00+00:00,2.0,16.57,21.83,12.02,21.57
London,England,51.5074,-0.1278,2026-06-05 19:00:00+00:00,2.0,1.49,2.89,5.6,95.15
Madrid,Spain,40.4168,-3.7038,2026-06-05 19:00:00+00:00,3.0,1.03,1.93,0.36,106.24
Paris,France,48.8566,2.3522,2026-06-05 19:00:00+00:00,2.0,0.71,1.3,1.98,74.08
Antananarivo,Madagascar,-18.8792,47.5079,2026-06-05 20:00:00+00:00,2.0,10.4,15.4,2.11,25.84
Buenos Aires,Argentina,-34.6037,-58.3816,2026-06-05 20:00:00+00:00,2.0,17.1,22.25,12.12,17.27
London,England,51.5074,-0.1278,2026-06-05 20:00:00+00:00,2.0,1.86,3.5,8.72,90.76
Madrid,Spain,40.4168,-3.7038,2026-06-05 20:00:00+00:00,3.0,1.09,2.05,0.45,102.49
Paris,France,48.8566,2.3522,2026-06-05 20:00:00+00:00,1.0,0.83,1.53,3.07,57.42
Antananarivo,Madagascar,-18.8792,47.5079,2026-06-05 21:00:00+00:00,1.0,9.69,14.12,1.92,24.25
Buenos Aires,Argentina,-34.6037,-58.3816,2026-06-05 21:00:00+00:00,2.0,17.48,22.62,14.66,11.78
London,England,51.5074,-0.1278,2026-06-05 21:00:00+00:00,2.0,2.05,3.77,10.02,87.16
Madrid,Spain,40.4168,-3.7038,2026-06-05 21:00:00+00:00,2.0,1.13,2.15,0.48,99.17
Paris,France,48.8566,2.3522,2026-06-05 21:00:00+00:00,1.0,0.94,1.71,3.88,44.85
Antananarivo,Madagascar,-18.8792,47.5079,2026-06-05 22:00:00+00:00,1.0,8.95,12.74,1.71,22.65
Buenos Aires,Argentina,-34.6037,-58.3816,2026-06-05 22:00:00+00:00,2.0,17.36,22.46,15.58,8.82
London,England,51.5074,-0.1278,2026-06-05 22:00:00+00:00,2.0,1.8,3.11,8.77,85.68
Madrid,Spain,40.4168,-3.7038,2026-06-05 22:00:00+00:00,2.0,1.15,2.2,0.53,94.69
Paris,France,48.8566,2.3522,2026-06-05 22:00:00+00:00,1.0,0.98,1.73,4.17,35.42
Antananarivo,Madagascar,-18.8792,47.5079,2026-06-05 23:00:00+00:00,1.0,8.44,11.79,1.56,20.83
Buenos Aires,Argentina,-34.6037,-58.3816,2026-06-05 23:00:00+00:00,2.0,17.01,22.0,15.18,6.85
London,England,51.5074,-0.1278,2026-06-05 23:00:00+00:00,2.0,1.36,2.22,6.69,84.8
Madrid,Spain,40.4168,-3.7038,2026-06-05 23:00:00+00:00,2.0,1.2,2.34,0.57,90.78
Paris,France,48.8566,2.3522,2026-06-05 23:00:00+00:00,1.0,0.98,1.66,3.83,29.99
Antananarivo,Madagascar,-18.8792,47.5079,2026-06-06 00:00:00+00:00,1.0,7.85,10.65,1.41,19.45
Buenos Aires,Argentina,-34.6037,-58.3816,2026-06-06 00:00:00+00:00,2.0,16.66,21.03,14.55,5.15
London,England,51.5074,-0.1278,2026-06-06 00:00:00+00:00,2.0,1.01,1.65,5.17,84.16
Madrid,Spain,40.4168,-3.7038,2026-06-06 00:00:00+00:00,2.0,1.28,2.54,0.59,87.34
Paris,France,48.8566,2.3522,2026-06-06 00:00:00+00:00,1.0,0.97,1.57,3.35,28.71
Antananarivo,Madagascar,-18.8792,47.5079,2026-06-06 01:00:00+00:00,1.0,6.83,8.82,1.29,17.99
Buenos Aires,Argentina,-34.6037,-58.3816,2026-06-06 01:00:00+00:00,2.0,16.78,20.42,13.71,3.85
London,England,51.5074,-0.1278,2026-06-06 01:00:00+00:00,2.0,0.67,1.08,3.38,85.43
Madrid,Spain,40.4168,-3.7038,2026-06-06 01:00:00+00:00,2.0,1.36,2.74,0.63,81.51
Paris,France,48.8566,2.3522,2026-06-06 01:00:00+00:00,1.0,0.89,1.44,2.5,38.62
Antananarivo,Madagascar,-18.8792,47.5079,2026-06-06 02:00:00+00:00,1.0,5.78,7.32,1.22,16.69
Buenos Aires,Argentina,-34.6037,-58.3816,2026-06-06 02:00:00+00:00,2.0,17.24,20.66,13.04,2.98
London,England,51.5074,-0.1278,2026-06-06 02:00:00+00:00,2.0,0.57,0.84,2.93,84.51
Madrid,Spain,40.4168,-3.7038,2026-06-06 02:00:00+00:00,2.0,1.45,2.98,0.72,75.46
Paris,France,48.8566,2.3522,2026-06-06 02:00:00+00:00,1.0,0.85,1.42,2.14,39.59
Antananarivo,Madagascar,-18.8792,47.5079,2026-06-06 03:00:00+00:00,1.0,5.01,6.41,1.17,16.19
Buenos Aires,Argentina,-34.6037,-58.3816,2026-06-06 03:00:00+00:00,2.0,17.5,21.05,12.62,2.33
London,England,51.5074,-0.1278,2026-06-06 03:00:00+00:00,2.0,0.51,0.79,2.64,83.27
Madrid,Spain,40.4168,-3.7038,2026-06-06 03:00:00+00:00,2.0,1.54,3.23,0.81,70.58
Paris,France,48.8566,2.3522,2026-06-06 03:00:00+00:00,1.0,0.81,1.4,1.91,40.22
Antananarivo,Madagascar,-18.8792,47.5079,2026-06-06 04:00:00+00:00,1.0,4.44,6.1,1.15,16.66
Buenos Aires,Argentina,-34.6037,-58.3816,2026-06-06 04:00:00+00:00,2.0,17.79,21.81,12.85,1.83
London,England,51.5074,-0.1278,2026-06-06 04:00:00+00:00,2.0,0.5,0.84,2.35,83.23
Madrid,Spain,40.4168,-3.7038,2026-06-06 04:00:00+00:00,2.0,1.6,3.45,0.9,66.47
Paris,France,48.8566,2.3522,2026-06-06 04:00:00+00:00,1.0,0.7,1.32,1.24,57.26
Antananarivo,Madagascar,-18.8792,47.5079,2026-06-06 05:00:00+00:00,1.0,4.27,6.4,1.06,17.28
Buenos Aires,Argentina,-34.6037,-58.3816,2026-06-06 05:00:00+00:00,2.0,18.08,22.36,13.07,1.5
London,England,51.5074,-0.1278,2026-06-06 05:00:00+00:00,2.0,0.56,0.99,2.33,82.63
Madrid,Spain,40.4168,-3.7038,2026-06-06 05:00:00+00:00,2.0,1.67,3.7,1.09,64.24
Paris,France,48.8566,2.3522,2026-06-06 05:00:00+00:00,2.0,0.68,1.33,1.28,60.3
Antananarivo,Madagascar,-18.8792,47.5079,2026-06-06 06:00:00+00:00,1.0,4.41,6.83,0.86,19.73
Buenos Aires,Argentina,-34.6037,-58.3816,2026-06-06 06:00:00+00:00,2.0,18.26,22.64,13.29,1.31
London,England,51.5074,-0.1278,2026-06-06 06:00:00+00:00,2.0,0.68,1.18,2.37,82.59
Madrid,Spain,40.4168,-3.7038,2026-06-06 06:00:00+00:00,2.0,1.74,3.96,1.39,62.99
Paris,France,48.8566,2.3522,2026-06-06 06:00:00+00:00,1.0,0.72,1.4,1.55,59.52
Antananarivo,Madagascar,-18.8792,47.5079,2026-06-06 07:00:00+00:00,1.0,2.85,4.7,0.4,31.87
Buenos Aires,Argentina,-34.6037,-58.3816,2026-06-06 07:00:00+00:00,2.0,18.17,22.66,13.51,1.29
London,England,51.5074,-0.1278,2026-06-06 07:00:00+00:00,2.0,0.83,1.44,2.49,83.26
Madrid,Spain,40.4168,-3.7038,2026-06-06 07:00:00+00:00,2.0,1.76,4.11,1.5,60.95
Paris,France,48.8566,2.3522,2026-06-06 07:00:00+00:00,2.0,0.78,1.51,1.62,60.13
Antananarivo,Madagascar,-18.8792,47.5079,2026-06-06 08:00:00+00:00,1.0,2.74,4.44,0.25,35.27
Buenos Aires,Argentina,-34.6037,-58.3816,2026-06-06 08:00:00+00:00,2.0,17.97,22.71,13.15,1.34
London,England,51.5074,-0.1278,2026-06-06 08:00:00+00:00,2.0,1.15,1.93,2.57,84.65
Madrid,Spain,40.4168,-3.7038,2026-06-06 08:00:00+00:00,1.0,1.77,4.21,1.38,59.45
Paris,France,48.8566,2.3522,2026-06-06 08:00:00+00:00,2.0,0.81,1.55,1.46,61.5
Antananarivo,Madagascar,-18.8792,47.5079,2026-06-06 09:00:00+00:00,1.0,2.66,4.22,0.16,37.23
Buenos Aires,Argentina,-34.6037,-58.3816,2026-06-06 09:00:00+00:00,2.0,17.63,22.69,12.38,1.43
London,England,51.5074,-0.1278,2026-06-06 09:00:00+00:00,2.0,1.98,3.29,2.47,86.11
Madrid,Spain,40.4168,-3.7038,2026-06-06 09:00:00+00:00,2.0,1.79,4.36,1.14,62.35
Paris,France,48.8566,2.3522,2026-06-06 09:00:00+00:00,2.0,0.83,1.56,1.18,65.63
Antananarivo,Madagascar,-18.8792,47.5079,2026-06-06 10:00:00+00:00,1.0,2.47,3.77,0.12,42.41
Buenos Aires,Argentina,-34.6037,-58.3816,2026-06-06 10:00:00+00:00,2.0,17.07,22.43,11.56,1.66
London,England,51.5074,-0.1278,2026-06-06 10:00:00+00:00,2.0,2.83,4.81,2.21,89.17
Madrid,Spain,40.4168,-3.7038,2026-06-06 10:00:00+00:00,2.0,1.61,4.1,0.44,86.59
Paris,France,48.8566,2.3522,2026-06-06 10:00:00+00:00,2.0,0.88,1.39,0.73,77.0
Antananarivo,Madagascar,-18.8792,47.5079,2026-06-06 11:00:00+00:00,1.0,2.53,3.72,0.12,45.8
Buenos Aires,Argentina,-34.6037,-58.3816,2026-06-06 11:00:00+00:00,2.0,16.54,21.99,10.88,2.16
London,England,51.5074,-0.1278,2026-06-06 11:00:00+00:00,2.0,2.78,4.61,1.96,91.18
Madrid,Spain,40.4168,-3.7038,2026-06-06 11:00:00+00:00,2.0,1.46,3.86,0.27,86.48
Paris,France,48.8566,2.3522,2026-06-06 11:00:00+00:00,2.0,0.98,1.27,0.53,79.16
Antananarivo,Madagascar,-18.8792,47.5079,2026-06-06 12:00:00+00:00,1.0,2.59,3.75,0.14,47.13
Buenos Aires,Argentina,-34.6037,-58.3816,2026-06-06 12:00:00+00:00,2.0,16.06,21.33,10.19,3.04
London,England,51.5074,-0.1278,2026-06-06 12:00:00+00:00,2.0,2.63,4.15,1.88,90.35
Madrid,Spain,40.4168,-3.7038,2026-06-06 12:00:00+00:00,2.0,1.45,3.91,0.22,84.67
Paris,France,48.8566,2.3522,2026-06-06 12:00:00+00:00,2.0,1.34,1.58,0.44,78.86
Antananarivo,Madagascar,-18.8792,47.5079,2026-06-06 13:00:00+00:00,1.0,2.99,4.34,0.3,44.2
Buenos Aires,Argentina,-34.6037,-58.3816,2026-06-06 13:00:00+00:00,2.0,15.23,20.04,8.89,5.02
London,England,51.5074,-0.1278,2026-06-06 13:00:00+00:00,2.0,2.83,4.59,1.8,89.53
Madrid,Spain,40.4168,-3.7038,2026-06-06 13:00:00+00:00,2.0,1.21,3.46,0.17,77.66
Paris,France,48.8566,2.3522,2026-06-06 13:00:00+00:00,2.0,1.93,2.43,0.37,81.15
Antananarivo,Madagascar,-18.8792,47.5079,2026-06-06 14:00:00+00:00,1.0,3.68,5.39,0.63,38.84
Buenos Aires,Argentina,-34.6037,-58.3816,2026-06-06 14:00:00+00:00,2.0,14.21,18.53,6.91,7.58
London,England,51.5074,-0.1278,2026-06-06 14:00:00+00:00,2.0,3.06,5.83,1.71,90.36
Madrid,Spain,40.4168,-3.7038,2026-06-06 14:00:00+00:00,2.0,0.98,2.9,0.13,72.45
Paris,France,48.8566,2.3522,2026-06-06 14:00:00+00:00,2.0,2.06,3.14,0.33,86.78
Antananarivo,Madagascar,-18.8792,47.5079,2026-06-06 15:00:00+00:00,1.0,4.4,6.49,1.01,34.31
Buenos Aires,Argentina,-34.6037,-58.3816,2026-06-06 15:00:00+00:00,2.0,13.14,16.97,5.27,11.31
London,England,51.5074,-0.1278,2026-06-06 15:00:00+00:00,2.0,3.27,7.66,1.65,91.2
Madrid,Spain,40.4168,-3.7038,2026-06-06 15:00:00+00:00,2.0,0.9,2.7,0.13,71.1
Paris,France,48.8566,2.3522,2026-06-06 15:00:00+00:00,2.0,1.86,3.59,0.36,91.4
Antananarivo,Madagascar,-18.8792,47.5079,2026-06-06 16:00:00+00:00,1.0,5.11,7.52,1.26,30.36
Buenos Aires,Argentina,-34.6037,-58.3816,2026-06-06 16:00:00+00:00,2.0,12.46,15.72,4.37,19.03
London,England,51.5074,-0.1278,2026-06-06 16:00:00+00:00,2.0,3.34,10.94,1.56,91.02
Madrid,Spain,40.4168,-3.7038,2026-06-06 16:00:00+00:00,2.0,0.86,2.67,0.14,70.69
Paris,France,48.8566,2.3522,2026-06-06 16:00:00+00:00,2.0,1.64,3.84,0.39,93.73
Antananarivo,Madagascar,-18.8792,47.5079,2026-06-06 17:00:00+00:00,1.0,5.7,8.35,1.4,27.83
Buenos Aires,Argentina,-34.6037,-58.3816,2026-06-06 17:00:00+00:00,2.0,11.45,14.38,3.29,21.86
London,England,51.5074,-0.1278,2026-06-06 17:00:00+00:00,2.0,3.22,13.33,1.64,89.45
Madrid,Spain,40.4168,-3.7038,2026-06-06 17:00:00+00:00,2.0,0.84,2.68,0.16,69.51
Paris,France,48.8566,2.3522,2026-06-06 17:00:00+00:00,2.0,1.59,4.12,0.44,92.94
Antananarivo,Madagascar,-18.8792,47.5079,2026-06-06 18:00:00+00:00,1.0,5.9,8.53,1.42,26.38
Buenos Aires,Argentina,-34.6037,-58.3816,2026-06-06 18:00:00+00:00,2.0,10.16,12.75,2.53,24.19
London,England,51.5074,-0.1278,2026-06-06 18:00:00+00:00,2.0,2.85,12.35,1.76,87.09
Madrid,Spain,40.4168,-3.7038,2026-06-06 18:00:00+00:00,2.0,0.82,2.72,0.18,68.37
Paris,France,48.8566,2.3522,2026-06-06 18:00:00+00:00,2.0,1.68,4.58,0.49,90.98
Antananarivo,Madagascar,-18.8792,47.5079,2026-06-06 19:00:00+00:00,1.0,4.72,6.85,1.21,26.78
Buenos Aires,Argentina,-34.6037,-58.3816,2026-06-06 19:00:00+00:00,1.0,8.99,11.24,2.01,27.41
London,England,51.5074,-0.1278,2026-06-06 19:00:00+00:00,2.0,2.56,11.35,1.88,84.74
Madrid,Spain,40.4168,-3.7038,2026-06-06 19:00:00+00:00,2.0,0.82,2.74,0.31,64.4
Paris,France,48.8566,2.3522,2026-06-06 19:00:00+00:00,2.0,1.79,5.15,0.6,87.46
Antananarivo,Madagascar,-18.8792,47.5079,2026-06-06 20:00:00+00:00,1.0,4.13,6.07,1.18,25.14
Buenos Aires,Argentina,-34.6037,-58.3816,2026-06-06 20:00:00+00:00,1.0,8.22,10.27,1.89,27.54
London,England,51.5074,-0.1278,2026-06-06 20:00:00+00:00,2.0,2.39,10.75,2.1,83.34
Madrid,Spain,40.4168,-3.7038,2026-06-06 20:00:00+00:00,1.0,0.83,2.76,0.53,58.34
Paris,France,48.8566,2.3522,2026-06-06 20:00:00+00:00,2.0,1.9,5.75,0.74,83.73
Antananarivo,Madagascar,-18.8792,47.5079,2026-06-06 21:00:00+00:00,1.0,3.53,5.16,1.11,23.39
Buenos Aires,Argentina,-34.6037,-58.3816,2026-06-06 21:00:00+00:00,1.0,7.5,9.43,1.86,26.92
London,England,51.5074,-0.1278,2026-06-06 21:00:00+00:00,2.0,2.33,10.46,2.28,83.21
Madrid,Spain,40.4168,-3.7038,2026-06-06 21:00:00+00:00,1.0,0.84,2.77,0.69,53.48
Paris,France,48.8566,2.3522,2026-06-06 21:00:00+00:00,2.0,1.97,6.33,0.83,80.89
Antananarivo,Madagascar,-18.8792,47.5079,2026-06-06 22:00:00+00:00,1.0,3.08,4.28,1.04,21.61
Buenos Aires,Argentina,-34.6037,-58.3816,2026-06-06 22:00:00+00:00,1.0,6.74,8.57,1.77,26.32
London,England,51.5074,-0.1278,2026-06-06 22:00:00+00:00,2.0,2.33,10.35,2.43,84.17
Madrid,Spain,40.4168,-3.7038,2026-06-06 22:00:00+00:00,1.0,0.83,2.7,0.8,48.59
Paris,France,48.8566,2.3522,2026-06-06 22:00:00+00:00,2.0,1.97,6.58,0.86,76.95
Antananarivo,Madagascar,-18.8792,47.5079,2026-06-06 23:00:00+00:00,1.0,2.78,3.73,0.98,20.06
Buenos Aires,Argentina,-34.6037,-58.3816,2026-06-06 23:00:00+00:00,1.0,6.06,7.87,1.63,25.47
London,England,51.5074,-0.1278,2026-06-06 23:00:00+00:00,2.0,2.32,10.12,2.54,86.07
Madrid,Spain,40.4168,-3.7038,2026-06-06 23:00:00+00:00,1.0,0.84,2.65,0.87,44.54
Paris,France,48.8566,2.3522,2026-06-06 23:00:00+00:00,2.0,1.97,6.66,0.87,74.1
Antananarivo,Madagascar,-18.8792,47.5079,2026-06-07 00:00:00+00:00,1.0,2.5,3.28,0.92,18.98
Buenos Aires,Argentina,-34.6037,-58.3816,2026-06-07 00:00:00+00:00,1.0,5.44,7.32,1.51,24.63
London,England,51.5074,-0.1278,2026-06-07 00:00:00+00:00,2.0,2.27,9.76,2.62,86.46
Madrid,Spain,40.4168,-3.7038,2026-06-07 00:00:00+00:00,1.0,0.85,2.62,0.9,41.26
Paris,France,48.8566,2.3522,2026-06-07 00:00:00+00:00,2.0,1.98,6.63,0.85,71.55
Antananarivo,Madagascar,-18.8792,47.5079,2026-06-07 01:00:00+00:00,1.0,2.26,2.94,0.87,18.31
Buenos Aires,Argentina,-34.6037,-58.3816,2026-06-07 01:00:00+00:00,1.0,4.84,6.86,1.41,23.74
London,England,51.5074,-0.1278,2026-06-07 01:00:00+00:00,2.0,2.16,9.17,2.71,84.71
Madrid,Spain,40.4168,-3.7038,2026-06-07 01:00:00+00:00,1.0,0.85,2.61,0.91,38.63
Paris,France,48.8566,2.3522,2026-06-07 01:00:00+00:00,2.0,1.97,6.5,0.83,68.05
Antananarivo,Madagascar,-18.8792,47.5079,2026-06-07 02:00:00+00:00,1.0,2.08,2.72,0.83,18.14
Buenos Aires,Argentina,-34.6037,-58.3816,2026-06-07 02:00:00+00:00,1.0,4.32,6.58,1.35,23.39
London,England,51.5074,-0.1278,2026-06-07 02:00:00+00:00,2.0,2.08,8.7,2.87,81.76
Madrid,Spain,40.4168,-3.7038,2026-06-07 02:00:00+00:00,1.0,0.87,2.64,0.95,37.37
Paris,France,48.8566,2.3522,2026-06-07 02:00:00+00:00,2.0,2.0,6.44,0.83,64.89
Antananarivo,Madagascar,-18.8792,47.5079,2026-06-07 03:00:00+00:00,1.0,2.01,2.65,0.81,18.45
Buenos Aires,Argentina,-34.6037,-58.3816,2026-06-07 03:00:00+00:00,1.0,3.84,6.33,1.26,23.72
London,England,51.5074,-0.1278,2026-06-07 03:00:00+00:00,2.0,2.04,8.26,3.05,79.36
Madrid,Spain,40.4168,-3.7038,2026-06-07 03:00:00+00:00,1.0,0.89,2.68,1.06,36.68
Paris,France,48.8566,2.3522,2026-06-07 03:00:00+00:00,2.0,2.05,6.41,0.87,61.55
Antananarivo,Madagascar,-18.8792,47.5079,2026-06-07 04:00:00+00:00,1.0,2.15,3.07,0.85,19.52
Buenos Aires,Argentina,-34.6037,-58.3816,2026-06-07 04:00:00+00:00,1.0,3.43,5.92,1.15,24.64
London,England,51.5074,-0.1278,2026-06-07 04:00:00+00:00,2.0,2.0,7.62,3.43,77.5
Madrid,Spain,40.4168,-3.7038,2026-06-07 04:00:00+00:00,1.0,0.92,2.7,1.23,35.78
Paris,France,48.8566,2.3522,2026-06-07 04:00:00+00:00,1.0,2.08,6.37,0.93,57.79
Antananarivo,Madagascar,-18.8792,47.5079,2026-06-07 05:00:00+00:00,1.0,2.46,3.86,0.75,20.75
Buenos Aires,Argentina,-34.6037,-58.3816,2026-06-07 05:00:00+00:00,1.0,3.12,5.36,1.03,25.49
London,England,51.5074,-0.1278,2026-06-07 05:00:00+00:00,2.0,2.05,7.26,4.11,76.34
Madrid,Spain,40.4168,-3.7038,2026-06-07 05:00:00+00:00,1.0,0.97,2.77,1.54,33.71
Paris,France,48.8566,2.3522,2026-06-07 05:00:00+00:00,1.0,2.13,6.48,1.18,55.02
Antananarivo,Madagascar,-18.8792,47.5079,2026-06-07 06:00:00+00:00,1.0,2.92,4.6,0.62,23.68
Buenos Aires,Argentina,-34.6037,-58.3816,2026-06-07 06:00:00+00:00,1.0,2.87,4.91,0.91,26.48
London,England,51.5074,-0.1278,2026-06-07 06:00:00+00:00,2.0,2.24,7.25,4.62,75.98
Madrid,Spain,40.4168,-3.7038,2026-06-07 06:00:00+00:00,1.0,1.05,2.89,1.98,30.96
Paris,France,48.8566,2.3522,2026-06-07 06:00:00+00:00,1.0,2.17,6.71,1.38,54.59
Antananarivo,Madagascar,-18.8792,47.5079,2026-06-07 07:00:00+00:00,1.0,1.11,2.02,0.21,36.05
Buenos Aires,Argentina,-34.6037,-58.3816,2026-06-07 07:00:00+00:00,1.0,2.64,4.57,0.79,27.6
London,England,51.5074,-0.1278,2026-06-07 07:00:00+00:00,2.0,2.54,7.57,4.79,76.08
Madrid,Spain,40.4168,-3.7038,2026-06-07 07:00:00+00:00,1.0,1.16,3.08,1.87,29.42
Paris,France,48.8566,2.3522,2026-06-07 07:00:00+00:00,2.0,2.04,6.82,1.03,66.23
Antananarivo,Madagascar,-18.8792,47.5079,2026-06-07 08:00:00+00:00,1.0,0.9,1.6,0.13,41.12
Buenos Aires,Argentina,-34.6037,-58.3816,2026-06-07 08:00:00+00:00,1.0,2.44,4.35,0.68,29.04
London,England,51.5074,-0.1278,2026-06-07 08:00:00+00:00,2.0,2.84,8.01,4.74,76.49
Madrid,Spain,40.4168,-3.7038,2026-06-07 08:00:00+00:00,1.0,1.29,3.34,1.61,31.19
Paris,France,48.8566,2.3522,2026-06-07 08:00:00+00:00,2.0,1.94,6.57,0.87,69.98
Antananarivo,Madagascar,-18.8792,47.5079,2026-06-07 09:00:00+00:00,1.0,0.81,1.37,0.11,42.46
Buenos Aires,Argentina,-34.6037,-58.3816,2026-06-07 09:00:00+00:00,1.0,2.28,4.21,0.59,30.86
London,England,51.5074,-0.1278,2026-06-07 09:00:00+00:00,2.0,3.03,8.28,4.49,77.7
Madrid,Spain,40.4168,-3.7038,2026-06-07 09:00:00+00:00,1.0,1.45,3.69,1.38,38.63
Paris,France,48.8566,2.3522,2026-06-07 09:00:00+00:00,2.0,1.94,6.54,0.76,71.49
Antananarivo,Madagascar,-18.8792,47.5079,2026-06-07 10:00:00+00:00,1.0,0.76,1.25,0.12,43.91
Buenos Aires,Argentina,-34.6037,-58.3816,2026-06-07 10:00:00+00:00,1.0,2.12,4.11,0.53,33.33
London,England,51.5074,-0.1278,2026-06-07 10:00:00+00:00,2.0,3.14,8.44,4.04,79.61
Madrid,Spain,40.4168,-3.7038,2026-06-07 10:00:00+00:00,2.0,1.62,4.58,0.39,77.25
Paris,France,48.8566,2.3522,2026-06-07 10:00:00+00:00,2.0,1.88,6.52,0.5,78.79
Antananarivo,Madagascar,-18.8792,47.5079,2026-06-07 11:00:00+00:00,1.0,0.81,1.32,0.14,44.4
Buenos Aires,Argentina,-34.6037,-58.3816,2026-06-07 11:00:00+00:00,1.0,1.97,4.09,0.53,35.75
London,England,51.5074,-0.1278,2026-06-07 11:00:00+00:00,2.0,3.25,8.65,3.54,82.31
Madrid,Spain,40.4168,-3.7038,2026-06-07 11:00:00+00:00,2.0,1.79,4.84,0.24,84.79
Paris,France,48.8566,2.3522,2026-06-07 11:00:00+00:00,2.0,1.71,5.8,0.37,81.2
Antananarivo,Madagascar,-18.8792,47.5079,2026-06-07 12:00:00+00:00,1.0,0.86,1.39,0.17,43.48
Buenos Aires,Argentina,-34.6037,-58.3816,2026-06-07 12:00:00+00:00,1.0,1.85,4.14,0.55,37.85
London,England,51.5074,-0.1278,2026-06-07 12:00:00+00:00,2.0,3.39,9.01,3.15,85.48
Madrid,Spain,40.4168,-3.7038,2026-06-07 12:00:00+00:00,2.0,1.95,5.2,0.21,86.48
Paris,France,48.8566,2.3522,2026-06-07 12:00:00+00:00,2.0,1.61,5.3,0.32,81.48
Antananarivo,Madagascar,-18.8792,47.5079,2026-06-07 13:00:00+00:00,1.0,1.14,1.86,0.32,39.49
Buenos Aires,Argentina,-34.6037,-58.3816,2026-06-07 13:00:00+00:00,1.0,1.75,4.34,0.55,39.41
London,England,51.5074,-0.1278,2026-06-07 13:00:00+00:00,2.0,3.59,9.48,3.21,88.0
Madrid,Spain,40.4168,-3.7038,2026-06-07 13:00:00+00:00,2.0,2.07,5.51,0.2,88.0
Paris,France,48.8566,2.3522,2026-06-07 13:00:00+00:00,2.0,1.57,4.96,0.3,82.11
Antananarivo,Madagascar,-18.8792,47.5079,2026-06-07 14:00:00+00:00,1.0,1.71,2.77,0.62,34.29
Buenos Aires,Argentina,-34.6037,-58.3816,2026-06-07 14:00:00+00:00,1.0,1.65,4.53,0.53,40.84
London,England,51.5074,-0.1278,2026-06-07 14:00:00+00:00,2.0,3.74,9.71,3.78,89.3
Madrid,Spain,40.4168,-3.7038,2026-06-07 14:00:00+00:00,2.0,2.08,5.52,0.18,88.28
Paris,France,48.8566,2.3522,2026-06-07 14:00:00+00:00,2.0,1.56,4.76,0.3,81.68
Antananarivo,Madagascar,-18.8792,47.5079,2026-06-07 15:00:00+00:00,1.0,2.37,3.8,0.96,30.26
Buenos Aires,Argentina,-34.6037,-58.3816,2026-06-07 15:00:00+00:00,1.0,1.56,4.56,0.49,42.29
London,England,51.5074,-0.1278,2026-06-07 15:00:00+00:00,2.0,3.78,9.61,4.48,90.21
Madrid,Spain,40.4168,-3.7038,2026-06-07 15:00:00+00:00,2.0,2.09,5.49,0.19,88.06
Paris,France,48.8566,2.3522,2026-06-07 15:00:00+00:00,2.0,1.56,4.65,0.35,81.1
Antananarivo,Madagascar,-18.8792,47.5079,2026-06-07 16:00:00+00:00,1.0,3.12,4.95,1.21,26.78
Buenos Aires,Argentina,-34.6037,-58.3816,2026-06-07 16:00:00+00:00,1.0,1.41,4.25,0.45,44.56
London,England,51.5074,-0.1278,2026-06-07 16:00:00+00:00,2.0,3.85,9.56,5.61,90.24
Madrid,Spain,40.4168,-3.7038,2026-06-07 16:00:00+00:00,2.0,2.11,5.51,0.19,88.21
Paris,France,48.8566,2.3522,2026-06-07 16:00:00+00:00,2.0,1.65,4.71,0.8,74.28
Antananarivo,Madagascar,-18.8792,47.5079,2026-06-07 17:00:00+00:00,1.0,4.01,6.28,1.44,24.12
Buenos Aires,Argentina,-34.6037,-58.3816,2026-06-07 17:00:00+00:00,1.0,1.28,3.91,0.44,45.24
London,England,51.5074,-0.1278,2026-06-07 17:00:00+00:00,2.0,4.08,9.86,8.22,87.72
Madrid,Spain,40.4168,-3.7038,2026-06-07 17:00:00+00:00,2.0,2.11,5.53,0.2,87.0
Paris,France,48.8566,2.3522,2026-06-07 17:00:00+00:00,2.0,1.76,4.87,1.4,65.0
Antananarivo,Madagascar,-18.8792,47.5079,2026-06-07 18:00:00+00:00,1.0,4.85,7.47,1.62,22.05
Buenos Aires,Argentina,-34.6037,-58.3816,2026-06-07 18:00:00+00:00,1.0,1.2,3.71,0.46,45.02
London,England,51.5074,-0.1278,2026-06-07 18:00:00+00:00,2.0,4.36,10.23,11.42,83.78
Madrid,Spain,40.4168,-3.7038,2026-06-07 18:00:00+00:00,2.0,2.1,5.52,0.22,85.83
Paris,France,48.8566,2.3522,2026-06-07 18:00:00+00:00,1.0,1.84,5.0,1.86,59.27
Antananarivo,Madagascar,-18.8792,47.5079,2026-06-07 19:00:00+00:00,1.0,5.44,8.19,1.74,20.51
Buenos Aires,Argentina,-34.6037,-58.3816,2026-06-07 19:00:00+00:00,1.0,1.11,3.49,0.48,45.44
London,England,51.5074,-0.1278,2026-06-07 19:00:00+00:00,2.0,4.66,10.54,14.72,79.23
Madrid,Spain,40.4168,-3.7038,2026-06-07 19:00:00+00:00,2.0,2.08,5.42,0.3,82.75
Paris,France,48.8566,2.3522,2026-06-07 19:00:00+00:00,1.0,1.92,5.14,2.47,54.5
Antananarivo,Madagascar,-18.8792,47.5079,2026-06-07 20:00:00+00:00,1.0,5.58,8.23,1.76,19.51
Buenos Aires,Argentina,-34.6037,-58.3816,2026-06-07 20:00:00+00:00,1.0,1.03,3.22,0.51,46.21
London,England,51.5074,-0.1278,2026-06-07 20:00:00+00:00,2.0,4.96,10.57,17.49,73.74
Madrid,Spain,40.4168,-3.7038,2026-06-07 20:00:00+00:00,2.0,2.03,5.2,0.44,78.17
Paris,France,48.8566,2.3522,2026-06-07 20:00:00+00:00,1.0,2.0,5.27,3.04,48.21
Antananarivo,Madagascar,-18.8792,47.5079,2026-06-07 21:00:00+00:00,1.0,5.23,7.42,1.67,18.82
Buenos Aires,Argentina,-34.6037,-58.3816,2026-06-07 21:00:00+00:00,1.0,0.96,3.03,0.54,47.15
London,England,51.5074,-0.1278,2026-06-07 21:00:00+00:00,2.0,5.27,10.5,19.99,67.86
Madrid,Spain,40.4168,-3.7038,2026-06-07 21:00:00+00:00,2.0,1.93,4.85,0.53,74.3
Paris,France,48.8566,2.3522,2026-06-07 21:00:00+00:00,1.0,2.08,5.37,3.36,43.5
Antananarivo,Madagascar,-18.8792,47.5079,2026-06-07 22:00:00+00:00,1.0,4.93,6.62,1.59,18.14
Buenos Aires,Argentina,-34.6037,-58.3816,2026-06-07 22:00:00+00:00,1.0,0.91,2.9,0.54,47.99
London,England,51.5074,-0.1278,2026-06-07 22:00:00+00:00,2.0,5.58,10.25,22.27,61.97
Madrid,Spain,40.4168,-3.7038,2026-06-07 22:00:00+00:00,2.0,1.8,4.43,0.61,69.26
Paris,France,48.8566,2.3522,2026-06-07 22:00:00+00:00,1.0,2.12,5.34,3.47,39.14
Antananarivo,Madagascar,-18.8792,47.5079,2026-06-07 23:00:00+00:00,1.0,4.72,6.12,1.54,17.23
Buenos Aires,Argentina,-34.6037,-58.3816,2026-06-07 23:00:00+00:00,1.0,0.88,2.84,0.53,48.34
London,England,51.5074,-0.1278,2026-06-07 23:00:00+00:00,1.0,5.72,9.79,23.84,56.63
Madrid,Spain,40.4168,-3.7038,2026-06-07 23:00:00+00:00,2.0,1.72,4.2,0.69,65.19
Paris,France,48.8566,2.3522,2026-06-07 23:00:00+00:00,1.0,2.18,5.34,3.34,34.26
Antananarivo,Madagascar,-18.8792,47.5079,2026-06-08 00:00:00+00:00,1.0,4.36,5.58,1.45,16.59
Buenos Aires,Argentina,-34.6037,-58.3816,2026-06-08 00:00:00+00:00,1.0,0.86,2.83,0.53,48.15
London,England,51.5074,-0.1278,2026-06-08 00:00:00+00:00,1.0,5.58,9.05,24.44,52.56
Madrid,Spain,40.4168,-3.7038,2026-06-08 00:00:00+00:00,2.0,1.67,4.09,0.75,62.07
Paris,France,48.8566,2.3522,2026-06-08 00:00:00+00:00,1.0,2.26,5.34,3.1,28.77
Antananarivo,Madagascar,-18.8792,47.5079,2026-06-08 01:00:00+00:00,1.0,3.65,4.77,1.33,16.91
Buenos Aires,Argentina,-34.6037,-58.3816,2026-06-08 01:00:00+00:00,1.0,0.87,2.86,0.54,47.44
London,England,51.5074,-0.1278,2026-06-08 01:00:00+00:00,1.0,5.18,8.04,23.51,50.4
Madrid,Spain,40.4168,-3.7038,2026-06-08 01:00:00+00:00,1.0,1.66,4.09,0.78,59.44
Paris,France,48.8566,2.3522,2026-06-08 01:00:00+00:00,1.0,2.31,5.25,2.82,23.05
Antananarivo,Madagascar,-18.8792,47.5079,2026-06-08 02:00:00+00:00,1.0,3.37,4.44,1.29,16.47
Buenos Aires,Argentina,-34.6037,-58.3816,2026-06-08 02:00:00+00:00,1.0,0.91,2.99,0.57,46.55
London,England,51.5074,-0.1278,2026-06-08 02:00:00+00:00,1.0,4.62,6.93,21.54,49.5
Madrid,Spain,40.4168,-3.7038,2026-06-08 02:00:00+00:00,1.0,1.74,4.28,0.83,57.41
Paris,France,48.8566,2.3522,2026-06-08 02:00:00+00:00,1.0,2.35,5.15,2.59,18.4
Antananarivo,Madagascar,-18.8792,47.5079,2026-06-08 03:00:00+00:00,1.0,3.34,4.45,1.33,16.02
Buenos Aires,Argentina,-34.6037,-58.3816,2026-06-08 03:00:00+00:00,1.0,0.96,3.1,0.57,46.02
London,England,51.5074,-0.1278,2026-06-08 03:00:00+00:00,1.0,4.04,5.92,18.88,49.79
Madrid,Spain,40.4168,-3.7038,2026-06-08 03:00:00+00:00,1.0,1.87,4.58,0.88,55.59
Paris,France,48.8566,2.3522,2026-06-08 03:00:00+00:00,1.0,2.37,5.04,2.44,15.22
Antananarivo,Madagascar,-18.8792,47.5079,2026-06-08 04:00:00+00:00,1.0,3.85,5.45,1.5,15.8
Buenos Aires,Argentina,-34.6037,-58.3816,2026-06-08 04:00:00+00:00,1.0,0.97,3.02,0.55,45.58
London,England,51.5074,-0.1278,2026-06-08 04:00:00+00:00,1.0,3.51,5.17,15.99,51.83
Madrid,Spain,40.4168,-3.7038,2026-06-08 04:00:00+00:00,1.0,2.01,4.93,0.94,54.01
Paris,France,48.8566,2.3522,2026-06-08 04:00:00+00:00,1.0,2.38,4.92,2.47,13.4
Antananarivo,Madagascar,-18.8792,47.5079,2026-06-08 05:00:00+00:00,1.0,4.33,6.61,1.46,16.71
Buenos Aires,Argentina,-34.6037,-58.3816,2026-06-08 05:00:00+00:00,1.0,0.98,2.93,0.53,45.01
London,England,51.5074,-0.1278,2026-06-08 05:00:00+00:00,1.0,2.98,4.57,13.49,54.25
Madrid,Spain,40.4168,-3.7038,2026-06-08 05:00:00+00:00,1.0,2.2,5.37,1.08,53.32
Paris,France,48.8566,2.3522,2026-06-08 05:00:00+00:00,1.0,2.43,4.92,3.19,12.19
Antananarivo,Madagascar,-18.8792,47.5079,2026-06-08 06:00:00+00:00,1.0,3.91,6.18,1.07,21.58
Buenos Aires,Argentina,-34.6037,-58.3816,2026-06-08 06:00:00+00:00,1.0,1.01,2.96,0.5,44.12
London,England,51.5074,-0.1278,2026-06-08 06:00:00+00:00,1.0,2.48,3.99,11.14,57.78
Madrid,Spain,40.4168,-3.7038,2026-06-08 06:00:00+00:00,1.0,2.4,5.88,1.3,53.33
Paris,France,48.8566,2.3522,2026-06-08 06:00:00+00:00,1.0,2.51,5.0,4.24,11.78
Antananarivo,Madagascar,-18.8792,47.5079,2026-06-08 07:00:00+00:00,1.0,1.58,2.64,0.38,36.9
Buenos Aires,Argentina,-34.6037,-58.3816,2026-06-08 07:00:00+00:00,1.0,1.0,2.72,0.46,42.82
London,England,51.5074,-0.1278,2026-06-08 07:00:00+00:00,2.0,2.01,3.34,8.14,63.68
Madrid,Spain,40.4168,-3.7038,2026-06-08 07:00:00+00:00,1.0,2.56,6.32,1.17,53.96
Paris,France,48.8566,2.3522,2026-06-08 07:00:00+00:00,1.0,2.45,4.95,3.98,20.5
Antananarivo,Madagascar,-18.8792,47.5079,2026-06-08 08:00:00+00:00,1.0,1.4,2.29,0.23,41.13
Buenos Aires,Argentina,-34.6037,-58.3816,2026-06-08 08:00:00+00:00,1.0,0.97,2.38,0.43,41.59
London,England,51.5074,-0.1278,2026-06-08 08:00:00+00:00,2.0,1.69,2.87,6.25,68.18
Madrid,Spain,40.4168,-3.7038,2026-06-08 08:00:00+00:00,1.0,2.68,6.67,0.93,56.32
Paris,France,48.8566,2.3522,2026-06-08 08:00:00+00:00,1.0,2.39,4.64,3.51,25.75
Antananarivo,Madagascar,-18.8792,47.5079,2026-06-08 09:00:00+00:00,1.0,1.35,2.13,0.18,42.74
Buenos Aires,Argentina,-34.6037,-58.3816,2026-06-08 09:00:00+00:00,1.0,0.96,2.21,0.42,40.54
London,England,51.5074,-0.1278,2026-06-08 09:00:00+00:00,2.0,1.46,2.49,4.89,72.59
Madrid,Spain,40.4168,-3.7038,2026-06-08 09:00:00+00:00,2.0,2.8,7.05,0.69,62.24
Paris,France,48.8566,2.3522,2026-06-08 09:00:00+00:00,1.0,2.38,4.41,3.01,29.44
Antananarivo,Madagascar,-18.8792,47.5079,2026-06-08 10:00:00+00:00,1.0,1.29,1.93,0.15,44.7
Buenos Aires,Argentina,-34.6037,-58.3816,2026-06-08 10:00:00+00:00,1.0,0.96,2.12,0.45,39.25
London,England,51.5074,-0.1278,2026-06-08 10:00:00+00:00,2.0,1.27,1.98,3.8,76.85
Madrid,Spain,40.4168,-3.7038,2026-06-08 10:00:00+00:00,2.0,2.41,5.99,0.3,83.1
Paris,France,48.8566,2.3522,2026-06-08 10:00:00+00:00,1.0,2.42,4.7,2.19,45.44
Antananarivo,Madagascar,-18.8792,47.5079,2026-06-08 11:00:00+00:00,1.0,1.39,2.0,0.15,45.34
Buenos Aires,Argentina,-34.6037,-58.3816,2026-06-08 11:00:00+00:00,1.0,0.98,2.12,0.56,37.79
London,England,51.5074,-0.1278,2026-06-08 11:00:00+00:00,2.0,1.33,1.93,4.06,78.02
Madrid,Spain,40.4168,-3.7038,2026-06-08 11:00:00+00:00,2.0,2.22,5.31,0.22,87.07
Paris,France,48.8566,2.3522,2026-06-08 11:00:00+00:00,1.0,2.84,5.74,1.55,55.22
Antananarivo,Madagascar,-18.8792,47.5079,2026-06-08 12:00:00+00:00,1.0,1.58,2.22,0.16,45.25
Buenos Aires,Argentina,-34.6037,-58.3816,2026-06-08 12:00:00+00:00,1.0,0.99,2.11,0.67,36.32
London,England,51.5074,-0.1278,2026-06-08 12:00:00+00:00,2.0,1.51,2.18,4.5,78.71
Madrid,Spain,40.4168,-3.7038,2026-06-08 12:00:00+00:00,2.0,2.09,4.87,0.21,89.31
Paris,France,48.8566,2.3522,2026-06-08 12:00:00+00:00,2.0,3.56,7.14,1.15,63.27
Antananarivo,Madagascar,-18.8792,47.5079,2026-06-08 13:00:00+00:00,1.0,1.89,2.7,0.23,43.67
Buenos Aires,Argentina,-34.6037,-58.3816,2026-06-08 13:00:00+00:00,1.0,1.03,2.23,0.71,34.92
London,England,51.5074,-0.1278,2026-06-08 13:00:00+00:00,2.0,1.81,2.79,4.52,79.92
Madrid,Spain,40.4168,-3.7038,2026-06-08 13:00:00+00:00,2.0,1.81,4.06,0.19,94.19
Paris,France,48.8566,2.3522,2026-06-08 13:00:00+00:00,2.0,3.14,6.68,0.67,76.39
Antananarivo,Madagascar,-18.8792,47.5079,2026-06-08 14:00:00+00:00,1.0,2.3,3.38,0.42,41.59
Buenos Aires,Argentina,-34.6037,-58.3816,2026-06-08 14:00:00+00:00,1.0,1.09,2.51,0.68,34.37
London,England,51.5074,-0.1278,2026-06-08 14:00:00+00:00,2.0,2.11,3.54,3.86,81.16
Madrid,Spain,40.4168,-3.7038,2026-06-08 14:00:00+00:00,2.0,1.52,3.28,0.19,97.69
Paris,France,48.8566,2.3522,2026-06-08 14:00:00+00:00,2.0,2.29,5.15,0.51,81.38
Antananarivo,Madagascar,-18.8792,47.5079,2026-06-08 15:00:00+00:00,1.0,2.69,3.98,0.68,39.95
Buenos Aires,Argentina,-34.6037,-58.3816,2026-06-08 15:00:00+00:00,1.0,1.12,2.75,0.6,34.99
London,England,51.5074,-0.1278,2026-06-08 15:00:00+00:00,2.0,2.16,3.74,2.98,81.62
Madrid,Spain,40.4168,-3.7038,2026-06-08 15:00:00+00:00,2.0,1.34,2.84,0.2,99.0
Paris,France,48.8566,2.3522,2026-06-08 15:00:00+00:00,2.0,1.9,4.5,0.55,82.92
Antananarivo,Madagascar,-18.8792,47.5079,2026-06-08 16:00:00+00:00,1.0,3.1,4.6,0.86,38.61
Buenos Aires,Argentina,-34.6037,-58.3816,2026-06-08 16:00:00+00:00,1.0,1.06,2.84,0.47,38.9
London,England,51.5074,-0.1278,2026-06-08 16:00:00+00:00,2.0,1.7,2.97,2.19,83.85
Madrid,Spain,40.4168,-3.7038,2026-06-08 16:00:00+00:00,2.0,1.24,2.62,0.21,99.62
Paris,France,48.8566,2.3522,2026-06-08 16:00:00+00:00,2.0,1.67,4.17,0.62,83.36
Antananarivo,Madagascar,-18.8792,47.5079,2026-06-08 17:00:00+00:00,1.0,3.38,5.0,0.94,37.98
Buenos Aires,Argentina,-34.6037,-58.3816,2026-06-08 17:00:00+00:00,1.0,1.05,3.0,0.43,40.43
London,England,51.5074,-0.1278,2026-06-08 17:00:00+00:00,2.0,1.15,2.19,1.93,87.45
Madrid,Spain,40.4168,-3.7038,2026-06-08 17:00:00+00:00,2.0,1.2,2.55,0.23,98.44
Paris,France,48.8566,2.3522,2026-06-08 17:00:00+00:00,2.0,1.4,3.56,0.72,82.39
Antananarivo,Madagascar,-18.8792,47.5079,2026-06-08 18:00:00+00:00,1.0,3.31,4.86,0.94,38.24
Buenos Aires,Argentina,-34.6037,-58.3816,2026-06-08 18:00:00+00:00,1.0,1.07,3.18,0.44,40.89
London,England,51.5074,-0.1278,2026-06-08 18:00:00+00:00,2.0,0.93,2.1,2.03,88.51
Madrid,Spain,40.4168,-3.7038,2026-06-08 18:00:00+00:00,2.0,1.19,2.54,0.25,95.96
Paris,France,48.8566,2.3522,2026-06-08 18:00:00+00:00,2.0,1.13,2.81,0.82,81.12
Antananarivo,Madagascar,-18.8792,47.5079,2026-06-08 19:00:00+00:00,1.0,2.83,4.19,0.85,39.15
Buenos Aires,Argentina,-34.6037,-58.3816,2026-06-08 19:00:00+00:00,1.0,1.12,3.36,0.53,39.73
London,England,51.5074,-0.1278,2026-06-08 19:00:00+00:00,2.0,0.83,2.12,2.13,87.5
Madrid,Spain,40.4168,-3.7038,2026-06-08 19:00:00+00:00,2.0,1.19,2.58,0.33,91.55
Paris,France,48.8566,2.3522,2026-06-08 19:00:00+00:00,2.0,0.95,2.13,0.93,79.45
Antananarivo,Madagascar,-18.8792,47.5079,2026-06-08 20:00:00+00:00,1.0,2.4,3.62,0.78,40.2
Buenos Aires,Argentina,-34.6037,-58.3816,2026-06-08 20:00:00+00:00,1.0,1.2,3.56,0.79,36.57
London,England,51.5074,-0.1278,2026-06-08 20:00:00+00:00,2.0,0.79,2.17,2.28,85.03
Madrid,Spain,40.4168,-3.7038,2026-06-08 20:00:00+00:00,2.0,1.21,2.66,0.45,86.08
Paris,France,48.8566,2.3522,2026-06-08 20:00:00+00:00,2.0,0.94,1.75,1.03,77.61
Antananarivo,Madagascar,-18.8792,47.5079,2026-06-08 21:00:00+00:00,1.0,1.89,2.82,0.68,41.59
Buenos Aires,Argentina,-34.6037,-58.3816,2026-06-08 21:00:00+00:00,1.0,1.27,3.73,1.12,34.18
London,England,51.5074,-0.1278,2026-06-08 21:00:00+00:00,2.0,0.76,2.19,2.27,82.64
Madrid,Spain,40.4168,-3.7038,2026-06-08 21:00:00+00:00,2.0,1.22,2.68,0.5,81.11
Paris,France,48.8566,2.3522,2026-06-08 21:00:00+00:00,2.0,1.0,1.57,1.09,75.2
Antananarivo,Madagascar,-18.8792,47.5079,2026-06-08 22:00:00+00:00,1.0,1.56,2.29,0.58,43.08
Buenos Aires,Argentina,-34.6037,-58.3816,2026-06-08 22:00:00+00:00,1.0,1.33,3.87,1.33,32.27
London,England,51.5074,-0.1278,2026-06-08 22:00:00+00:00,2.0,0.72,2.17,2.28,80.65
Madrid,Spain,40.4168,-3.7038,2026-06-08 22:00:00+00:00,2.0,1.18,2.59,0.57,74.34
Paris,France,48.8566,2.3522,2026-06-08 22:00:00+00:00,2.0,1.06,1.46,1.09,71.61
Antananarivo,Madagascar,-18.8792,47.5079,2026-06-08 23:00:00+00:00,1.0,1.46,2.11,0.52,43.53
Buenos Aires,Argentina,-34.6037,-58.3816,2026-06-08 23:00:00+00:00,1.0,1.4,4.01,1.44,30.47
London,England,51.5074,-0.1278,2026-06-08 23:00:00+00:00,2.0,0.71,2.17,2.32,79.77
Madrid,Spain,40.4168,-3.7038,2026-06-08 23:00:00+00:00,2.0,1.16,2.55,0.64,68.47
Paris,France,48.8566,2.3522,2026-06-08 23:00:00+00:00,2.0,1.13,1.42,1.08,68.46
Antananarivo,Madagascar,-18.8792,47.5079,2026-06-09 00:00:00+00:00,1.0,1.41,2.02,0.48,43.65
Buenos Aires,Argentina,-34.6037,-58.3816,2026-06-09 00:00:00+00:00,1.0,1.46,4.12,1.49,28.92
London,England,51.5074,-0.1278,2026-06-09 00:00:00+00:00,2.0,0.7,2.18,2.34,79.85
Madrid,Spain,40.4168,-3.7038,2026-06-09 00:00:00+00:00,2.0,1.15,2.52,0.68,63.77
Paris,France,48.8566,2.3522,2026-06-09 00:00:00+00:00,2.0,1.15,1.44,1.03,65.93
Antananarivo,Madagascar,-18.8792,47.5079,2026-06-09 01:00:00+00:00,1.0,1.32,1.87,0.45,43.78
Buenos Aires,Argentina,-34.6037,-58.3816,2026-06-09 01:00:00+00:00,1.0,1.54,4.1,1.62,25.48
London,England,51.5074,-0.1278,2026-06-09 01:00:00+00:00,2.0,0.69,2.09,2.34,80.3
Madrid,Spain,40.4168,-3.7038,2026-06-09 01:00:00+00:00,1.0,1.13,2.5,0.73,58.81
Paris,France,48.8566,2.3522,2026-06-09 01:00:00+00:00,2.0,1.14,1.58,0.95,63.9
Antananarivo,Madagascar,-18.8792,47.5079,2026-06-09 02:00:00+00:00,1.0,1.2,1.73,0.41,44.35
Buenos Aires,Argentina,-34.6037,-58.3816,2026-06-09 02:00:00+00:00,1.0,1.64,4.13,1.84,21.19
London,England,51.5074,-0.1278,2026-06-09 02:00:00+00:00,2.0,0.68,1.96,2.29,81.59
Madrid,Spain,40.4168,-3.7038,2026-06-09 02:00:00+00:00,1.0,1.14,2.53,0.8,54.3
Paris,France,48.8566,2.3522,2026-06-09 02:00:00+00:00,2.0,1.16,1.86,0.88,63.24
Antananarivo,Madagascar,-18.8792,47.5079,2026-06-09 03:00:00+00:00,1.0,1.09,1.6,0.37,45.8
Buenos Aires,Argentina,-34.6037,-58.3816,2026-06-09 03:00:00+00:00,1.0,1.74,4.25,1.98,17.87
London,England,51.5074,-0.1278,2026-06-09 03:00:00+00:00,2.0,0.69,1.88,2.2,82.41
Madrid,Spain,40.4168,-3.7038,2026-06-09 03:00:00+00:00,1.0,1.16,2.61,0.91,50.41
Paris,France,48.8566,2.3522,2026-06-09 03:00:00+00:00,2.0,1.2,2.26,0.83,63.61
Antananarivo,Madagascar,-18.8792,47.5079,2026-06-09 04:00:00+00:00,1.0,1.04,1.63,0.37,47.38
Buenos Aires,Argentina,-34.6037,-58.3816,2026-06-09 04:00:00+00:00,1.0,1.83,4.41,2.03,15.33
London,England,51.5074,-0.1278,2026-06-09 04:00:00+00:00,2.0,0.7,1.78,2.07,82.66
Madrid,Spain,40.4168,-3.7038,2026-06-09 04:00:00+00:00,1.0,1.19,2.71,1.06,46.61
Paris,France,48.8566,2.3522,2026-06-09 04:00:00+00:00,2.0,1.22,2.71,0.81,64.08
Antananarivo,Madagascar,-18.8792,47.5079,2026-06-09 05:00:00+00:00,1.0,0.99,1.68,0.36,48.0
Buenos Aires,Argentina,-34.6037,-58.3816,2026-06-09 05:00:00+00:00,1.0,1.91,4.61,2.06,13.54
London,England,51.5074,-0.1278,2026-06-09 05:00:00+00:00,2.0,0.67,1.62,2.03,81.92
Madrid,Spain,40.4168,-3.7038,2026-06-09 05:00:00+00:00,1.0,1.25,2.87,1.4,43.32
Paris,France,48.8566,2.3522,2026-06-09 05:00:00+00:00,2.0,1.26,3.19,1.01,65.29
Antananarivo,Madagascar,-18.8792,47.5079,2026-06-09 06:00:00+00:00,1.0,0.88,1.53,0.28,48.64
Buenos Aires,Argentina,-34.6037,-58.3816,2026-06-09 06:00:00+00:00,1.0,1.99,4.78,2.07,12.09
London,England,51.5074,-0.1278,2026-06-09 06:00:00+00:00,2.0,0.63,1.5,2.01,79.6
Madrid,Spain,40.4168,-3.7038,2026-06-09 06:00:00+00:00,1.0,1.33,3.07,1.9,40.37
Paris,France,48.8566,2.3522,2026-06-09 06:00:00+00:00,2.0,1.3,3.59,1.38,66.02
Antananarivo,Madagascar,-18.8792,47.5079,2026-06-09 07:00:00+00:00,1.0,0.58,0.96,0.15,50.31
Buenos Aires,Argentina,-34.6037,-58.3816,2026-06-09 07:00:00+00:00,1.0,2.05,4.71,2.08,10.88
London,England,51.5074,-0.1278,2026-06-09 07:00:00+00:00,2.0,0.61,1.41,1.91,77.05
Madrid,Spain,40.4168,-3.7038,2026-06-09 07:00:00+00:00,1.0,1.39,3.23,1.86,38.72
Paris,France,48.8566,2.3522,2026-06-09 07:00:00+00:00,2.0,1.31,3.8,1.52,66.93
Antananarivo,Madagascar,-18.8792,47.5079,2026-06-09 08:00:00+00:00,1.0,0.54,0.81,0.1,49.94
Buenos Aires,Argentina,-34.6037,-58.3816,2026-06-09 08:00:00+00:00,1.0,2.12,4.62,2.1,9.89
London,England,51.5074,-0.1278,2026-06-09 08:00:00+00:00,2.0,0.61,1.39,1.78,75.71
Madrid,Spain,40.4168,-3.7038,2026-06-09 08:00:00+00:00,1.0,1.44,3.36,1.59,40.12
Paris,France,48.8566,2.3522,2026-06-09 08:00:00+00:00,2.0,1.24,3.68,1.39,69.26
Antananarivo,Madagascar,-18.8792,47.5079,2026-06-09 09:00:00+00:00,1.0,0.51,0.77,0.08,49.29
Buenos Aires,Argentina,-34.6037,-58.3816,2026-06-09 09:00:00+00:00,1.0,2.2,4.57,2.18,9.04
London,England,51.5074,-0.1278,2026-06-09 09:00:00+00:00,2.0,0.64,1.43,1.6,75.8
Madrid,Spain,40.4168,-3.7038,2026-06-09 09:00:00+00:00,1.0,1.57,3.59,1.29,47.08
Paris,France,48.8566,2.3522,2026-06-09 09:00:00+00:00,2.0,1.13,3.32,1.13,72.6
Antananarivo,Madagascar,-18.8792,47.5079,2026-06-09 10:00:00+00:00,1.0,0.51,0.77,0.07,49.19
Buenos Aires,Argentina,-34.6037,-58.3816,2026-06-09 10:00:00+00:00,1.0,2.28,4.52,2.45,8.1
London,England,51.5074,-0.1278,2026-06-09 10:00:00+00:00,2.0,0.67,1.53,1.38,77.15
Madrid,Spain,40.4168,-3.7038,2026-06-09 10:00:00+00:00,2.0,1.33,3.0,0.39,75.2
Paris,France,48.8566,2.3522,2026-06-09 10:00:00+00:00,2.0,0.79,2.21,0.76,78.93
Antananarivo,Madagascar,-18.8792,47.5079,2026-06-09 11:00:00+00:00,1.0,0.52,0.8,0.07,49.07
Buenos Aires,Argentina,-34.6037,-58.3816,2026-06-09 11:00:00+00:00,1.0,2.38,4.6,2.97,7.14
London,England,51.5074,-0.1278,2026-06-09 11:00:00+00:00,2.0,0.7,1.62,1.19,78.74
Madrid,Spain,40.4168,-3.7038,2026-06-09 11:00:00+00:00,2.0,1.09,2.34,0.21,76.07
Paris,France,48.8566,2.3522,2026-06-09 11:00:00+00:00,2.0,0.58,1.52,0.57,79.57
Antananarivo,Madagascar,-18.8792,47.5079,2026-06-09 12:00:00+00:00,1.0,0.52,0.85,0.07,48.88
Buenos Aires,Argentina,-34.6037,-58.3816,2026-06-09 12:00:00+00:00,1.0,2.49,4.88,3.34,6.62
London,England,51.5074,-0.1278,2026-06-09 12:00:00+00:00,2.0,0.72,1.71,1.07,80.33
Madrid,Spain,40.4168,-3.7038,2026-06-09 12:00:00+00:00,2.0,0.99,2.08,0.18,73.71
Paris,France,48.8566,2.3522,2026-06-09 12:00:00+00:00,2.0,0.52,1.24,0.53,78.34
Antananarivo,Madagascar,-18.8792,47.5079,2026-06-09 13:00:00+00:00,1.0,0.66,1.15,0.13,47.65
Buenos Aires,Argentina,-34.6037,-58.3816,2026-06-09 13:00:00+00:00,1.0,2.51,5.3,2.58,7.91
London,England,51.5074,-0.1278,2026-06-09 13:00:00+00:00,2.0,0.75,1.87,1.02,81.59
Madrid,Spain,40.4168,-3.7038,2026-06-09 13:00:00+00:00,2.0,0.89,1.86,0.16,72.88
Paris,France,48.8566,2.3522,2026-06-09 13:00:00+00:00,2.0,0.5,1.04,0.57,77.39
Antananarivo,Madagascar,-18.8792,47.5079,2026-06-09 14:00:00+00:00,1.0,0.89,1.64,0.25,45.43
Buenos Aires,Argentina,-34.6037,-58.3816,2026-06-09 14:00:00+00:00,1.0,2.47,5.66,1.69,9.45
London,England,51.5074,-0.1278,2026-06-09 14:00:00+00:00,2.0,0.76,2.0,1.03,82.2
Madrid,Spain,40.4168,-3.7038,2026-06-09 14:00:00+00:00,2.0,0.76,1.57,0.16,73.3
Paris,France,48.8566,2.3522,2026-06-09 14:00:00+00:00,2.0,0.5,0.87,0.63,76.18
Antananarivo,Madagascar,-18.8792,47.5079,2026-06-09 15:00:00+00:00,1.0,1.13,2.11,0.41,43.87
Buenos Aires,Argentina,-34.6037,-58.3816,2026-06-09 15:00:00+00:00,1.0,2.52,6.12,1.38,11.31
London,England,51.5074,-0.1278,2026-06-09 15:00:00+00:00,2.0,0.74,2.06,1.08,82.9
Madrid,Spain,40.4168,-3.7038,2026-06-09 15:00:00+00:00,2.0,0.71,1.44,0.17,74.46
Paris,France,48.8566,2.3522,2026-06-09 15:00:00+00:00,2.0,0.5,0.77,0.72,75.43
Antananarivo,Madagascar,-18.8792,47.5079,2026-06-09 16:00:00+00:00,1.0,1.55,2.86,0.57,41.92
Buenos Aires,Argentina,-34.6037,-58.3816,2026-06-09 16:00:00+00:00,1.0,3.06,8.27,1.21,34.23
London,England,51.5074,-0.1278,2026-06-09 16:00:00+00:00,2.0,0.68,2.03,1.17,83.59
Madrid,Spain,40.4168,-3.7038,2026-06-09 16:00:00+00:00,2.0,0.72,1.43,0.19,76.69
Paris,France,48.8566,2.3522,2026-06-09 16:00:00+00:00,2.0,0.5,0.68,0.87,74.92
Antananarivo,Madagascar,-18.8792,47.5079,2026-06-09 17:00:00+00:00,1.0,2.17,3.95,0.76,39.99
Buenos Aires,Argentina,-34.6037,-58.3816,2026-06-09 17:00:00+00:00,1.0,3.56,8.81,1.13,39.5
London,England,51.5074,-0.1278,2026-06-09 17:00:00+00:00,2.0,0.63,1.98,1.39,83.02
Madrid,Spain,40.4168,-3.7038,2026-06-09 17:00:00+00:00,2.0,0.75,1.46,0.21,78.44
Paris,France,48.8566,2.3522,2026-06-09 17:00:00+00:00,2.0,0.5,0.59,1.04,73.33
Antananarivo,Madagascar,-18.8792,47.5079,2026-06-09 18:00:00+00:00,1.0,2.7,4.82,0.87,38.8
Buenos Aires,Argentina,-34.6037,-58.3816,2026-06-09 18:00:00+00:00,1.0,4.05,9.28,1.27,41.98
London,England,51.5074,-0.1278,2026-06-09 18:00:00+00:00,2.0,0.59,1.89,1.66,81.57
Madrid,Spain,40.4168,-3.7038,2026-06-09 18:00:00+00:00,2.0,0.79,1.51,0.24,80.2
Paris,France,48.8566,2.3522,2026-06-09 18:00:00+00:00,2.0,0.5,0.5,1.12,71.82
Antananarivo,Madagascar,-18.8792,47.5079,2026-06-09 19:00:00+00:00,1.0,3.25,5.7,0.98,37.38
Buenos Aires,Argentina,-34.6037,-58.3816,2026-06-09 19:00:00+00:00,1.0,4.6,9.78,1.78,40.85
London,England,51.5074,-0.1278,2026-06-09 19:00:00+00:00,2.0,0.53,1.67,1.88,80.06
Madrid,Spain,40.4168,-3.7038,2026-06-09 19:00:00+00:00,2.0,0.84,1.61,0.32,81.23
Paris,France,48.8566,2.3522,2026-06-09 19:00:00+00:00,2.0,0.5,0.5,1.34,67.52
Antananarivo,Madagascar,-18.8792,47.5079,2026-06-09 20:00:00+00:00,1.0,3.71,6.35,1.08,35.99
Buenos Aires,Argentina,-34.6037,-58.3816,2026-06-09 20:00:00+00:00,1.0,5.24,10.38,3.06,35.7
London,England,51.5074,-0.1278,2026-06-09 20:00:00+00:00,2.0,0.5,1.34,1.98,78.82
Madrid,Spain,40.4168,-3.7038,2026-06-09 20:00:00+00:00,2.0,0.91,1.75,0.42,81.44
Paris,France,48.8566,2.3522,2026-06-09 20:00:00+00:00,2.0,0.5,0.5,1.72,60.54
Antananarivo,Madagascar,-18.8792,47.5079,2026-06-09 21:00:00+00:00,1.0,3.58,6.02,1.05,35.04
Buenos Aires,Argentina,-34.6037,-58.3816,2026-06-09 21:00:00+00:00,1.0,6.02,11.26,5.04,30.9
London,England,51.5074,-0.1278,2026-06-09 21:00:00+00:00,2.0,0.5,1.12,1.99,77.81
Madrid,Spain,40.4168,-3.7038,2026-06-09 21:00:00+00:00,2.0,0.98,1.88,0.48,81.99
Paris,France,48.8566,2.3522,2026-06-09 21:00:00+00:00,1.0,0.5,0.5,2.06,54.13
Antananarivo,Madagascar,-18.8792,47.5079,2026-06-09 22:00:00+00:00,1.0,3.33,5.52,0.98,34.15
Buenos Aires,Argentina,-34.6037,-58.3816,2026-06-09 22:00:00+00:00,1.0,6.86,12.27,7.5,26.6
London,England,51.5074,-0.1278,2026-06-09 22:00:00+00:00,2.0,0.5,0.98,2.03,76.79
Madrid,Spain,40.4168,-3.7038,2026-06-09 22:00:00+00:00,2.0,1.03,1.92,0.55,78.93
Paris,France,48.8566,2.3522,2026-06-09 22:00:00+00:00,1.0,0.5,0.5,2.22,48.31
Antananarivo,Madagascar,-18.8792,47.5079,2026-06-09 23:00:00+00:00,1.0,3.26,5.3,0.94,33.18
Buenos Aires,Argentina,-34.6037,-58.3816,2026-06-09 23:00:00+00:00,1.0,7.97,13.7,10.81,22.7
London,England,51.5074,-0.1278,2026-06-09 23:00:00+00:00,2.0,0.5,0.91,2.15,75.75
Madrid,Spain,40.4168,-3.7038,2026-06-09 23:00:00+00:00,2.0,1.09,2.0,0.64,74.71
Paris,France,48.8566,2.3522,2026-06-09 23:00:00+00:00,1.0,0.5,0.52,2.14,44.39
Antananarivo,Madagascar,-18.8792,47.5079,2026-06-10 00:00:00+00:00,1.0,3.26,5.12,0.93,32.41
Buenos Aires,Argentina,-34.6037,-58.3816,2026-06-10 00:00:00+00:00,1.0,9.6,15.91,15.36,18.97
London,England,51.5074,-0.1278,2026-06-10 00:00:00+00:00,2.0,0.5,0.89,2.27,74.79
Madrid,Spain,40.4168,-3.7038,2026-06-10 00:00:00+00:00,2.0,1.18,2.13,0.73,70.98
Paris,France,48.8566,2.3522,2026-06-10 00:00:00+00:00,1.0,0.5,0.54,1.98,41.44
Antananarivo,Madagascar,-18.8792,47.5079,2026-06-10 01:00:00+00:00,1.0,3.38,5.15,0.97,30.94
Buenos Aires,Argentina,-34.6037,-58.3816,2026-06-10 01:00:00+00:00,2.0,11.63,18.68,20.48,15.24
London,England,51.5074,-0.1278,2026-06-10 01:00:00+00:00,2.0,0.5,0.93,2.35,73.94
Madrid,Spain,40.4168,-3.7038,2026-06-10 01:00:00+00:00,2.0,1.25,2.27,0.87,66.03
Paris,France,48.8566,2.3522,2026-06-10 01:00:00+00:00,1.0,0.5,0.58,1.86,38.55
Antananarivo,Madagascar,-18.8792,47.5079,2026-06-10 02:00:00+00:00,1.0,3.61,5.48,1.03,29.05
Buenos Aires,Argentina,-34.6037,-58.3816,2026-06-10 02:00:00+00:00,2.0,13.9,21.65,25.65,11.55
London,England,51.5074,-0.1278,2026-06-10 02:00:00+00:00,2.0,0.5,1.03,2.33,73.83
Madrid,Spain,40.4168,-3.7038,2026-06-10 02:00:00+00:00,2.0,1.32,2.41,1.06,61.78
Paris,France,48.8566,2.3522,2026-06-10 02:00:00+00:00,1.0,0.5,0.64,1.79,36.3
Antananarivo,Madagascar,-18.8792,47.5079,2026-06-10 03:00:00+00:00,1.0,3.99,6.14,1.14,27.7
Buenos Aires,Argentina,-34.6037,-58.3816,2026-06-10 03:00:00+00:00,2.0,16.75,25.45,32.22,8.58
London,England,51.5074,-0.1278,2026-06-10 03:00:00+00:00,2.0,0.52,1.16,2.27,73.97
Madrid,Spain,40.4168,-3.7038,2026-06-10 03:00:00+00:00,1.0,1.36,2.52,1.26,58.78
Paris,France,48.8566,2.3522,2026-06-10 03:00:00+00:00,1.0,0.5,0.68,1.73,35.83
Antananarivo,Madagascar,-18.8792,47.5079,2026-06-10 04:00:00+00:00,1.0,4.95,7.88,1.45,26.45
Buenos Aires,Argentina,-34.6037,-58.3816,2026-06-10 04:00:00+00:00,2.0,20.13,30.14,40.52,8.39
London,England,51.5074,-0.1278,2026-06-10 04:00:00+00:00,2.0,0.53,1.27,2.21,74.4
Madrid,Spain,40.4168,-3.7038,2026-06-10 04:00:00+00:00,1.0,1.4,2.65,1.49,56.68
Paris,France,48.8566,2.3522,2026-06-10 04:00:00+00:00,1.0,0.5,0.73,1.6,38.79
Antananarivo,Madagascar,-18.8792,47.5079,2026-06-10 05:00:00+00:00,1.0,6.1,9.82,1.33,26.38
Buenos Aires,Argentina,-34.6037,-58.3816,2026-06-10 05:00:00+00:00,2.0,21.12,30.92,42.5,8.37
London,England,51.5074,-0.1278,2026-06-10 05:00:00+00:00,2.0,0.53,1.35,2.19,75.37
Madrid,Spain,40.4168,-3.7038,2026-06-10 05:00:00+00:00,1.0,1.46,2.85,1.86,55.19
Paris,France,48.8566,2.3522,2026-06-10 05:00:00+00:00,1.0,0.52,0.81,1.84,39.86
Antananarivo,Madagascar,-18.8792,47.5079,2026-06-10 06:00:00+00:00,1.0,7.49,11.53,0.97,32.05
Buenos Aires,Argentina,-34.6037,-58.3816,2026-06-10 06:00:00+00:00,2.0,20.27,29.51,39.98,9.96
London,England,51.5074,-0.1278,2026-06-10 06:00:00+00:00,2.0,0.52,1.39,2.08,76.74
Madrid,Spain,40.4168,-3.7038,2026-06-10 06:00:00+00:00,1.0,1.57,3.19,2.29,54.27
Paris,France,48.8566,2.3522,2026-06-10 06:00:00+00:00,1.0,0.55,0.93,2.27,41.95
Antananarivo,Madagascar,-18.8792,47.5079,2026-06-10 07:00:00+00:00,1.0,1.73,2.99,0.2,48.31
Buenos Aires,Argentina,-34.6037,-58.3816,2026-06-10 07:00:00+00:00,2.0,17.59,25.79,32.65,13.88
London,England,51.5074,-0.1278,2026-06-10 07:00:00+00:00,2.0,0.5,1.35,1.87,78.58
Madrid,Spain,40.4168,-3.7038,2026-06-10 07:00:00+00:00,1.0,1.73,3.69,2.25,53.56
Paris,France,48.8566,2.3522,2026-06-10 07:00:00+00:00,1.0,0.56,1.01,2.01,50.38
Antananarivo,Madagascar,-18.8792,47.5079,2026-06-10 08:00:00+00:00,1.0,1.41,2.41,0.12,48.82
Buenos Aires,Argentina,-34.6037,-58.3816,2026-06-10 08:00:00+00:00,2.0,15.64,23.04,26.04,15.45
London,England,51.5074,-0.1278,2026-06-10 08:00:00+00:00,2.0,0.5,1.23,1.78,80.34
Madrid,Spain,40.4168,-3.7038,2026-06-10 08:00:00+00:00,1.0,1.97,4.38,2.0,55.41
Paris,France,48.8566,2.3522,2026-06-10 08:00:00+00:00,1.0,0.6,1.06,1.81,53.16
Antananarivo,Madagascar,-18.8792,47.5079,2026-06-10 09:00:00+00:00,1.0,1.52,2.47,0.09,48.06
Buenos Aires,Argentina,-34.6037,-58.3816,2026-06-10 09:00:00+00:00,2.0,14.22,21.12,21.45,15.75
London,England,51.5074,-0.1278,2026-06-10 09:00:00+00:00,2.0,0.5,1.07,1.73,81.54
Madrid,Spain,40.4168,-3.7038,2026-06-10 09:00:00+00:00,2.0,2.36,5.31,1.63,62.65
Paris,France,48.8566,2.3522,2026-06-10 09:00:00+00:00,1.0,0.62,1.05,1.58,54.86
Antananarivo,Madagascar,-18.8792,47.5079,2026-06-10 10:00:00+00:00,1.0,1.27,1.98,0.08,49.3
Buenos Aires,Argentina,-34.6037,-58.3816,2026-06-10 10:00:00+00:00,2.0,13.37,19.77,18.74,14.92
London,England,51.5074,-0.1278,2026-06-10 10:00:00+00:00,2.0,0.5,0.95,1.7,81.78
Madrid,Spain,40.4168,-3.7038,2026-06-10 10:00:00+00:00,2.0,2.77,6.35,0.75,83.27
Paris,France,48.8566,2.3522,2026-06-10 10:00:00+00:00,2.0,0.5,0.63,0.82,68.86
Antananarivo,Madagascar,-18.8792,47.5079,2026-06-10 11:00:00+00:00,1.0,1.09,1.68,0.08,49.72
Buenos Aires,Argentina,-34.6037,-58.3816,2026-06-10 11:00:00+00:00,2.0,13.03,19.07,17.47,13.05
London,England,51.5074,-0.1278,2026-06-10 11:00:00+00:00,2.0,0.5,0.87,1.63,81.6
Madrid,Spain,40.4168,-3.7038,2026-06-10 11:00:00+00:00,2.0,2.77,6.0,0.44,89.34
Paris,France,48.8566,2.3522,2026-06-10 11:00:00+00:00,2.0,0.5,0.5,0.47,76.61
Antananarivo,Madagascar,-18.8792,47.5079,2026-06-10 12:00:00+00:00,1.0,1.09,1.67,0.09,49.13
Buenos Aires,Argentina,-34.6037,-58.3816,2026-06-10 12:00:00+00:00,2.0,12.94,18.79,16.87,11.22
London,England,51.5074,-0.1278,2026-06-10 12:00:00+00:00,2.0,0.5,0.87,1.54,81.83
Madrid,Spain,40.4168,-3.7038,2026-06-10 12:00:00+00:00,2.0,2.85,5.91,0.37,91.74
Paris,France,48.8566,2.3522,2026-06-10 12:00:00+00:00,2.0,0.5,0.5,0.35,80.03
Antananarivo,Madagascar,-18.8792,47.5079,2026-06-10 13:00:00+00:00,1.0,1.52,2.5,0.23,45.56
Buenos Aires,Argentina,-34.6037,-58.3816,2026-06-10 13:00:00+00:00,2.0,13.1,19.14,15.22,11.51
London,England,51.5074,-0.1278,2026-06-10 13:00:00+00:00,2.0,0.5,0.96,1.42,82.68
Madrid,Spain,40.4168,-3.7038,2026-06-10 13:00:00+00:00,2.0,2.57,5.13,0.33,94.96
Paris,France,48.8566,2.3522,2026-06-10 13:00:00+00:00,2.0,0.5,0.54,0.33,82.04
Antananarivo,Madagascar,-18.8792,47.5079,2026-06-10 14:00:00+00:00,1.0,2.36,4.05,0.61,40.25
Buenos Aires,Argentina,-34.6037,-58.3816,2026-06-10 14:00:00+00:00,2.0,13.04,19.58,13.51,12.43
London,England,51.5074,-0.1278,2026-06-10 14:00:00+00:00,2.0,0.5,1.09,1.29,83.52
Madrid,Spain,40.4168,-3.7038,2026-06-10 14:00:00+00:00,2.0,2.1,4.02,0.3,95.37
Paris,France,48.8566,2.3522,2026-06-10 14:00:00+00:00,2.0,0.5,0.57,0.37,82.32
Antananarivo,Madagascar,-18.8792,47.5079,2026-06-10 15:00:00+00:00,1.0,3.31,5.73,1.12,35.8
Buenos Aires,Argentina,-34.6037,-58.3816,2026-06-10 15:00:00+00:00,2.0,12.19,19.08,12.32,14.79
London,England,51.5074,-0.1278,2026-06-10 15:00:00+00:00,2.0,0.5,1.18,1.21,84.36
Madrid,Spain,40.4168,-3.7038,2026-06-10 15:00:00+00:00,2.0,1.91,3.59,0.31,95.29
Paris,France,48.8566,2.3522,2026-06-10 15:00:00+00:00,2.0,0.5,0.52,0.46,82.14
Antananarivo,Madagascar,-18.8792,47.5079,2026-06-10 16:00:00+00:00,1.0,4.71,8.1,1.57,31.78
Buenos Aires,Argentina,-34.6037,-58.3816,2026-06-10 16:00:00+00:00,1.0,5.49,10.27,6.8,37.32
London,England,51.5074,-0.1278,2026-06-10 16:00:00+00:00,2.0,0.5,1.18,1.26,84.89
Madrid,Spain,40.4168,-3.7038,2026-06-10 16:00:00+00:00,2.0,1.86,3.45,0.34,96.45
Paris,France,48.8566,2.3522,2026-06-10 16:00:00+00:00,2.0,0.5,0.5,0.59,82.39
Antananarivo,Madagascar,-18.8792,47.5079,2026-06-10 17:00:00+00:00,1.0,6.67,11.24,2.06,28.66
Buenos Aires,Argentina,-34.6037,-58.3816,2026-06-10 17:00:00+00:00,1.0,3.52,7.31,4.31,42.65
London,England,51.5074,-0.1278,2026-06-10 17:00:00+00:00,2.0,0.5,1.06,1.49,82.33
Madrid,Spain,40.4168,-3.7038,2026-06-10 17:00:00+00:00,2.0,1.88,3.47,0.37,96.87
Paris,France,48.8566,2.3522,2026-06-10 17:00:00+00:00,2.0,0.5,0.5,0.71,81.98
Antananarivo,Madagascar,-18.8792,47.5079,2026-06-10 18:00:00+00:00,1.0,8.58,14.12,2.43,26.22
Buenos Aires,Argentina,-34.6037,-58.3816,2026-06-10 18:00:00+00:00,1.0,2.97,6.5,3.69,42.97
London,England,51.5074,-0.1278,2026-06-10 18:00:00+00:00,2.0,0.5,0.89,1.74,77.22
Madrid,Spain,40.4168,-3.7038,2026-06-10 18:00:00+00:00,2.0,1.92,3.53,0.42,97.08
Paris,France,48.8566,2.3522,2026-06-10 18:00:00+00:00,2.0,0.5,0.5,0.78,81.58
Antananarivo,Madagascar,-18.8792,47.5079,2026-06-10 19:00:00+00:00,2.0,10.19,16.46,2.7,24.38
Buenos Aires,Argentina,-34.6037,-58.3816,2026-06-10 19:00:00+00:00,1.0,2.81,6.28,3.72,39.81
London,England,51.5074,-0.1278,2026-06-10 19:00:00+00:00,2.0,0.5,0.75,1.92,73.01
Madrid,Spain,40.4168,-3.7038,2026-06-10 19:00:00+00:00,2.0,1.99,3.63,0.57,95.71
Paris,France,48.8566,2.3522,2026-06-10 19:00:00+00:00,2.0,0.5,0.5,0.9,79.82
Antananarivo,Madagascar,-18.8792,47.5079,2026-06-10 20:00:00+00:00,2.0,11.25,17.9,2.9,23.5
Buenos Aires,Argentina,-34.6037,-58.3816,2026-06-10 20:00:00+00:00,1.0,2.83,6.35,4.14,34.85
London,England,51.5074,-0.1278,2026-06-10 20:00:00+00:00,2.0,0.5,0.65,2.12,70.55
Madrid,Spain,40.4168,-3.7038,2026-06-10 20:00:00+00:00,2.0,2.07,3.72,0.8,93.22
Paris,France,48.8566,2.3522,2026-06-10 20:00:00+00:00,2.0,0.5,0.51,1.08,76.61
Antananarivo,Madagascar,-18.8792,47.5079,2026-06-10 21:00:00+00:00,2.0,11.33,17.7,2.92,23.38
Buenos Aires,Argentina,-34.6037,-58.3816,2026-06-10 21:00:00+00:00,1.0,2.88,6.5,4.73,31.12
London,England,51.5074,-0.1278,2026-06-10 21:00:00+00:00,2.0,0.5,0.59,2.34,69.28
Madrid,Spain,40.4168,-3.7038,2026-06-10 21:00:00+00:00,2.0,2.1,3.72,1.01,90.86
Paris,France,48.8566,2.3522,2026-06-10 21:00:00+00:00,2.0,0.5,0.51,1.25,73.38
Antananarivo,Madagascar,-18.8792,47.5079,2026-06-10 22:00:00+00:00,2.0,10.98,16.84,2.86,23.8
Buenos Aires,Argentina,-34.6037,-58.3816,2026-06-10 22:00:00+00:00,1.0,2.97,6.67,5.17,28.24
London,England,51.5074,-0.1278,2026-06-10 22:00:00+00:00,2.0,0.5,0.56,2.5,68.67
Madrid,Spain,40.4168,-3.7038,2026-06-10 22:00:00+00:00,2.0,2.04,3.57,1.25,87.61
Paris,France,48.8566,2.3522,2026-06-10 22:00:00+00:00,2.0,0.5,0.5,1.37,68.77
Antananarivo,Madagascar,-18.8792,47.5079,2026-06-10 23:00:00+00:00,2.0,10.7,16.21,2.81,24.52
Buenos Aires,Argentina,-34.6037,-58.3816,2026-06-10 23:00:00+00:00,1.0,3.12,6.91,5.64,25.36
London,England,51.5074,-0.1278,2026-06-10 23:00:00+00:00,2.0,0.5,0.56,2.5,68.65
Madrid,Spain,40.4168,-3.7038,2026-06-10 23:00:00+00:00,2.0,1.99,3.47,1.55,86.6
Paris,France,48.8566,2.3522,2026-06-10 23:00:00+00:00,2.0,0.5,0.5,1.41,63.98
Antananarivo,Madagascar,-18.8792,47.5079,2026-06-11 00:00:00+00:00,2.0,10.49,15.81,2.76,25.29
Buenos Aires,Argentina,-34.6037,-58.3816,2026-06-11 00:00:00+00:00,1.0,3.33,7.25,6.23,22.4
London,England,51.5074,-0.1278,2026-06-11 00:00:00+00:00,2.0,0.5,0.59,2.41,68.62
Madrid,Spain,40.4168,-3.7038,2026-06-11 00:00:00+00:00,2.0,1.94,3.39,1.79,86.21
Paris,France,48.8566,2.3522,2026-06-11 00:00:00+00:00,1.0,0.5,0.54,1.36,59.7
Antananarivo,Madagascar,-18.8792,47.5079,2026-06-11 01:00:00+00:00,2.0,10.25,15.41,2.71,26.23
Buenos Aires,Argentina,-34.6037,-58.3816,2026-06-11 01:00:00+00:00,1.0,3.57,7.57,6.85,19.04
London,England,51.5074,-0.1278,2026-06-11 01:00:00+00:00,2.0,0.5,0.65,2.31,68.43
Madrid,Spain,40.4168,-3.7038,2026-06-11 01:00:00+00:00,2.0,1.86,3.29,1.81,84.27
Paris,France,48.8566,2.3522,2026-06-11 01:00:00+00:00,1.0,0.5,0.59,1.29,54.57
Antananarivo,Madagascar,-18.8792,47.5079,2026-06-11 02:00:00+00:00,2.0,10.04,15.1,2.66,27.43
Buenos Aires,Argentina,-34.6037,-58.3816,2026-06-11 02:00:00+00:00,1.0,3.82,7.89,7.16,15.85
London,England,51.5074,-0.1278,2026-06-11 02:00:00+00:00,2.0,0.5,0.77,2.31,68.09
Madrid,Spain,40.4168,-3.7038,2026-06-11 02:00:00+00:00,2.0,1.86,3.44,1.65,80.57
Paris,France,48.8566,2.3522,2026-06-11 02:00:00+00:00,1.0,0.5,0.68,1.27,49.39
Antananarivo,Madagascar,-18.8792,47.5079,2026-06-11 03:00:00+00:00,1.0,9.99,15.0,2.65,28.3
Buenos Aires,Argentina,-34.6037,-58.3816,2026-06-11 03:00:00+00:00,1.0,4.03,7.89,6.9,13.56
London,England,51.5074,-0.1278,2026-06-11 03:00:00+00:00,2.0,0.54,0.97,2.36,67.82
Madrid,Spain,40.4168,-3.7038,2026-06-11 03:00:00+00:00,2.0,2.01,4.05,1.41,76.32
Paris,France,48.8566,2.3522,2026-06-11 03:00:00+00:00,1.0,0.5,0.79,1.31,44.89
Antananarivo,Madagascar,-18.8792,47.5079,2026-06-11 04:00:00+00:00,2.0,10.21,15.55,2.79,27.81
Buenos Aires,Argentina,-34.6037,-58.3816,2026-06-11 04:00:00+00:00,1.0,4.19,7.51,6.26,11.97
London,England,51.5074,-0.1278,2026-06-11 04:00:00+00:00,2.0,0.64,1.4,2.75,66.81
Madrid,Spain,40.4168,-3.7038,2026-06-11 04:00:00+00:00,2.0,2.27,5.04,1.2,71.7
Paris,France,48.8566,2.3522,2026-06-11 04:00:00+00:00,1.0,0.5,0.91,1.43,40.87
Antananarivo,Madagascar,-18.8792,47.5079,2026-06-11 05:00:00+00:00,2.0,10.55,16.47,2.29,28.93
Buenos Aires,Argentina,-34.6037,-58.3816,2026-06-11 05:00:00+00:00,1.0,4.32,7.3,5.55,11.2
London,England,51.5074,-0.1278,2026-06-11 05:00:00+00:00,2.0,0.91,2.15,3.54,65.53
Madrid,Spain,40.4168,-3.7038,2026-06-11 05:00:00+00:00,2.0,2.58,6.17,1.16,68.35
Paris,France,48.8566,2.3522,2026-06-11 05:00:00+00:00,1.0,0.52,1.09,1.92,38.74
Antananarivo,Madagascar,-18.8792,47.5079,2026-06-11 06:00:00+00:00,2.0,11.28,17.16,1.41,36.07
Buenos Aires,Argentina,-34.6037,-58.3816,2026-06-11 06:00:00+00:00,1.0,4.39,7.26,4.77,11.27
London,England,51.5074,-0.1278,2026-06-11 06:00:00+00:00,2.0,1.14,2.72,4.12,65.21
Madrid,Spain,40.4168,-3.7038,2026-06-11 06:00:00+00:00,2.0,2.84,7.13,1.37,66.01
Paris,France,48.8566,2.3522,2026-06-11 06:00:00+00:00,1.0,0.56,1.34,2.34,40.62
Antananarivo,Madagascar,-18.8792,47.5079,2026-06-11 07:00:00+00:00,1.0,2.74,4.69,0.23,49.38
Buenos Aires,Argentina,-34.6037,-58.3816,2026-06-11 07:00:00+00:00,1.0,4.42,7.43,3.87,12.29
London,England,51.5074,-0.1278,2026-06-11 07:00:00+00:00,2.0,1.21,2.65,4.31,65.93
Madrid,Spain,40.4168,-3.7038,2026-06-11 07:00:00+00:00,2.0,2.98,7.73,1.47,64.35
Paris,France,48.8566,2.3522,2026-06-11 07:00:00+00:00,1.0,0.62,1.64,1.53,56.68
Antananarivo,Madagascar,-18.8792,47.5079,2026-06-11 08:00:00+00:00,1.0,2.47,4.08,0.12,54.12
Buenos Aires,Argentina,-34.6037,-58.3816,2026-06-11 08:00:00+00:00,1.0,4.5,7.64,3.08,13.51
London,England,51.5074,-0.1278,2026-06-11 08:00:00+00:00,2.0,1.16,2.22,4.1,67.92
Madrid,Spain,40.4168,-3.7038,2026-06-11 08:00:00+00:00,2.0,3.05,8.09,1.37,65.48
Paris,France,48.8566,2.3522,2026-06-11 08:00:00+00:00,2.0,0.66,1.71,1.24,60.71
Antananarivo,Madagascar,-18.8792,47.5079,2026-06-11 09:00:00+00:00,1.0,2.58,4.05,0.1,55.69
Buenos Aires,Argentina,-34.6037,-58.3816,2026-06-11 09:00:00+00:00,1.0,4.65,8.04,2.54,15.3
London,England,51.5074,-0.1278,2026-06-11 09:00:00+00:00,2.0,1.15,2.03,3.75,70.64
Madrid,Spain,40.4168,-3.7038,2026-06-11 09:00:00+00:00,2.0,3.16,8.38,1.05,69.96
Paris,France,48.8566,2.3522,2026-06-11 09:00:00+00:00,2.0,0.68,1.67,1.02,63.61
Antananarivo,Madagascar,-18.8792,47.5079,2026-06-11 10:00:00+00:00,2.0,2.18,3.19,0.08,60.07
Buenos Aires,Argentina,-34.6037,-58.3816,2026-06-11 10:00:00+00:00,1.0,4.83,8.61,2.21,17.46
London,England,51.5074,-0.1278,2026-06-11 10:00:00+00:00,2.0,1.33,2.26,3.6,73.26
Madrid,Spain,40.4168,-3.7038,2026-06-11 10:00:00+00:00,2.0,3.34,8.64,0.64,79.17
Paris,France,48.8566,2.3522,2026-06-11 10:00:00+00:00,2.0,0.61,1.4,0.78,69.54
Antananarivo,Madagascar,-18.8792,47.5079,2026-06-11 11:00:00+00:00,2.0,2.19,3.11,0.08,62.12
Buenos Aires,Argentina,-34.6037,-58.3816,2026-06-11 11:00:00+00:00,1.0,5.08,8.94,2.14,18.32
London,England,51.5074,-0.1278,2026-06-11 11:00:00+00:00,2.0,1.79,3.1,3.61,75.63
Madrid,Spain,40.4168,-3.7038,2026-06-11 11:00:00+00:00,2.0,3.38,8.47,0.47,82.65
Paris,France,48.8566,2.3522,2026-06-11 11:00:00+00:00,2.0,0.6,1.31,0.65,72.0
Antananarivo,Madagascar,-18.8792,47.5079,2026-06-11 12:00:00+00:00,2.0,2.2,3.19,0.1,61.71
Buenos Aires,Argentina,-34.6037,-58.3816,2026-06-11 12:00:00+00:00,1.0,5.39,9.27,2.07,18.3
London,England,51.5074,-0.1278,2026-06-11 12:00:00+00:00,2.0,2.24,3.96,3.59,77.19
Madrid,Spain,40.4168,-3.7038,2026-06-11 12:00:00+00:00,2.0,3.37,8.25,0.45,83.92
Paris,France,48.8566,2.3522,2026-06-11 12:00:00+00:00,2.0,0.67,1.45,0.59,73.52
Antananarivo,Madagascar,-18.8792,47.5079,2026-06-11 13:00:00+00:00,1.0,2.43,3.67,0.19,59.29
Buenos Aires,Argentina,-34.6037,-58.3816,2026-06-11 13:00:00+00:00,1.0,5.63,9.91,1.43,18.58
London,England,51.5074,-0.1278,2026-06-11 13:00:00+00:00,2.0,2.6,4.87,3.62,77.21
Madrid,Spain,40.4168,-3.7038,2026-06-11 13:00:00+00:00,2.0,3.09,7.16,0.41,88.85
Paris,France,48.8566,2.3522,2026-06-11 13:00:00+00:00,2.0,0.76,1.6,0.55,75.49
Antananarivo,Madagascar,-18.8792,47.5079,2026-06-11 14:00:00+00:00,1.0,2.86,4.47,0.42,55.18
Buenos Aires,Argentina,-34.6037,-58.3816,2026-06-11 14:00:00+00:00,1.0,5.94,11.28,1.02,20.03
London,England,51.5074,-0.1278,2026-06-11 14:00:00+00:00,2.0,2.85,5.46,3.6,76.8
Madrid,Spain,40.4168,-3.7038,2026-06-11 14:00:00+00:00,2.0,2.71,5.95,0.4,91.4
Paris,France,48.8566,2.3522,2026-06-11 14:00:00+00:00,2.0,0.82,1.67,0.53,76.89
Antananarivo,Madagascar,-18.8792,47.5079,2026-06-11 15:00:00+00:00,1.0,3.28,5.28,0.71,51.48
Buenos Aires,Argentina,-34.6037,-58.3816,2026-06-11 15:00:00+00:00,1.0,6.55,13.28,0.88,23.97
London,England,51.5074,-0.1278,2026-06-11 15:00:00+00:00,2.0,3.14,5.88,3.52,77.82
Madrid,Spain,40.4168,-3.7038,2026-06-11 15:00:00+00:00,2.0,2.54,5.45,0.42,92.02
Paris,France,48.8566,2.3522,2026-06-11 15:00:00+00:00,2.0,0.83,1.65,0.59,77.67
Antananarivo,Madagascar,-18.8792,47.5079,2026-06-11 16:00:00+00:00,1.0,4.12,6.73,1.04,46.52
Buenos Aires,Argentina,-34.6037,-58.3816,2026-06-11 16:00:00+00:00,1.0,7.06,16.9,0.63,38.0
London,England,51.5074,-0.1278,2026-06-11 16:00:00+00:00,2.0,3.67,7.38,3.39,80.69
Madrid,Spain,40.4168,-3.7038,2026-06-11 16:00:00+00:00,2.0,2.5,5.26,0.47,93.09
Paris,France,48.8566,2.3522,2026-06-11 16:00:00+00:00,2.0,0.87,1.66,0.67,78.41
Antananarivo,Madagascar,-18.8792,47.5079,2026-06-11 17:00:00+00:00,1.0,5.6,9.1,1.47,41.76
Buenos Aires,Argentina,-34.6037,-58.3816,2026-06-11 17:00:00+00:00,1.0,7.7,18.18,0.53,41.85
London,England,51.5074,-0.1278,2026-06-11 17:00:00+00:00,2.0,4.23,9.29,3.61,82.55
Madrid,Spain,40.4168,-3.7038,2026-06-11 17:00:00+00:00,2.0,2.47,5.13,0.52,93.39
Paris,France,48.8566,2.3522,2026-06-11 17:00:00+00:00,2.0,0.97,1.76,0.77,77.94
Antananarivo,Madagascar,-18.8792,47.5079,2026-06-11 18:00:00+00:00,1.0,7.05,11.36,1.79,38.26
Buenos Aires,Argentina,-34.6037,-58.3816,2026-06-11 18:00:00+00:00,1.0,8.05,18.62,0.51,43.53
London,England,51.5074,-0.1278,2026-06-11 18:00:00+00:00,2.0,4.68,10.88,3.94,80.75
Madrid,Spain,40.4168,-3.7038,2026-06-11 18:00:00+00:00,2.0,2.45,5.0,0.58,94.1
Paris,France,48.8566,2.3522,2026-06-11 18:00:00+00:00,2.0,1.13,1.94,0.85,77.16
Antananarivo,Madagascar,-18.8792,47.5079,2026-06-11 19:00:00+00:00,1.0,8.45,13.56,2.06,35.5
Buenos Aires,Argentina,-34.6037,-58.3816,2026-06-11 19:00:00+00:00,1.0,8.05,17.83,0.69,41.57
London,England,51.5074,-0.1278,2026-06-11 19:00:00+00:00,2.0,5.07,11.85,4.57,75.65
Madrid,Spain,40.4168,-3.7038,2026-06-11 19:00:00+00:00,2.0,2.44,4.88,0.73,94.62
Paris,France,48.8566,2.3522,2026-06-11 19:00:00+00:00,2.0,1.32,2.17,1.04,76.09
Antananarivo,Madagascar,-18.8792,47.5079,2026-06-11 20:00:00+00:00,1.0,9.53,15.2,2.28,33.65
Buenos Aires,Argentina,-34.6037,-58.3816,2026-06-11 20:00:00+00:00,1.0,8.3,17.22,1.36,36.17
London,England,51.5074,-0.1278,2026-06-11 20:00:00+00:00,2.0,5.38,12.56,5.36,69.48
Madrid,Spain,40.4168,-3.7038,2026-06-11 20:00:00+00:00,2.0,2.41,4.72,0.99,94.61
Paris,France,48.8566,2.3522,2026-06-11 20:00:00+00:00,2.0,1.53,2.43,1.3,74.4
Antananarivo,Madagascar,-18.8792,47.5079,2026-06-11 21:00:00+00:00,1.0,9.66,15.29,2.28,32.4
Buenos Aires,Argentina,-34.6037,-58.3816,2026-06-11 21:00:00+00:00,1.0,8.57,17.11,2.67,31.23
London,England,51.5074,-0.1278,2026-06-11 21:00:00+00:00,2.0,5.34,12.42,5.76,63.34
Madrid,Spain,40.4168,-3.7038,2026-06-11 21:00:00+00:00,2.0,2.35,4.48,1.24,94.52
Paris,France,48.8566,2.3522,2026-06-11 21:00:00+00:00,2.0,1.69,2.67,1.46,73.55
Antananarivo,Madagascar,-18.8792,47.5079,2026-06-11 22:00:00+00:00,1.0,9.41,14.83,2.19,31.98
Buenos Aires,Argentina,-34.6037,-58.3816,2026-06-11 22:00:00+00:00,1.0,8.85,17.19,3.7,27.54
London,England,51.5074,-0.1278,2026-06-11 22:00:00+00:00,1.0,4.9,11.51,6.07,58.24
Madrid,Spain,40.4168,-3.7038,2026-06-11 22:00:00+00:00,2.0,2.22,4.15,1.48,91.68
Paris,France,48.8566,2.3522,2026-06-11 22:00:00+00:00,2.0,1.72,2.82,1.47,72.51
Antananarivo,Madagascar,-18.8792,47.5079,2026-06-11 23:00:00+00:00,1.0,9.23,14.54,2.14,32.95
Buenos Aires,Argentina,-34.6037,-58.3816,2026-06-11 23:00:00+00:00,1.0,9.33,17.65,4.55,24.28
London,England,51.5074,-0.1278,2026-06-11 23:00:00+00:00,1.0,4.37,10.47,6.28,54.12
Madrid,Spain,40.4168,-3.7038,2026-06-11 23:00:00+00:00,2.0,2.1,3.93,1.66,87.07
Paris,France,48.8566,2.3522,2026-06-11 23:00:00+00:00,2.0,1.69,3.02,1.35,72.36
Antananarivo,Madagascar,-18.8792,47.5079,2026-06-12 00:00:00+00:00,1.0,9.1,14.35,2.09,34.14
Buenos Aires,Argentina,-34.6037,-58.3816,2026-06-12 00:00:00+00:00,1.0,9.99,18.33,5.46,20.83
London,England,51.5074,-0.1278,2026-06-12 00:00:00+00:00,1.0,4.15,10.1,6.37,50.8
Madrid,Spain,40.4168,-3.7038,2026-06-12 00:00:00+00:00,2.0,2.0,3.81,1.7,81.22
Paris,France,48.8566,2.3522,2026-06-12 00:00:00+00:00,2.0,1.68,3.33,1.19,72.22
Antananarivo,Madagascar,-18.8792,47.5079,2026-06-12 01:00:00+00:00,1.0,8.92,14.09,2.04,35.14
Buenos Aires,Argentina,-34.6037,-58.3816,2026-06-12 01:00:00+00:00,2.0,10.62,18.87,6.43,17.2
London,England,51.5074,-0.1278,2026-06-12 01:00:00+00:00,1.0,4.13,10.06,6.34,48.11
Madrid,Spain,40.4168,-3.7038,2026-06-12 01:00:00+00:00,2.0,1.97,3.89,1.58,75.03
Paris,France,48.8566,2.3522,2026-06-12 01:00:00+00:00,2.0,1.72,3.73,1.03,71.96
Antananarivo,Madagascar,-18.8792,47.5079,2026-06-12 02:00:00+00:00,1.0,8.78,13.9,1.98,35.52
Buenos Aires,Argentina,-34.6037,-58.3816,2026-06-12 02:00:00+00:00,2.0,11.39,19.71,7.16,14.8
London,England,51.5074,-0.1278,2026-06-12 02:00:00+00:00,1.0,4.13,10.0,6.17,46.07
Madrid,Spain,40.4168,-3.7038,2026-06-12 02:00:00+00:00,2.0,2.06,4.32,1.41,70.43
Paris,France,48.8566,2.3522,2026-06-12 02:00:00+00:00,2.0,1.82,4.18,0.94,71.35
Antananarivo,Madagascar,-18.8792,47.5079,2026-06-12 03:00:00+00:00,1.0,8.85,14.08,1.99,35.25
Buenos Aires,Argentina,-34.6037,-58.3816,2026-06-12 03:00:00+00:00,2.0,12.15,20.86,7.43,14.9
London,England,51.5074,-0.1278,2026-06-12 03:00:00+00:00,1.0,3.96,9.43,5.84,44.71
Madrid,Spain,40.4168,-3.7038,2026-06-12 03:00:00+00:00,2.0,2.23,5.03,1.26,67.23
Paris,France,48.8566,2.3522,2026-06-12 03:00:00+00:00,2.0,1.93,4.56,0.91,69.55
Antananarivo,Madagascar,-18.8792,47.5079,2026-06-12 04:00:00+00:00,1.0,9.5,15.53,2.21,33.83
Buenos Aires,Argentina,-34.6037,-58.3816,2026-06-12 04:00:00+00:00,2.0,12.7,22.63,6.6,22.37
London,England,51.5074,-0.1278,2026-06-12 04:00:00+00:00,1.0,3.6,8.47,5.5,44.11
Madrid,Spain,40.4168,-3.7038,2026-06-12 04:00:00+00:00,2.0,2.39,5.75,1.13,64.55
Paris,France,48.8566,2.3522,2026-06-12 04:00:00+00:00,2.0,2.01,4.78,0.93,67.1
Antananarivo,Madagascar,-18.8792,47.5079,2026-06-12 05:00:00+00:00,2.0,10.47,17.28,2.05,33.11
Buenos Aires,Argentina,-34.6037,-58.3816,2026-06-12 05:00:00+00:00,2.0,13.43,23.33,6.39,23.54
London,England,51.5074,-0.1278,2026-06-12 05:00:00+00:00,1.0,3.53,8.33,5.87,43.53
Madrid,Spain,40.4168,-3.7038,2026-06-12 05:00:00+00:00,2.0,2.56,6.45,1.14,62.95
Paris,France,48.8566,2.3522,2026-06-12 05:00:00+00:00,2.0,2.06,4.87,1.16,64.32
Antananarivo,Madagascar,-18.8792,47.5079,2026-06-12 06:00:00+00:00,2.0,12.1,19.23,1.44,38.2
Buenos Aires,Argentina,-34.6037,-58.3816,2026-06-12 06:00:00+00:00,2.0,13.99,23.83,6.11,24.45
London,England,51.5074,-0.1278,2026-06-12 06:00:00+00:00,1.0,3.61,8.42,6.08,43.37
Madrid,Spain,40.4168,-3.7038,2026-06-12 06:00:00+00:00,2.0,2.71,7.12,1.34,61.94
Paris,France,48.8566,2.3522,2026-06-12 06:00:00+00:00,2.0,2.07,4.86,1.49,61.95
Antananarivo,Madagascar,-18.8792,47.5079,2026-06-12 07:00:00+00:00,2.0,5.67,8.9,0.37,61.32
Buenos Aires,Argentina,-34.6037,-58.3816,2026-06-12 07:00:00+00:00,2.0,14.28,23.99,5.65,25.28
London,England,51.5074,-0.1278,2026-06-12 07:00:00+00:00,1.0,3.69,8.49,5.78,43.94
Madrid,Spain,40.4168,-3.7038,2026-06-12 07:00:00+00:00,2.0,2.8,7.61,1.3,62.18
Paris,France,48.8566,2.3522,2026-06-12 07:00:00+00:00,2.0,1.98,4.54,1.55,60.3
Antananarivo,Madagascar,-18.8792,47.5079,2026-06-12 08:00:00+00:00,2.0,5.26,7.97,0.21,65.28
Buenos Aires,Argentina,-34.6037,-58.3816,2026-06-12 08:00:00+00:00,2.0,14.48,23.89,5.31,25.02
London,England,51.5074,-0.1278,2026-06-12 08:00:00+00:00,1.0,3.77,8.79,5.57,44.71
Madrid,Spain,40.4168,-3.7038,2026-06-12 08:00:00+00:00,2.0,2.85,7.9,1.13,64.91
Paris,France,48.8566,2.3522,2026-06-12 08:00:00+00:00,1.0,1.84,4.13,1.45,57.8
Antananarivo,Madagascar,-18.8792,47.5079,2026-06-12 09:00:00+00:00,2.0,5.05,7.54,0.17,65.81
Buenos Aires,Argentina,-34.6037,-58.3816,2026-06-12 09:00:00+00:00,2.0,14.57,23.71,5.14,24.35
London,England,51.5074,-0.1278,2026-06-12 09:00:00+00:00,1.0,3.85,9.32,5.33,45.8
Madrid,Spain,40.4168,-3.7038,2026-06-12 09:00:00+00:00,2.0,2.93,8.07,0.89,70.84
Paris,France,48.8566,2.3522,2026-06-12 09:00:00+00:00,1.0,1.7,3.77,1.26,56.49
Antananarivo,Madagascar,-18.8792,47.5079,2026-06-12 10:00:00+00:00,2.0,3.79,5.22,0.13,71.36
Buenos Aires,Argentina,-34.6037,-58.3816,2026-06-12 10:00:00+00:00,2.0,14.43,23.25,5.19,23.47
London,England,51.5074,-0.1278,2026-06-12 10:00:00+00:00,1.0,3.96,10.0,4.89,47.72
Madrid,Spain,40.4168,-3.7038,2026-06-12 10:00:00+00:00,2.0,2.88,7.78,0.51,83.36
Paris,France,48.8566,2.3522,2026-06-12 10:00:00+00:00,1.0,1.56,3.41,0.99,57.55
Antananarivo,Madagascar,-18.8792,47.5079,2026-06-12 11:00:00+00:00,2.0,3.64,4.8,0.14,72.49
Buenos Aires,Argentina,-34.6037,-58.3816,2026-06-12 11:00:00+00:00,2.0,14.17,22.68,5.53,22.65
London,England,51.5074,-0.1278,2026-06-12 11:00:00+00:00,1.0,4.07,10.62,4.19,51.06
Madrid,Spain,40.4168,-3.7038,2026-06-12 11:00:00+00:00,2.0,2.76,7.12,0.35,87.98
Paris,France,48.8566,2.3522,2026-06-12 11:00:00+00:00,1.0,1.45,3.07,0.78,59.05
Antananarivo,Madagascar,-18.8792,47.5079,2026-06-12 12:00:00+00:00,2.0,3.74,4.86,0.17,72.36
Buenos Aires,Argentina,-34.6037,-58.3816,2026-06-12 12:00:00+00:00,2.0,13.77,21.46,5.78,22.48
London,England,51.5074,-0.1278,2026-06-12 12:00:00+00:00,1.0,4.16,10.95,3.49,55.52
Madrid,Spain,40.4168,-3.7038,2026-06-12 12:00:00+00:00,2.0,2.71,6.75,0.31,89.63
Paris,France,48.8566,2.3522,2026-06-12 12:00:00+00:00,2.0,1.35,2.67,0.62,60.49
Antananarivo,Madagascar,-18.8792,47.5079,2026-06-12 13:00:00+00:00,2.0,4.27,5.67,0.32,69.3
Buenos Aires,Argentina,-34.6037,-58.3816,2026-06-12 13:00:00+00:00,2.0,13.14,20.9,4.84,24.34
London,England,51.5074,-0.1278,2026-06-12 13:00:00+00:00,2.0,4.26,11.37,2.97,60.25
Madrid,Spain,40.4168,-3.7038,2026-06-12 13:00:00+00:00,2.0,2.35,5.56,0.25,91.96
Paris,France,48.8566,2.3522,2026-06-12 13:00:00+00:00,2.0,1.24,2.3,0.44,61.92
Antananarivo,Madagascar,-18.8792,47.5079,2026-06-12 14:00:00+00:00,2.0,5.23,7.19,0.7,64.06
Buenos Aires,Argentina,-34.6037,-58.3816,2026-06-12 14:00:00+00:00,2.0,12.52,20.59,4.29,26.66
London,England,51.5074,-0.1278,2026-06-12 14:00:00+00:00,2.0,4.39,11.73,2.83,64.14
Madrid,Spain,40.4168,-3.7038,2026-06-12 14:00:00+00:00,2.0,1.88,4.25,0.22,90.7
Paris,France,48.8566,2.3522,2026-06-12 14:00:00+00:00,2.0,1.21,2.11,0.39,61.67
Antananarivo,Madagascar,-18.8792,47.5079,2026-06-12 15:00:00+00:00,1.0,6.28,8.81,1.17,59.92
Buenos Aires,Argentina,-34.6037,-58.3816,2026-06-12 15:00:00+00:00,2.0,11.96,20.33,4.29,31.76
London,England,51.5074,-0.1278,2026-06-12 15:00:00+00:00,2.0,4.5,11.88,2.95,66.44
Madrid,Spain,40.4168,-3.7038,2026-06-12 15:00:00+00:00,2.0,1.66,3.67,0.23,89.6
Paris,France,48.8566,2.3522,2026-06-12 15:00:00+00:00,2.0,1.22,2.02,0.43,62.19
Antananarivo,Madagascar,-18.8792,47.5079,2026-06-12 16:00:00+00:00,1.0,7.81,11.21,1.66,54.9
Buenos Aires,Argentina,-34.6037,-58.3816,2026-06-12 16:00:00+00:00,1.0,9.93,18.31,3.55,48.49
London,England,51.5074,-0.1278,2026-06-12 16:00:00+00:00,2.0,4.54,11.81,3.18,67.54
Madrid,Spain,40.4168,-3.7038,2026-06-12 16:00:00+00:00,2.0,1.54,3.35,0.26,89.89
Paris,France,48.8566,2.3522,2026-06-12 16:00:00+00:00,2.0,1.26,1.98,0.5,63.64
Antananarivo,Madagascar,-18.8792,47.5079,2026-06-12 17:00:00+00:00,2.0,10.04,14.71,2.24,51.08
Buenos Aires,Argentina,-34.6037,-58.3816,2026-06-12 17:00:00+00:00,1.0,9.58,17.14,3.36,53.62
London,England,51.5074,-0.1278,2026-06-12 17:00:00+00:00,2.0,4.63,11.84,3.65,66.88
Madrid,Spain,40.4168,-3.7038,2026-06-12 17:00:00+00:00,2.0,1.43,3.11,0.29,89.29
Paris,France,48.8566,2.3522,2026-06-12 17:00:00+00:00,2.0,1.32,1.99,0.57,64.81
Antananarivo,Madagascar,-18.8792,47.5079,2026-06-12 18:00:00+00:00,2.0,12.3,18.12,2.71,49.3
Buenos Aires,Argentina,-34.6037,-58.3816,2026-06-12 18:00:00+00:00,1.0,9.43,16.26,3.29,56.36
London,England,51.5074,-0.1278,2026-06-12 18:00:00+00:00,2.0,4.61,11.58,4.36,64.39
Madrid,Spain,40.4168,-3.7038,2026-06-12 18:00:00+00:00,2.0,1.36,2.98,0.33,88.1
Paris,France,48.8566,2.3522,2026-06-12 18:00:00+00:00,2.0,1.37,2.01,0.67,65.45
Antananarivo,Madagascar,-18.8792,47.5079,2026-06-12 19:00:00+00:00,2.0,14.28,21.02,3.06,48.14
Buenos Aires,Argentina,-34.6037,-58.3816,2026-06-12 19:00:00+00:00,1.0,9.24,15.35,3.28,56.53
London,England,51.5074,-0.1278,2026-06-12 19:00:00+00:00,1.0,4.31,10.58,5.48,59.81
Madrid,Spain,40.4168,-3.7038,2026-06-12 19:00:00+00:00,2.0,1.32,2.99,0.4,87.09
Paris,France,48.8566,2.3522,2026-06-12 19:00:00+00:00,2.0,1.45,2.12,1.07,60.82
Antananarivo,Madagascar,-18.8792,47.5079,2026-06-12 20:00:00+00:00,2.0,15.77,23.0,3.23,47.13
Buenos Aires,Argentina,-34.6037,-58.3816,2026-06-12 20:00:00+00:00,1.0,9.33,14.94,4.35,51.86
London,England,51.5074,-0.1278,2026-06-12 20:00:00+00:00,1.0,3.96,9.43,6.66,54.21
Madrid,Spain,40.4168,-3.7038,2026-06-12 20:00:00+00:00,2.0,1.34,3.13,0.48,86.34
Paris,France,48.8566,2.3522,2026-06-12 20:00:00+00:00,1.0,1.58,2.3,1.73,52.76
Antananarivo,Madagascar,-18.8792,47.5079,2026-06-12 21:00:00+00:00,2.0,16.24,23.26,3.12,45.04
Buenos Aires,Argentina,-34.6037,-58.3816,2026-06-12 21:00:00+00:00,1.0,9.52,14.84,6.08,46.87
London,England,51.5074,-0.1278,2026-06-12 21:00:00+00:00,1.0,3.7,8.49,7.11,49.84
Madrid,Spain,40.4168,-3.7038,2026-06-12 21:00:00+00:00,2.0,1.34,3.26,0.53,86.58
Paris,France,48.8566,2.3522,2026-06-12 21:00:00+00:00,1.0,1.72,2.5,2.22,46.68
Antananarivo,Madagascar,-18.8792,47.5079,2026-06-12 22:00:00+00:00,2.0,15.87,22.2,2.84,41.77
Buenos Aires,Argentina,-34.6037,-58.3816,2026-06-12 22:00:00+00:00,1.0,9.7,14.84,7.76,42.14
London,England,51.5074,-0.1278,2026-06-12 22:00:00+00:00,1.0,3.55,7.9,7.23,47.19
Madrid,Spain,40.4168,-3.7038,2026-06-12 22:00:00+00:00,2.0,1.32,3.28,0.58,85.37
Paris,France,48.8566,2.3522,2026-06-12 22:00:00+00:00,1.0,1.82,2.65,2.43,42.23
Antananarivo,Madagascar,-18.8792,47.5079,2026-06-12 23:00:00+00:00,2.0,15.59,21.62,2.6,40.4
Buenos Aires,Argentina,-34.6037,-58.3816,2026-06-12 23:00:00+00:00,2.0,10.13,15.35,9.45,38.9
London,England,51.5074,-0.1278,2026-06-12 23:00:00+00:00,1.0,3.44,7.44,7.16,45.54
Madrid,Spain,40.4168,-3.7038,2026-06-12 23:00:00+00:00,2.0,1.33,3.31,0.61,84.6
Paris,France,48.8566,2.3522,2026-06-12 23:00:00+00:00,1.0,1.92,2.82,2.22,40.41
Antananarivo,Madagascar,-18.8792,47.5079,2026-06-13 00:00:00+00:00,2.0,15.31,21.12,2.38,40.28
Buenos Aires,Argentina,-34.6037,-58.3816,2026-06-13 00:00:00+00:00,2.0,10.8,16.36,10.92,36.72
London,England,51.5074,-0.1278,2026-06-13 00:00:00+00:00,1.0,3.16,6.71,6.73,44.81
Madrid,Spain,40.4168,-3.7038,2026-06-13 00:00:00+00:00,2.0,1.35,3.36,0.59,83.68
Paris,France,48.8566,2.3522,2026-06-13 00:00:00+00:00,1.0,2.05,3.08,1.94,39.32
Antananarivo,Madagascar,-18.8792,47.5079,2026-06-13 01:00:00+00:00,2.0,14.78,20.26,2.16,40.07
Buenos Aires,Argentina,-34.6037,-58.3816,2026-06-13 01:00:00+00:00,2.0,11.57,17.58,12.19,34.18
London,England,51.5074,-0.1278,2026-06-13 01:00:00+00:00,1.0,2.68,5.52,5.42,45.95
Madrid,Spain,40.4168,-3.7038,2026-06-13 01:00:00+00:00,2.0,1.36,3.38,0.58,80.14
Paris,France,48.8566,2.3522,2026-06-13 01:00:00+00:00,1.0,2.18,3.39,1.7,37.98
Antananarivo,Madagascar,-18.8792,47.5079,2026-06-13 02:00:00+00:00,2.0,14.21,19.28,1.97,40.06
Buenos Aires,Argentina,-34.6037,-58.3816,2026-06-13 02:00:00+00:00,2.0,12.38,18.71,12.68,31.69
London,England,51.5074,-0.1278,2026-06-13 02:00:00+00:00,1.0,2.57,5.15,4.84,46.66
Madrid,Spain,40.4168,-3.7038,2026-06-13 02:00:00+00:00,2.0,1.4,3.43,0.59,77.44
Paris,France,48.8566,2.3522,2026-06-13 02:00:00+00:00,1.0,2.29,3.66,1.54,35.49
Antananarivo,Madagascar,-18.8792,47.5079,2026-06-13 03:00:00+00:00,2.0,13.73,18.61,1.83,40.61
Buenos Aires,Argentina,-34.6037,-58.3816,2026-06-13 03:00:00+00:00,2.0,12.89,19.46,11.7,30.87
London,England,51.5074,-0.1278,2026-06-13 03:00:00+00:00,1.0,2.8,5.51,4.79,47.1
Madrid,Spain,40.4168,-3.7038,2026-06-13 03:00:00+00:00,2.0,1.42,3.47,0.6,75.67
Paris,France,48.8566,2.3522,2026-06-13 03:00:00+00:00,1.0,2.33,3.81,1.42,32.56
Antananarivo,Madagascar,-18.8792,47.5079,2026-06-13 04:00:00+00:00,2.0,12.69,17.71,1.71,45.01
Buenos Aires,Argentina,-34.6037,-58.3816,2026-06-13 04:00:00+00:00,2.0,13.11,19.71,9.83,30.51
London,England,51.5074,-0.1278,2026-06-13 04:00:00+00:00,1.0,3.22,6.25,4.84,47.37
Madrid,Spain,40.4168,-3.7038,2026-06-13 04:00:00+00:00,2.0,1.42,3.42,0.61,73.21
Paris,France,48.8566,2.3522,2026-06-13 04:00:00+00:00,1.0,2.28,3.79,1.37,29.77
Antananarivo,Madagascar,-18.8792,47.5079,2026-06-13 05:00:00+00:00,2.0,12.27,17.56,1.55,44.8
Buenos Aires,Argentina,-34.6037,-58.3816,2026-06-13 05:00:00+00:00,2.0,13.27,19.49,7.96,29.83
London,England,51.5074,-0.1278,2026-06-13 05:00:00+00:00,1.0,3.69,7.12,5.0,47.51
Madrid,Spain,40.4168,-3.7038,2026-06-13 05:00:00+00:00,2.0,1.42,3.39,0.7,70.99
Paris,France,48.8566,2.3522,2026-06-13 05:00:00+00:00,1.0,2.18,3.71,1.56,27.91
Antananarivo,Madagascar,-18.8792,47.5079,2026-06-13 06:00:00+00:00,2.0,12.76,18.21,1.04,47.92
Buenos Aires,Argentina,-34.6037,-58.3816,2026-06-13 06:00:00+00:00,2.0,13.34,18.76,6.26,29.39
London,England,51.5074,-0.1278,2026-06-13 06:00:00+00:00,1.0,4.11,7.94,4.81,48.33
Madrid,Spain,40.4168,-3.7038,2026-06-13 06:00:00+00:00,2.0,1.43,3.35,0.91,68.93
Paris,France,48.8566,2.3522,2026-06-13 06:00:00+00:00,1.0,2.03,3.58,1.88,27.59
Antananarivo,Madagascar,-18.8792,47.5079,2026-06-13 07:00:00+00:00,2.0,6.81,9.51,0.27,62.62
Buenos Aires,Argentina,-34.6037,-58.3816,2026-06-13 07:00:00+00:00,2.0,13.23,17.93,4.77,28.95
London,England,51.5074,-0.1278,2026-06-13 07:00:00+00:00,1.0,4.45,8.67,4.48,49.51
Madrid,Spain,40.4168,-3.7038,2026-06-13 07:00:00+00:00,2.0,1.39,3.24,0.94,69.31
Paris,France,48.8566,2.3522,2026-06-13 07:00:00+00:00,1.0,1.8,3.28,1.72,29.47
Antananarivo,Madagascar,-18.8792,47.5079,2026-06-13 08:00:00+00:00,2.0,6.07,8.29,0.16,63.74
Buenos Aires,Argentina,-34.6037,-58.3816,2026-06-13 08:00:00+00:00,2.0,13.21,17.49,3.82,28.36
London,England,51.5074,-0.1278,2026-06-13 08:00:00+00:00,1.0,4.81,9.51,4.58,50.69
Madrid,Spain,40.4168,-3.7038,2026-06-13 08:00:00+00:00,2.0,1.36,3.13,0.86,69.51
Paris,France,48.8566,2.3522,2026-06-13 08:00:00+00:00,1.0,1.67,3.03,1.43,29.27
Antananarivo,Madagascar,-18.8792,47.5079,2026-06-13 09:00:00+00:00,2.0,5.74,7.76,0.13,63.16
Buenos Aires,Argentina,-34.6037,-58.3816,2026-06-13 09:00:00+00:00,2.0,13.29,17.29,3.38,27.36
London,England,51.5074,-0.1278,2026-06-13 09:00:00+00:00,1.0,5.2,10.55,4.65,53.3
Madrid,Spain,40.4168,-3.7038,2026-06-13 09:00:00+00:00,2.0,1.34,3.03,0.67,72.36
Paris,France,48.8566,2.3522,2026-06-13 09:00:00+00:00,1.0,1.58,2.81,1.11,31.04
Antananarivo,Madagascar,-18.8792,47.5079,2026-06-13 10:00:00+00:00,2.0,4.86,6.54,0.11,65.17
Buenos Aires,Argentina,-34.6037,-58.3816,2026-06-13 10:00:00+00:00,2.0,13.39,17.22,3.35,25.68
London,England,51.5074,-0.1278,2026-06-13 10:00:00+00:00,1.0,5.6,11.75,4.51,57.86
Madrid,Spain,40.4168,-3.7038,2026-06-13 10:00:00+00:00,2.0,1.21,2.79,0.37,84.3
Paris,France,48.8566,2.3522,2026-06-13 10:00:00+00:00,1.0,1.28,2.14,0.63,39.66
Antananarivo,Madagascar,-18.8792,47.5079,2026-06-13 11:00:00+00:00,2.0,4.66,6.21,0.11,65.07
Buenos Aires,Argentina,-34.6037,-58.3816,2026-06-13 11:00:00+00:00,2.0,13.53,17.27,3.55,23.31
London,England,51.5074,-0.1278,2026-06-13 11:00:00+00:00,2.0,6.1,13.17,4.35,63.87
Madrid,Spain,40.4168,-3.7038,2026-06-13 11:00:00+00:00,2.0,1.14,2.58,0.27,86.08
Paris,France,48.8566,2.3522,2026-06-13 11:00:00+00:00,1.0,1.22,1.87,0.46,44.86
Antananarivo,Madagascar,-18.8792,47.5079,2026-06-13 12:00:00+00:00,2.0,4.71,6.23,0.12,64.3
Buenos Aires,Argentina,-34.6037,-58.3816,2026-06-13 12:00:00+00:00,2.0,13.56,17.3,3.64,20.81
London,England,51.5074,-0.1278,2026-06-13 12:00:00+00:00,2.0,6.7,14.69,4.22,70.07
Madrid,Spain,40.4168,-3.7038,2026-06-13 12:00:00+00:00,2.0,1.11,2.45,0.24,85.87
Paris,France,48.8566,2.3522,2026-06-13 12:00:00+00:00,1.0,1.21,1.74,0.38,47.86
Antananarivo,Madagascar,-18.8792,47.5079,2026-06-13 13:00:00+00:00,1.0,5.33,7.14,0.29,58.98
Buenos Aires,Argentina,-34.6037,-58.3816,2026-06-13 13:00:00+00:00,2.0,13.4,17.33,3.1,18.88
London,England,51.5074,-0.1278,2026-06-13 13:00:00+00:00,2.0,7.32,16.15,4.24,75.53
Madrid,Spain,40.4168,-3.7038,2026-06-13 13:00:00+00:00,2.0,1.29,3.46,0.2,87.08
Paris,France,48.8566,2.3522,2026-06-13 13:00:00+00:00,1.0,1.07,1.5,0.33,51.09
Antananarivo,Madagascar,-18.8792,47.5079,2026-06-13 14:00:00+00:00,1.0,6.44,8.81,0.7,51.25
Buenos Aires,Argentina,-34.6037,-58.3816,2026-06-13 14:00:00+00:00,2.0,13.09,17.51,2.6,17.6
London,England,51.5074,-0.1278,2026-06-13 14:00:00+00:00,2.0,7.94,17.56,4.58,79.69
Madrid,Spain,40.4168,-3.7038,2026-06-13 14:00:00+00:00,2.0,1.92,6.21,0.18,87.23
Paris,France,48.8566,2.3522,2026-06-13 14:00:00+00:00,1.0,0.95,1.31,0.31,52.85
Antananarivo,Madagascar,-18.8792,47.5079,2026-06-13 15:00:00+00:00,1.0,7.58,10.51,1.2,45.22
Buenos Aires,Argentina,-34.6037,-58.3816,2026-06-13 15:00:00+00:00,2.0,12.23,16.96,2.31,18.05
London,England,51.5074,-0.1278,2026-06-13 15:00:00+00:00,2.0,8.47,18.8,5.05,82.57
Madrid,Spain,40.4168,-3.7038,2026-06-13 15:00:00+00:00,2.0,2.32,7.75,0.19,87.58
Paris,France,48.8566,2.3522,2026-06-13 15:00:00+00:00,1.0,0.88,1.2,0.33,54.29
Antananarivo,Madagascar,-18.8792,47.5079,2026-06-13 16:00:00+00:00,1.0,8.83,12.43,1.59,40.74
Buenos Aires,Argentina,-34.6037,-58.3816,2026-06-13 16:00:00+00:00,1.0,9.24,13.58,1.75,30.41
London,England,51.5074,-0.1278,2026-06-13 16:00:00+00:00,2.0,8.82,19.68,5.73,84.17
Madrid,Spain,40.4168,-3.7038,2026-06-13 16:00:00+00:00,2.0,2.56,8.55,0.25,88.33
Paris,France,48.8566,2.3522,2026-06-13 16:00:00+00:00,1.0,0.8,1.09,0.37,56.78
Antananarivo,Madagascar,-18.8792,47.5079,2026-06-13 17:00:00+00:00,2.0,10.27,14.58,1.91,38.09
Buenos Aires,Argentina,-34.6037,-58.3816,2026-06-13 17:00:00+00:00,1.0,6.35,8.82,1.23,36.74
London,England,51.5074,-0.1278,2026-06-13 17:00:00+00:00,2.0,8.94,20.04,6.6,84.02
Madrid,Spain,40.4168,-3.7038,2026-06-13 17:00:00+00:00,2.0,2.65,8.75,0.32,87.55
Paris,France,48.8566,2.3522,2026-06-13 17:00:00+00:00,1.0,0.78,1.06,0.42,58.34
Antananarivo,Madagascar,-18.8792,47.5079,2026-06-13 18:00:00+00:00,2.0,11.42,16.14,2.11,36.01
Buenos Aires,Argentina,-34.6037,-58.3816,2026-06-13 18:00:00+00:00,1.0,4.08,5.3,0.89,40.89
London,England,51.5074,-0.1278,2026-06-13 18:00:00+00:00,2.0,8.87,19.88,7.85,82.92
Madrid,Spain,40.4168,-3.7038,2026-06-13 18:00:00+00:00,2.0,2.71,8.87,0.38,87.2
Paris,France,48.8566,2.3522,2026-06-13 18:00:00+00:00,1.0,0.79,1.07,0.5,58.02
Antananarivo,Madagascar,-18.8792,47.5079,2026-06-13 19:00:00+00:00,2.0,11.85,16.58,2.15,34.16
Buenos Aires,Argentina,-34.6037,-58.3816,2026-06-13 19:00:00+00:00,1.0,2.19,2.74,0.67,44.43
London,England,51.5074,-0.1278,2026-06-13 19:00:00+00:00,2.0,8.55,19.11,9.68,80.95
Madrid,Spain,40.4168,-3.7038,2026-06-13 19:00:00+00:00,2.0,2.8,8.91,0.51,85.03
Paris,France,48.8566,2.3522,2026-06-13 19:00:00+00:00,1.0,0.86,1.21,0.88,53.48
Antananarivo,Madagascar,-18.8792,47.5079,2026-06-13 20:00:00+00:00,2.0,12.11,16.89,2.18,32.2
Buenos Aires,Argentina,-34.6037,-58.3816,2026-06-13 20:00:00+00:00,1.0,1.15,1.42,0.58,46.93
London,England,51.5074,-0.1278,2026-06-13 20:00:00+00:00,2.0,7.88,17.55,11.32,77.89
Madrid,Spain,40.4168,-3.7038,2026-06-13 20:00:00+00:00,2.0,2.93,8.87,0.66,81.53
Paris,France,48.8566,2.3522,2026-06-13 20:00:00+00:00,1.0,1.0,1.45,1.46,46.65
Antananarivo,Madagascar,-18.8792,47.5079,2026-06-13 21:00:00+00:00,2.0,11.64,16.06,2.03,30.07
Buenos Aires,Argentina,-34.6037,-58.3816,2026-06-13 21:00:00+00:00,1.0,0.71,0.84,0.54,48.59
London,England,51.5074,-0.1278,2026-06-13 21:00:00+00:00,2.0,6.93,15.56,11.6,73.4
Madrid,Spain,40.4168,-3.7038,2026-06-13 21:00:00+00:00,2.0,3.05,8.7,0.75,78.59
Paris,France,48.8566,2.3522,2026-06-13 21:00:00+00:00,1.0,1.15,1.68,1.9,41.16
Antananarivo,Madagascar,-18.8792,47.5079,2026-06-13 22:00:00+00:00,2.0,10.69,14.31,1.77,27.35
Buenos Aires,Argentina,-34.6037,-58.3816,2026-06-13 22:00:00+00:00,1.0,0.52,0.63,0.55,48.1
London,England,51.5074,-0.1278,2026-06-13 22:00:00+00:00,2.0,5.96,13.7,11.86,68.17
Madrid,Spain,40.4168,-3.7038,2026-06-13 22:00:00+00:00,2.0,3.14,8.52,0.8,75.43
Paris,France,48.8566,2.3522,2026-06-13 22:00:00+00:00,1.0,1.27,1.87,2.1,36.18
Antananarivo,Madagascar,-18.8792,47.5079,2026-06-13 23:00:00+00:00,1.0,9.75,12.85,1.56,25.29
Buenos Aires,Argentina,-34.6037,-58.3816,2026-06-13 23:00:00+00:00,1.0,0.5,0.62,0.6,46.65
London,England,51.5074,-0.1278,2026-06-13 23:00:00+00:00,2.0,5.13,12.18,12.1,62.18
Madrid,Spain,40.4168,-3.7038,2026-06-13 23:00:00+00:00,2.0,3.25,8.5,0.81,72.99
Paris,France,48.8566,2.3522,2026-06-13 23:00:00+00:00,1.0,1.39,2.06,2.04,33.06
Antananarivo,Madagascar,-18.8792,47.5079,2026-06-14 00:00:00+00:00,1.0,8.67,11.29,1.36,24.05
Buenos Aires,Argentina,-34.6037,-58.3816,2026-06-14 00:00:00+00:00,1.0,0.5,0.68,0.65,45.22
London,England,51.5074,-0.1278,2026-06-14 00:00:00+00:00,1.0,4.49,11.0,12.37,56.42
Madrid,Spain,40.4168,-3.7038,2026-06-14 00:00:00+00:00,2.0,3.32,8.42,0.79,70.93
Paris,France,48.8566,2.3522,2026-06-14 00:00:00+00:00,1.0,1.53,2.28,1.89,30.87
Antananarivo,Madagascar,-18.8792,47.5079,2026-06-14 01:00:00+00:00,1.0,7.46,9.43,1.18,23.78
Buenos Aires,Argentina,-34.6037,-58.3816,2026-06-14 01:00:00+00:00,1.0,0.5,0.81,0.69,43.81
London,England,51.5074,-0.1278,2026-06-14 01:00:00+00:00,1.0,4.05,10.04,12.85,50.97
Madrid,Spain,40.4168,-3.7038,2026-06-14 01:00:00+00:00,2.0,3.29,8.2,0.76,68.29
Paris,France,48.8566,2.3522,2026-06-14 01:00:00+00:00,1.0,1.69,2.52,1.76,28.97
Antananarivo,Madagascar,-18.8792,47.5079,2026-06-14 02:00:00+00:00,1.0,6.7,8.75,1.11,22.76
Buenos Aires,Argentina,-34.6037,-58.3816,2026-06-14 02:00:00+00:00,1.0,0.5,1.02,0.74,42.97
London,England,51.5074,-0.1278,2026-06-14 02:00:00+00:00,1.0,3.84,9.33,14.09,45.34
Madrid,Spain,40.4168,-3.7038,2026-06-14 02:00:00+00:00,2.0,3.25,8.03,0.75,66.02
Paris,France,48.8566,2.3522,2026-06-14 02:00:00+00:00,1.0,1.92,2.9,1.72,28.33
Antananarivo,Madagascar,-18.8792,47.5079,2026-06-14 03:00:00+00:00,1.0,6.25,8.46,1.1,21.89
Buenos Aires,Argentina,-34.6037,-58.3816,2026-06-14 03:00:00+00:00,1.0,0.52,1.24,0.78,42.48
London,England,51.5074,-0.1278,2026-06-14 03:00:00+00:00,1.0,3.68,8.68,15.29,40.42
Madrid,Spain,40.4168,-3.7038,2026-06-14 03:00:00+00:00,2.0,3.18,7.94,0.75,64.61
Paris,France,48.8566,2.3522,2026-06-14 03:00:00+00:00,1.0,2.24,3.44,1.73,29.75
Antananarivo,Madagascar,-18.8792,47.5079,2026-06-14 04:00:00+00:00,1.0,6.22,8.9,1.22,21.12
Buenos Aires,Argentina,-34.6037,-58.3816,2026-06-14 04:00:00+00:00,1.0,0.55,1.49,0.8,41.74
London,England,51.5074,-0.1278,2026-06-14 04:00:00+00:00,1.0,3.55,8.12,16.04,36.62
Madrid,Spain,40.4168,-3.7038,2026-06-14 04:00:00+00:00,2.0,3.08,7.87,0.75,62.58
Paris,France,48.8566,2.3522,2026-06-14 04:00:00+00:00,1.0,2.62,4.17,1.81,33.43
Antananarivo,Madagascar,-18.8792,47.5079,2026-06-14 05:00:00+00:00,1.0,6.17,9.31,1.07,21.42
Buenos Aires,Argentina,-34.6037,-58.3816,2026-06-14 05:00:00+00:00,1.0,0.61,1.83,0.84,40.89
London,England,51.5074,-0.1278,2026-06-14 05:00:00+00:00,1.0,3.47,7.81,16.22,34.58
Madrid,Spain,40.4168,-3.7038,2026-06-14 05:00:00+00:00,2.0,3.06,8.05,0.83,60.46
Paris,France,48.8566,2.3522,2026-06-14 05:00:00+00:00,1.0,2.95,4.91,2.14,35.13
Antananarivo,Madagascar,-18.8792,47.5079,2026-06-14 06:00:00+00:00,1.0,6.1,9.31,0.7,25.17
Buenos Aires,Argentina,-34.6037,-58.3816,2026-06-14 06:00:00+00:00,1.0,0.68,2.16,0.85,40.42
London,England,51.5074,-0.1278,2026-06-14 06:00:00+00:00,1.0,3.47,7.71,14.06,36.12
Madrid,Spain,40.4168,-3.7038,2026-06-14 06:00:00+00:00,1.0,3.13,8.52,0.98,59.47
Paris,France,48.8566,2.3522,2026-06-14 06:00:00+00:00,1.0,3.22,5.59,2.28,36.44
Antananarivo,Madagascar,-18.8792,47.5079,2026-06-14 07:00:00+00:00,1.0,3.66,5.67,0.2,40.84
Buenos Aires,Argentina,-34.6037,-58.3816,2026-06-14 07:00:00+00:00,1.0,0.75,2.43,0.85,39.7
London,England,51.5074,-0.1278,2026-06-14 07:00:00+00:00,1.0,3.53,7.71,11.62,38.24
Madrid,Spain,40.4168,-3.7038,2026-06-14 07:00:00+00:00,2.0,3.27,9.29,0.81,61.6
Paris,France,48.8566,2.3522,2026-06-14 07:00:00+00:00,1.0,3.41,6.2,2.07,40.01
Antananarivo,Madagascar,-18.8792,47.5079,2026-06-14 08:00:00+00:00,1.0,3.4,5.17,0.12,44.31
Buenos Aires,Argentina,-34.6037,-58.3816,2026-06-14 08:00:00+00:00,1.0,0.83,2.74,0.87,38.85
London,England,51.5074,-0.1278,2026-06-14 08:00:00+00:00,1.0,3.7,7.86,10.57,39.08
Madrid,Spain,40.4168,-3.7038,2026-06-14 08:00:00+00:00,2.0,3.47,10.1,0.65,63.95
Paris,France,48.8566,2.3522,2026-06-14 08:00:00+00:00,1.0,3.63,6.85,1.83,45.16
Antananarivo,Madagascar,-18.8792,47.5079,2026-06-14 09:00:00+00:00,1.0,3.31,4.95,0.09,44.8
Buenos Aires,Argentina,-34.6037,-58.3816,2026-06-14 09:00:00+00:00,1.0,0.91,3.07,0.91,37.86
London,England,51.5074,-0.1278,2026-06-14 09:00:00+00:00,1.0,3.98,8.19,10.22,39.83
Madrid,Spain,40.4168,-3.7038,2026-06-14 09:00:00+00:00,2.0,3.73,10.99,0.5,69.23
Paris,France,48.8566,2.3522,2026-06-14 09:00:00+00:00,1.0,4.1,7.79,1.55,53.28
Antananarivo,Madagascar,-18.8792,47.5079,2026-06-14 10:00:00+00:00,1.0,3.27,4.73,0.08,48.16
Buenos Aires,Argentina,-34.6037,-58.3816,2026-06-14 10:00:00+00:00,1.0,0.99,3.42,1.01,36.59
London,England,51.5074,-0.1278,2026-06-14 10:00:00+00:00,1.0,4.41,8.78,10.47,41.41
Madrid,Spain,40.4168,-3.7038,2026-06-14 10:00:00+00:00,2.0,3.85,11.67,0.23,86.12
Paris,France,48.8566,2.3522,2026-06-14 10:00:00+00:00,2.0,3.42,6.84,0.83,72.8
Antananarivo,Madagascar,-18.8792,47.5079,2026-06-14 11:00:00+00:00,1.0,3.26,4.56,0.09,49.86
Buenos Aires,Argentina,-34.6037,-58.3816,2026-06-14 11:00:00+00:00,1.0,1.09,3.84,1.24,34.97
London,England,51.5074,-0.1278,2026-06-14 11:00:00+00:00,1.0,5.15,9.87,11.37,43.06
Madrid,Spain,40.4168,-3.7038,2026-06-14 11:00:00+00:00,2.0,3.95,11.92,0.17,87.84
Paris,France,48.8566,2.3522,2026-06-14 11:00:00+00:00,2.0,3.02,5.95,0.51,78.4
Antananarivo,Madagascar,-18.8792,47.5079,2026-06-14 12:00:00+00:00,1.0,3.26,4.47,0.1,49.72
Buenos Aires,Argentina,-34.6037,-58.3816,2026-06-14 12:00:00+00:00,1.0,1.21,4.34,1.45,33.21
London,England,51.5074,-0.1278,2026-06-14 12:00:00+00:00,1.0,6.33,11.63,12.74,44.5
Madrid,Spain,40.4168,-3.7038,2026-06-14 12:00:00+00:00,2.0,4.16,12.45,0.16,86.81
Paris,France,48.8566,2.3522,2026-06-14 12:00:00+00:00,2.0,3.19,6.15,0.44,81.3
Antananarivo,Madagascar,-18.8792,47.5079,2026-06-14 13:00:00+00:00,1.0,3.69,5.05,0.25,46.03
Buenos Aires,Argentina,-34.6037,-58.3816,2026-06-14 13:00:00+00:00,1.0,1.31,4.88,1.25,31.54
London,England,51.5074,-0.1278,2026-06-14 13:00:00+00:00,1.0,7.64,13.75,14.73,45.93
Madrid,Spain,40.4168,-3.7038,2026-06-14 13:00:00+00:00,2.0,4.41,13.04,0.16,86.33
Paris,France,48.8566,2.3522,2026-06-14 13:00:00+00:00,2.0,2.97,5.55,0.36,80.59
Antananarivo,Madagascar,-18.8792,47.5079,2026-06-14 14:00:00+00:00,1.0,4.47,6.2,0.57,40.25
Buenos Aires,Argentina,-34.6037,-58.3816,2026-06-14 14:00:00+00:00,1.0,1.41,5.59,0.95,30.61
London,England,51.5074,-0.1278,2026-06-14 14:00:00+00:00,1.0,8.77,15.33,16.7,48.04
Madrid,Spain,40.4168,-3.7038,2026-06-14 14:00:00+00:00,2.0,4.58,13.39,0.17,83.82
Paris,France,48.8566,2.3522,2026-06-14 14:00:00+00:00,2.0,2.74,4.94,0.33,79.01
Antananarivo,Madagascar,-18.8792,47.5079,2026-06-14 15:00:00+00:00,1.0,5.27,7.39,0.97,35.27
Buenos Aires,Argentina,-34.6037,-58.3816,2026-06-14 15:00:00+00:00,1.0,1.55,6.63,0.8,31.63
London,England,51.5074,-0.1278,2026-06-14 15:00:00+00:00,1.0,9.46,15.89,18.55,51.69
Madrid,Spain,40.4168,-3.7038,2026-06-14 15:00:00+00:00,2.0,4.47,13.0,0.19,82.07
Paris,France,48.8566,2.3522,2026-06-14 15:00:00+00:00,2.0,2.69,4.77,0.35,78.79
Antananarivo,Madagascar,-18.8792,47.5079,2026-06-14 16:00:00+00:00,1.0,5.94,8.46,1.23,30.84
Buenos Aires,Argentina,-34.6037,-58.3816,2026-06-14 16:00:00+00:00,1.0,1.36,7.07,0.37,49.03
London,England,51.5074,-0.1278,2026-06-14 16:00:00+00:00,1.0,9.73,15.83,20.54,55.84
Madrid,Spain,40.4168,-3.7038,2026-06-14 16:00:00+00:00,2.0,4.28,11.91,0.29,81.16
Paris,France,48.8566,2.3522,2026-06-14 16:00:00+00:00,2.0,2.76,4.92,0.43,79.25
Antananarivo,Madagascar,-18.8792,47.5079,2026-06-14 17:00:00+00:00,1.0,6.42,9.19,1.34,27.92
Buenos Aires,Argentina,-34.6037,-58.3816,2026-06-14 17:00:00+00:00,1.0,1.26,6.42,0.25,52.85
London,England,51.5074,-0.1278,2026-06-14 17:00:00+00:00,1.0,9.69,15.27,22.85,59.74
Madrid,Spain,40.4168,-3.7038,2026-06-14 17:00:00+00:00,2.0,4.14,10.64,0.41,79.62
Paris,France,48.8566,2.3522,2026-06-14 17:00:00+00:00,2.0,2.95,5.26,0.54,79.04
Antananarivo,Madagascar,-18.8792,47.5079,2026-06-14 18:00:00+00:00,1.0,6.5,9.28,1.32,26.29
Buenos Aires,Argentina,-34.6037,-58.3816,2026-06-14 18:00:00+00:00,1.0,1.27,6.26,0.23,53.63
London,England,51.5074,-0.1278,2026-06-14 18:00:00+00:00,2.0,9.32,14.32,25.48,62.44
Madrid,Spain,40.4168,-3.7038,2026-06-14 18:00:00+00:00,2.0,3.98,9.38,0.49,78.2
Paris,France,48.8566,2.3522,2026-06-14 18:00:00+00:00,2.0,3.13,5.59,0.65,78.76
Antananarivo,Madagascar,-18.8792,47.5079,2026-06-14 19:00:00+00:00,1.0,5.84,8.43,1.16,25.22
Buenos Aires,Argentina,-34.6037,-58.3816,2026-06-14 19:00:00+00:00,1.0,1.35,6.19,0.34,51.71
London,England,51.5074,-0.1278,2026-06-14 19:00:00+00:00,2.0,8.83,13.32,28.62,62.92
Madrid,Spain,40.4168,-3.7038,2026-06-14 19:00:00+00:00,2.0,3.78,8.03,0.52,75.73
Paris,France,48.8566,2.3522,2026-06-14 19:00:00+00:00,2.0,3.44,6.22,1.02,75.28
Antananarivo,Madagascar,-18.8792,47.5079,2026-06-14 20:00:00+00:00,1.0,5.57,8.21,1.13,22.88
Buenos Aires,Argentina,-34.6037,-58.3816,2026-06-14 20:00:00+00:00,1.0,1.5,6.21,0.71,47.29
London,England,51.5074,-0.1278,2026-06-14 20:00:00+00:00,2.0,8.26,12.27,31.15,60.47
Madrid,Spain,40.4168,-3.7038,2026-06-14 20:00:00+00:00,2.0,3.75,7.23,0.55,74.69
Paris,France,48.8566,2.3522,2026-06-14 20:00:00+00:00,2.0,3.88,7.04,1.54,69.96
Antananarivo,Madagascar,-18.8792,47.5079,2026-06-14 21:00:00+00:00,1.0,5.02,7.37,1.04,20.87
Buenos Aires,Argentina,-34.6037,-58.3816,2026-06-14 21:00:00+00:00,1.0,1.66,6.35,1.39,43.46
London,England,51.5074,-0.1278,2026-06-14 21:00:00+00:00,1.0,7.68,11.3,29.75,59.12
Madrid,Spain,40.4168,-3.7038,2026-06-14 21:00:00+00:00,2.0,3.81,6.86,0.55,74.48
Paris,France,48.8566,2.3522,2026-06-14 21:00:00+00:00,2.0,4.22,7.61,1.89,65.79
Antananarivo,Madagascar,-18.8792,47.5079,2026-06-14 22:00:00+00:00,1.0,4.44,6.19,0.95,19.37
Buenos Aires,Argentina,-34.6037,-58.3816,2026-06-14 22:00:00+00:00,1.0,1.82,6.56,1.93,40.77
London,England,51.5074,-0.1278,2026-06-14 22:00:00+00:00,1.0,7.17,10.54,27.59,58.96
Madrid,Spain,40.4168,-3.7038,2026-06-14 22:00:00+00:00,2.0,3.83,6.57,0.62,68.72
Paris,France,48.8566,2.3522,2026-06-14 22:00:00+00:00,2.0,4.35,7.74,2.11,61.97
Antananarivo,Madagascar,-18.8792,47.5079,2026-06-14 23:00:00+00:00,1.0,3.95,5.36,0.87,18.39
Buenos Aires,Argentina,-34.6037,-58.3816,2026-06-14 23:00:00+00:00,1.0,2.01,6.94,2.25,40.02
London,England,51.5074,-0.1278,2026-06-14 23:00:00+00:00,1.0,6.85,10.12,25.12,59.12
Madrid,Spain,40.4168,-3.7038,2026-06-14 23:00:00+00:00,2.0,3.87,6.47,0.72,61.12
Paris,France,48.8566,2.3522,2026-06-14 23:00:00+00:00,1.0,4.47,7.78,2.46,59.1
Antananarivo,Madagascar,-18.8792,47.5079,2026-06-15 00:00:00+00:00,1.0,3.43,4.64,0.79,17.94
Buenos Aires,Argentina,-34.6037,-58.3816,2026-06-15 00:00:00+00:00,1.0,2.22,7.49,2.37,40.77
London,England,51.5074,-0.1278,2026-06-15 00:00:00+00:00,2.0,6.61,9.92,21.94,60.22
Madrid,Spain,40.4168,-3.7038,2026-06-15 00:00:00+00:00,1.0,3.89,6.43,0.79,55.04
Paris,France,48.8566,2.3522,2026-06-15 00:00:00+00:00,1.0,4.6,7.76,3.01,55.67
Antananarivo,Madagascar,-18.8792,47.5079,2026-06-15 01:00:00+00:00,1.0,2.78,3.85,0.67,18.35
Buenos Aires,Argentina,-34.6037,-58.3816,2026-06-15 01:00:00+00:00,1.0,2.44,8.08,2.4,41.18
London,England,51.5074,-0.1278,2026-06-15 01:00:00+00:00,2.0,6.27,9.69,17.54,63.44
Madrid,Spain,40.4168,-3.7038,2026-06-15 01:00:00+00:00,1.0,3.9,6.43,0.84,50.54
Paris,France,48.8566,2.3522,2026-06-15 01:00:00+00:00,1.0,4.75,7.72,3.44,49.42
Antananarivo,Madagascar,-18.8792,47.5079,2026-06-15 02:00:00+00:00,1.0,2.41,3.42,0.61,18.39
Buenos Aires,Argentina,-34.6037,-58.3816,2026-06-15 02:00:00+00:00,1.0,2.69,8.63,2.44,41.18
London,England,51.5074,-0.1278,2026-06-15 02:00:00+00:00,2.0,5.83,9.39,13.33,67.76
Madrid,Spain,40.4168,-3.7038,2026-06-15 02:00:00+00:00,1.0,3.92,6.45,0.87,47.73
Paris,France,48.8566,2.3522,2026-06-15 02:00:00+00:00,1.0,4.99,7.83,3.56,42.46
Antananarivo,Madagascar,-18.8792,47.5079,2026-06-15 03:00:00+00:00,1.0,2.28,3.33,0.61,18.35
Buenos Aires,Argentina,-34.6037,-58.3816,2026-06-15 03:00:00+00:00,1.0,2.91,9.24,2.27,41.88
London,England,51.5074,-0.1278,2026-06-15 03:00:00+00:00,2.0,5.4,9.04,10.01,70.44
Madrid,Spain,40.4168,-3.7038,2026-06-15 03:00:00+00:00,1.0,3.91,6.41,0.93,45.88
Paris,France,48.8566,2.3522,2026-06-15 03:00:00+00:00,1.0,5.28,8.03,3.41,36.93
Antananarivo,Madagascar,-18.8792,47.5079,2026-06-15 04:00:00+00:00,1.0,2.44,3.86,0.69,18.16
Buenos Aires,Argentina,-34.6037,-58.3816,2026-06-15 04:00:00+00:00,1.0,3.07,9.73,2.04,42.61
London,England,51.5074,-0.1278,2026-06-15 04:00:00+00:00,2.0,4.81,8.18,7.1,70.59
Madrid,Spain,40.4168,-3.7038,2026-06-15 04:00:00+00:00,1.0,3.84,6.24,0.99,44.32
Paris,France,48.8566,2.3522,2026-06-15 04:00:00+00:00,1.0,5.46,8.1,3.21,31.92
Antananarivo,Madagascar,-18.8792,47.5079,2026-06-15 05:00:00+00:00,1.0,2.7,4.58,0.7,18.1
Buenos Aires,Argentina,-34.6037,-58.3816,2026-06-15 05:00:00+00:00,1.0,3.22,10.08,1.89,42.66
London,England,51.5074,-0.1278,2026-06-15 05:00:00+00:00,2.0,4.28,7.27,6.39,65.46
Madrid,Spain,40.4168,-3.7038,2026-06-15 05:00:00+00:00,1.0,3.77,6.1,1.18,42.79
Paris,France,48.8566,2.3522,2026-06-15 05:00:00+00:00,1.0,5.65,8.23,3.44,27.74
Antananarivo,Madagascar,-18.8792,47.5079,2026-06-15 06:00:00+00:00,1.0,2.91,5.03,0.57,19.62
Buenos Aires,Argentina,-34.6037,-58.3816,2026-06-15 06:00:00+00:00,1.0,3.35,10.39,1.77,42.36
London,England,51.5074,-0.1278,2026-06-15 06:00:00+00:00,2.0,3.84,6.49,6.51,60.26
Madrid,Spain,40.4168,-3.7038,2026-06-15 06:00:00+00:00,1.0,3.69,5.97,1.46,41.63
Paris,France,48.8566,2.3522,2026-06-15 06:00:00+00:00,1.0,5.84,8.42,3.29,26.17
Antananarivo,Madagascar,-18.8792,47.5079,2026-06-15 07:00:00+00:00,1.0,1.37,2.43,0.24,29.61
Buenos Aires,Argentina,-34.6037,-58.3816,2026-06-15 07:00:00+00:00,1.0,3.47,10.68,1.65,41.72
London,England,51.5074,-0.1278,2026-06-15 07:00:00+00:00,1.0,3.56,5.94,6.47,56.83
Madrid,Spain,40.4168,-3.7038,2026-06-15 07:00:00+00:00,1.0,3.56,5.82,1.3,43.04
Paris,France,48.8566,2.3522,2026-06-15 07:00:00+00:00,1.0,6.04,8.78,2.57,31.77
Antananarivo,Madagascar,-18.8792,47.5079,2026-06-15 08:00:00+00:00,1.0,1.03,1.88,0.15,32.13
Buenos Aires,Argentina,-34.6037,-58.3816,2026-06-15 08:00:00+00:00,1.0,3.63,11.04,1.59,41.03
London,England,51.5074,-0.1278,2026-06-15 08:00:00+00:00,1.0,3.47,5.68,6.44,54.13
Madrid,Spain,40.4168,-3.7038,2026-06-15 08:00:00+00:00,1.0,3.48,5.74,1.04,44.18
Paris,France,48.8566,2.3522,2026-06-15 08:00:00+00:00,1.0,6.12,8.93,2.14,35.17
Antananarivo,Madagascar,-18.8792,47.5079,2026-06-15 09:00:00+00:00,1.0,0.96,1.76,0.11,32.36
Buenos Aires,Argentina,-34.6037,-58.3816,2026-06-15 09:00:00+00:00,1.0,3.82,11.5,1.61,40.09
London,England,51.5074,-0.1278,2026-06-15 09:00:00+00:00,1.0,3.55,5.7,6.4,52.03
Madrid,Spain,40.4168,-3.7038,2026-06-15 09:00:00+00:00,1.0,3.47,5.8,0.79,50.2
Paris,France,48.8566,2.3522,2026-06-15 09:00:00+00:00,1.0,6.4,9.27,1.77,41.46
Antananarivo,Madagascar,-18.8792,47.5079,2026-06-15 10:00:00+00:00,1.0,0.86,1.55,0.09,34.47
Buenos Aires,Argentina,-34.6037,-58.3816,2026-06-15 10:00:00+00:00,1.0,4.04,11.98,1.77,39.0
London,England,51.5074,-0.1278,2026-06-15 10:00:00+00:00,1.0,3.81,5.96,6.37,51.36
Madrid,Spain,40.4168,-3.7038,2026-06-15 10:00:00+00:00,2.0,2.07,3.89,0.2,82.66
Paris,France,48.8566,2.3522,2026-06-15 10:00:00+00:00,2.0,5.66,8.57,0.86,77.29
Antananarivo,Madagascar,-18.8792,47.5079,2026-06-15 11:00:00+00:00,1.0,0.81,1.42,0.09,36.02
Buenos Aires,Argentina,-34.6037,-58.3816,2026-06-15 11:00:00+00:00,1.0,4.3,12.61,2.15,37.95
London,England,51.5074,-0.1278,2026-06-15 11:00:00+00:00,1.0,4.37,6.61,6.54,52.62
Madrid,Spain,40.4168,-3.7038,2026-06-15 11:00:00+00:00,2.0,1.74,3.3,0.13,83.62
Paris,France,48.8566,2.3522,2026-06-15 11:00:00+00:00,2.0,5.23,7.81,0.57,82.92
Antananarivo,Madagascar,-18.8792,47.5079,2026-06-15 12:00:00+00:00,1.0,0.8,1.4,0.09,36.25
Buenos Aires,Argentina,-34.6037,-58.3816,2026-06-15 12:00:00+00:00,1.0,4.63,13.35,2.52,37.04
London,England,51.5074,-0.1278,2026-06-15 12:00:00+00:00,1.0,5.5,7.93,6.35,58.64
Madrid,Spain,40.4168,-3.7038,2026-06-15 12:00:00+00:00,2.0,1.68,3.25,0.14,82.35
Paris,France,48.8566,2.3522,2026-06-15 12:00:00+00:00,2.0,5.29,7.75,0.51,84.52
Antananarivo,Madagascar,-18.8792,47.5079,2026-06-15 13:00:00+00:00,1.0,1.24,2.15,0.24,33.99
Buenos Aires,Argentina,-34.6037,-58.3816,2026-06-15 13:00:00+00:00,1.0,4.95,14.08,2.3,36.56
London,England,51.5074,-0.1278,2026-06-15 13:00:00+00:00,2.0,7.59,10.4,5.61,69.95
Madrid,Spain,40.4168,-3.7038,2026-06-15 13:00:00+00:00,2.0,1.69,3.27,0.15,82.27
Paris,France,48.8566,2.3522,2026-06-15 13:00:00+00:00,2.0,4.19,6.08,0.38,79.3
Antananarivo,Madagascar,-18.8792,47.5079,2026-06-15 14:00:00+00:00,1.0,2.07,3.53,0.59,30.16
Buenos Aires,Argentina,-34.6037,-58.3816,2026-06-15 14:00:00+00:00,1.0,5.24,14.69,1.9,36.45
London,England,51.5074,-0.1278,2026-06-15 14:00:00+00:00,2.0,9.9,13.33,6.61,77.37
Madrid,Spain,40.4168,-3.7038,2026-06-15 14:00:00+00:00,2.0,1.69,3.22,0.16,81.13
Paris,France,48.8566,2.3522,2026-06-15 14:00:00+00:00,2.0,3.29,4.66,0.33,73.18
Antananarivo,Madagascar,-18.8792,47.5079,2026-06-15 15:00:00+00:00,1.0,2.99,4.97,1.08,26.53
Buenos Aires,Argentina,-34.6037,-58.3816,2026-06-15 15:00:00+00:00,1.0,5.65,15.41,1.6,38.3
London,England,51.5074,-0.1278,2026-06-15 15:00:00+00:00,2.0,11.44,15.71,8.54,78.54
Madrid,Spain,40.4168,-3.7038,2026-06-15 15:00:00+00:00,2.0,1.67,3.12,0.19,80.33
Paris,France,48.8566,2.3522,2026-06-15 15:00:00+00:00,2.0,3.04,4.25,0.37,72.12
Antananarivo,Madagascar,-18.8792,47.5079,2026-06-15 16:00:00+00:00,1.0,3.99,6.45,1.38,23.6
Buenos Aires,Argentina,-34.6037,-58.3816,2026-06-15 16:00:00+00:00,1.0,6.32,16.42,1.28,44.38
London,England,51.5074,-0.1278,2026-06-15 16:00:00+00:00,2.0,12.04,17.49,12.36,73.21
Madrid,Spain,40.4168,-3.7038,2026-06-15 16:00:00+00:00,2.0,1.64,2.97,0.21,80.29
Paris,France,48.8566,2.3522,2026-06-15 16:00:00+00:00,2.0,3.03,4.18,0.74,69.91
Antananarivo,Madagascar,-18.8792,47.5079,2026-06-15 17:00:00+00:00,1.0,4.83,7.55,1.51,22.25
Buenos Aires,Argentina,-34.6037,-58.3816,2026-06-15 17:00:00+00:00,1.0,7.19,17.17,1.18,47.11
London,England,51.5074,-0.1278,2026-06-15 17:00:00+00:00,2.0,11.9,18.37,17.12,65.87
Madrid,Spain,40.4168,-3.7038,2026-06-15 17:00:00+00:00,2.0,1.57,2.74,0.23,80.29
Paris,France,48.8566,2.3522,2026-06-15 17:00:00+00:00,2.0,3.11,4.25,1.27,66.03
Antananarivo,Madagascar,-18.8792,47.5079,2026-06-15 18:00:00+00:00,1.0,5.05,7.71,1.45,22.16
Buenos Aires,Argentina,-34.6037,-58.3816,2026-06-15 18:00:00+00:00,1.0,7.74,17.47,1.13,49.76
London,England,51.5074,-0.1278,2026-06-15 18:00:00+00:00,2.0,11.21,18.51,21.26,61.76
Madrid,Spain,40.4168,-3.7038,2026-06-15 18:00:00+00:00,2.0,1.49,2.52,0.25,80.57
Paris,France,48.8566,2.3522,2026-06-15 18:00:00+00:00,2.0,3.17,4.33,1.65,63.32
Antananarivo,Madagascar,-18.8792,47.5079,2026-06-15 19:00:00+00:00,1.0,2.93,4.99,0.82,24.55
Buenos Aires,Argentina,-34.6037,-58.3816,2026-06-15 19:00:00+00:00,1.0,8.2,17.62,1.15,54.06
London,England,51.5074,-0.1278,2026-06-15 19:00:00+00:00,2.0,9.58,17.15,19.87,67.5
Madrid,Spain,40.4168,-3.7038,2026-06-15 19:00:00+00:00,2.0,1.48,2.42,0.45,75.35
Paris,France,48.8566,2.3522,2026-06-15 19:00:00+00:00,1.0,3.22,4.41,2.1,59.35
Antananarivo,Madagascar,-18.8792,47.5079,2026-06-15 20:00:00+00:00,1.0,2.57,4.46,0.71,24.71
Buenos Aires,Argentina,-34.6037,-58.3816,2026-06-15 20:00:00+00:00,1.0,9.29,18.76,1.58,54.29
London,England,51.5074,-0.1278,2026-06-15 20:00:00+00:00,2.0,8.37,16.07,15.65,75.3
Madrid,Spain,40.4168,-3.7038,2026-06-15 20:00:00+00:00,2.0,1.52,2.47,0.74,68.36
Paris,France,48.8566,2.3522,2026-06-15 20:00:00+00:00,1.0,3.27,4.5,2.42,53.58
Antananarivo,Madagascar,-18.8792,47.5079,2026-06-15 21:00:00+00:00,1.0,2.26,3.87,0.62,25.27
Buenos Aires,Argentina,-34.6037,-58.3816,2026-06-15 21:00:00+00:00,2.0,10.34,19.98,2.22,53.35
London,England,51.5074,-0.1278,2026-06-15 21:00:00+00:00,2.0,7.84,16.04,12.75,77.9
Madrid,Spain,40.4168,-3.7038,2026-06-15 21:00:00+00:00,2.0,1.55,2.53,0.94,63.92
Paris,France,48.8566,2.3522,2026-06-15 21:00:00+00:00,1.0,3.27,4.51,2.56,48.72
Antananarivo,Madagascar,-18.8792,47.5079,2026-06-15 22:00:00+00:00,1.0,2.0,3.35,0.55,25.96
Buenos Aires,Argentina,-34.6037,-58.3816,2026-06-15 22:00:00+00:00,2.0,11.16,20.87,2.51,52.42
London,England,51.5074,-0.1278,2026-06-15 22:00:00+00:00,2.0,7.53,16.07,11.3,76.22
Madrid,Spain,40.4168,-3.7038,2026-06-15 22:00:00+00:00,2.0,1.56,2.58,1.06,60.75
Paris,France,48.8566,2.3522,2026-06-15 22:00:00+00:00,1.0,3.17,4.38,2.51,44.12
Antananarivo,Madagascar,-18.8792,47.5079,2026-06-15 23:00:00+00:00,1.0,1.87,3.08,0.52,26.08
Buenos Aires,Argentina,-34.6037,-58.3816,2026-06-15 23:00:00+00:00,2.0,11.74,21.55,2.56,52.19
London,England,51.5074,-0.1278,2026-06-15 23:00:00+00:00,2.0,7.59,16.47,12.21,70.44
Madrid,Spain,40.4168,-3.7038,2026-06-15 23:00:00+00:00,1.0,1.58,2.65,1.09,58.14
Paris,France,48.8566,2.3522,2026-06-15 23:00:00+00:00,1.0,3.11,4.31,2.3,41.69
Antananarivo,Madagascar,-18.8792,47.5079,2026-06-16 00:00:00+00:00,1.0,1.78,2.88,0.49,26.11
Buenos Aires,Argentina,-34.6037,-58.3816,2026-06-16 00:00:00+00:00,2.0,12.04,21.86,2.44,52.28
London,England,51.5074,-0.1278,2026-06-16 00:00:00+00:00,2.0,7.91,16.86,13.72,63.79
Madrid,Spain,40.4168,-3.7038,2026-06-16 00:00:00+00:00,1.0,1.59,2.72,1.12,55.4
Paris,France,48.8566,2.3522,2026-06-16 00:00:00+00:00,1.0,3.03,4.2,2.03,41.1
Antananarivo,Madagascar,-18.8792,47.5079,2026-06-16 01:00:00+00:00,1.0,1.75,2.8,0.48,25.72
Buenos Aires,Argentina,-34.6037,-58.3816,2026-06-16 01:00:00+00:00,2.0,12.07,21.85,2.26,51.92
London,England,51.5074,-0.1278,2026-06-16 01:00:00+00:00,1.0,8.39,16.68,14.99,57.05
Madrid,Spain,40.4168,-3.7038,2026-06-16 01:00:00+00:00,1.0,1.61,2.8,1.18,53.41
Paris,France,48.8566,2.3522,2026-06-16 01:00:00+00:00,1.0,2.89,4.0,1.77,42.26
Antananarivo,Madagascar,-18.8792,47.5079,2026-06-16 02:00:00+00:00,1.0,1.78,2.82,0.48,24.77
Buenos Aires,Argentina,-34.6037,-58.3816,2026-06-16 02:00:00+00:00,2.0,12.12,21.98,2.06,51.68
London,England,51.5074,-0.1278,2026-06-16 02:00:00+00:00,1.0,8.87,16.38,16.05,50.63
Madrid,Spain,40.4168,-3.7038,2026-06-16 02:00:00+00:00,1.0,1.64,2.91,1.26,53.23
Paris,France,48.8566,2.3522,2026-06-16 02:00:00+00:00,1.0,2.76,3.79,1.65,41.41
Antananarivo,Madagascar,-18.8792,47.5079,2026-06-16 03:00:00+00:00,1.0,1.83,2.92,0.5,24.54
Buenos Aires,Argentina,-34.6037,-58.3816,2026-06-16 03:00:00+00:00,2.0,12.16,22.06,1.82,51.26
London,England,51.5074,-0.1278,2026-06-16 03:00:00+00:00,1.0,9.11,16.01,16.74,45.6
Madrid,Spain,40.4168,-3.7038,2026-06-16 03:00:00+00:00,1.0,1.67,3.0,1.36,53.18
Paris,France,48.8566,2.3522,2026-06-16 03:00:00+00:00,1.0,2.61,3.57,1.57,40.94
Antananarivo,Madagascar,-18.8792,47.5079,2026-06-16 04:00:00+00:00,1.0,1.94,3.27,0.59,24.75
Buenos Aires,Argentina,-34.6037,-58.3816,2026-06-16 04:00:00+00:00,2.0,12.13,21.98,1.63,50.74
London,England,51.5074,-0.1278,2026-06-16 04:00:00+00:00,1.0,9.0,15.42,16.82,42.46
Madrid,Spain,40.4168,-3.7038,2026-06-16 04:00:00+00:00,1.0,1.68,3.03,1.5,52.28
Paris,France,48.8566,2.3522,2026-06-16 04:00:00+00:00,1.0,2.45,3.35,1.55,40.62
Antananarivo,Madagascar,-18.8792,47.5079,2026-06-16 05:00:00+00:00,1.0,2.03,3.66,0.57,25.78
Buenos Aires,Argentina,-34.6037,-58.3816,2026-06-16 05:00:00+00:00,2.0,11.96,21.61,1.51,49.89
London,England,51.5074,-0.1278,2026-06-16 05:00:00+00:00,1.0,8.51,14.27,16.41,40.78
Madrid,Spain,40.4168,-3.7038,2026-06-16 05:00:00+00:00,1.0,1.7,3.1,1.83,50.32
Paris,France,48.8566,2.3522,2026-06-16 05:00:00+00:00,1.0,2.38,3.25,1.92,39.2
Antananarivo,Madagascar,-18.8792,47.5079,2026-06-16 06:00:00+00:00,1.0,2.1,3.84,0.43,28.92
Buenos Aires,Argentina,-34.6037,-58.3816,2026-06-16 06:00:00+00:00,2.0,11.7,21.13,1.43,49.11
London,England,51.5074,-0.1278,2026-06-16 06:00:00+00:00,1.0,7.67,12.55,14.61,41.07
Madrid,Spain,40.4168,-3.7038,2026-06-16 06:00:00+00:00,1.0,1.74,3.17,2.39,46.15
Paris,France,48.8566,2.3522,2026-06-16 06:00:00+00:00,1.0,2.41,3.26,2.61,37.08
Antananarivo,Madagascar,-18.8792,47.5079,2026-06-16 07:00:00+00:00,1.0,1.19,2.31,0.18,41.91
Buenos Aires,Argentina,-34.6037,-58.3816,2026-06-16 07:00:00+00:00,2.0,11.43,20.67,1.36,48.26
London,England,51.5074,-0.1278,2026-06-16 07:00:00+00:00,1.0,6.69,10.63,12.12,42.12
Madrid,Spain,40.4168,-3.7038,2026-06-16 07:00:00+00:00,1.0,1.75,3.21,2.37,39.17
Paris,France,48.8566,2.3522,2026-06-16 07:00:00+00:00,1.0,2.56,3.44,3.09,36.17
Antananarivo,Madagascar,-18.8792,47.5079,2026-06-16 08:00:00+00:00,1.0,1.11,2.16,0.12,44.86
Buenos Aires,Argentina,-34.6037,-58.3816,2026-06-16 08:00:00+00:00,2.0,11.28,20.39,1.32,47.23
London,England,51.5074,-0.1278,2026-06-16 08:00:00+00:00,1.0,5.84,9.11,10.29,42.65
Madrid,Spain,40.4168,-3.7038,2026-06-16 08:00:00+00:00,1.0,1.79,3.26,2.06,37.88
Paris,France,48.8566,2.3522,2026-06-16 08:00:00+00:00,1.0,2.84,3.85,3.09,36.53
Antananarivo,Madagascar,-18.8792,47.5079,2026-06-16 09:00:00+00:00,1.0,1.21,2.25,0.09,45.27
Buenos Aires,Argentina,-34.6037,-58.3816,2026-06-16 09:00:00+00:00,2.0,11.24,20.33,1.32,45.97
London,England,51.5074,-0.1278,2026-06-16 09:00:00+00:00,1.0,5.14,8.04,8.81,42.95
Madrid,Spain,40.4168,-3.7038,2026-06-16 09:00:00+00:00,1.0,1.89,3.4,1.77,44.76
Paris,France,48.8566,2.3522,2026-06-16 09:00:00+00:00,1.0,3.26,4.43,2.79,38.14
Antananarivo,Madagascar,-18.8792,47.5079,2026-06-16 10:00:00+00:00,1.0,1.14,2.02,0.08,48.39
Buenos Aires,Argentina,-34.6037,-58.3816,2026-06-16 10:00:00+00:00,2.0,11.26,20.53,1.41,44.27
London,England,51.5074,-0.1278,2026-06-16 10:00:00+00:00,1.0,4.63,7.4,8.0,43.32
Madrid,Spain,40.4168,-3.7038,2026-06-16 10:00:00+00:00,2.0,1.82,3.34,0.38,83.41
Paris,France,48.8566,2.3522,2026-06-16 10:00:00+00:00,1.0,3.93,5.2,1.84,51.3
Antananarivo,Madagascar,-18.8792,47.5079,2026-06-16 11:00:00+00:00,1.0,1.12,1.9,0.08,49.83
Buenos Aires,Argentina,-34.6037,-58.3816,2026-06-16 11:00:00+00:00,2.0,11.34,21.05,1.59,42.15
London,England,51.5074,-0.1278,2026-06-16 11:00:00+00:00,1.0,4.37,7.3,7.88,44.11
Madrid,Spain,40.4168,-3.7038,2026-06-16 11:00:00+00:00,2.0,2.11,3.6,0.24,87.31
Paris,France,48.8566,2.3522,2026-06-16 11:00:00+00:00,2.0,4.95,6.29,1.16,61.47
Antananarivo,Madagascar,-18.8792,47.5079,2026-06-16 12:00:00+00:00,1.0,1.12,1.88,0.09,50.03
Buenos Aires,Argentina,-34.6037,-58.3816,2026-06-16 12:00:00+00:00,2.0,11.43,21.74,1.72,39.8
London,England,51.5074,-0.1278,2026-06-16 12:00:00+00:00,1.0,4.31,7.6,7.81,46.16
Madrid,Spain,40.4168,-3.7038,2026-06-16 12:00:00+00:00,2.0,2.26,3.8,0.23,88.0
Paris,France,48.8566,2.3522,2026-06-16 12:00:00+00:00,2.0,6.02,7.51,0.78,68.3
Antananarivo,Madagascar,-18.8792,47.5079,2026-06-16 13:00:00+00:00,1.0,1.32,2.3,0.18,48.64
Buenos Aires,Argentina,-34.6037,-58.3816,2026-06-16 13:00:00+00:00,2.0,11.33,22.39,1.49,38.13
London,England,51.5074,-0.1278,2026-06-16 13:00:00+00:00,1.0,4.44,8.3,7.99,49.32
Madrid,Spain,40.4168,-3.7038,2026-06-16 13:00:00+00:00,2.0,2.36,3.96,0.24,89.22
Paris,France,48.8566,2.3522,2026-06-16 13:00:00+00:00,2.0,5.09,6.44,0.45,77.56
Antananarivo,Madagascar,-18.8792,47.5079,2026-06-16 14:00:00+00:00,1.0,1.71,3.08,0.37,45.71
Buenos Aires,Argentina,-34.6037,-58.3816,2026-06-16 14:00:00+00:00,2.0,11.12,23.35,1.16,38.25
London,England,51.5074,-0.1278,2026-06-16 14:00:00+00:00,1.0,4.65,9.1,8.09,53.19
Madrid,Spain,40.4168,-3.7038,2026-06-16 14:00:00+00:00,2.0,2.41,4.06,0.25,89.42
Paris,France,48.8566,2.3522,2026-06-16 14:00:00+00:00,2.0,4.68,6.14,0.39,80.0
Antananarivo,Madagascar,-18.8792,47.5079,2026-06-16 15:00:00+00:00,1.0,2.11,3.88,0.64,42.71
Buenos Aires,Argentina,-34.6037,-58.3816,2026-06-16 15:00:00+00:00,2.0,10.92,24.7,0.91,40.97
London,England,51.5074,-0.1278,2026-06-16 15:00:00+00:00,1.0,4.79,9.7,8.02,56.35
Madrid,Spain,40.4168,-3.7038,2026-06-16 15:00:00+00:00,2.0,2.45,4.14,0.28,89.57
Paris,France,48.8566,2.3522,2026-06-16 15:00:00+00:00,2.0,4.83,6.53,0.44,80.93
Antananarivo,Madagascar,-18.8792,47.5079,2026-06-16 16:00:00+00:00,1.0,2.78,5.12,0.91,38.07
Buenos Aires,Argentina,-34.6037,-58.3816,2026-06-16 16:00:00+00:00,2.0,10.44,26.47,0.65,48.04
London,England,51.5074,-0.1278,2026-06-16 16:00:00+00:00,1.0,4.76,9.8,7.98,57.41
Madrid,Spain,40.4168,-3.7038,2026-06-16 16:00:00+00:00,2.0,2.47,4.19,0.33,90.15
Paris,France,48.8566,2.3522,2026-06-16 16:00:00+00:00,2.0,4.85,6.69,0.52,82.25
Antananarivo,Madagascar,-18.8792,47.5079,2026-06-16 17:00:00+00:00,1.0,3.91,7.04,1.25,33.45
Buenos Aires,Argentina,-34.6037,-58.3816,2026-06-16 17:00:00+00:00,2.0,10.33,26.57,0.53,51.28
London,England,51.5074,-0.1278,2026-06-16 17:00:00+00:00,1.0,4.68,9.49,8.75,56.14
Madrid,Spain,40.4168,-3.7038,2026-06-16 17:00:00+00:00,2.0,2.45,4.13,0.38,90.24
Paris,France,48.8566,2.3522,2026-06-16 17:00:00+00:00,2.0,4.66,6.49,0.59,82.48
Antananarivo,Madagascar,-18.8792,47.5079,2026-06-16 18:00:00+00:00,1.0,5.09,8.88,1.51,29.71
Buenos Aires,Argentina,-34.6037,-58.3816,2026-06-16 18:00:00+00:00,2.0,10.34,26.22,0.5,52.54
London,England,51.5074,-0.1278,2026-06-16 18:00:00+00:00,1.0,4.57,8.83,10.15,54.0
Madrid,Spain,40.4168,-3.7038,2026-06-16 18:00:00+00:00,2.0,2.39,4.02,0.43,90.27
Paris,France,48.8566,2.3522,2026-06-16 18:00:00+00:00,2.0,4.36,6.14,0.68,81.81
Antananarivo,Madagascar,-18.8792,47.5079,2026-06-16 19:00:00+00:00,1.0,6.11,10.32,1.7,26.23
Buenos Aires,Argentina,-34.6037,-58.3816,2026-06-16 19:00:00+00:00,2.0,10.45,25.77,0.6,52.46
London,England,51.5074,-0.1278,2026-06-16 19:00:00+00:00,1.0,4.48,8.25,12.06,51.55
Madrid,Spain,40.4168,-3.7038,2026-06-16 19:00:00+00:00,2.0,2.33,3.83,0.61,84.72
Paris,France,48.8566,2.3522,2026-06-16 19:00:00+00:00,2.0,4.14,5.85,1.12,74.55
Antananarivo,Madagascar,-18.8792,47.5079,2026-06-16 20:00:00+00:00,1.0,6.72,10.84,1.79,23.66
Buenos Aires,Argentina,-34.6037,-58.3816,2026-06-16 20:00:00+00:00,2.0,10.48,24.79,0.96,49.87
London,England,51.5074,-0.1278,2026-06-16 20:00:00+00:00,1.0,4.47,8.08,13.83,49.22
Madrid,Spain,40.4168,-3.7038,2026-06-16 20:00:00+00:00,2.0,2.34,3.75,0.85,76.88
Paris,France,48.8566,2.3522,2026-06-16 20:00:00+00:00,2.0,4.02,5.69,1.79,63.87
Antananarivo,Madagascar,-18.8792,47.5079,2026-06-16 21:00:00+00:00,1.0,6.57,10.11,1.7,22.1
Buenos Aires,Argentina,-34.6037,-58.3816,2026-06-16 21:00:00+00:00,2.0,10.37,23.81,1.48,47.09
London,England,51.5074,-0.1278,2026-06-16 21:00:00+00:00,1.0,4.48,8.11,14.44,48.27
Madrid,Spain,40.4168,-3.7038,2026-06-16 21:00:00+00:00,2.0,2.36,3.74,1.0,70.22
Paris,France,48.8566,2.3522,2026-06-16 21:00:00+00:00,1.0,3.89,5.52,2.26,55.92
Antananarivo,Madagascar,-18.8792,47.5079,2026-06-16 22:00:00+00:00,1.0,5.71,8.45,1.43,23.2
Buenos Aires,Argentina,-34.6037,-58.3816,2026-06-16 22:00:00+00:00,2.0,10.13,22.74,1.75,44.35
London,England,51.5074,-0.1278,2026-06-16 22:00:00+00:00,1.0,4.51,8.21,14.57,48.19
Madrid,Spain,40.4168,-3.7038,2026-06-16 22:00:00+00:00,2.0,2.35,3.72,1.08,62.81
Paris,France,48.8566,2.3522,2026-06-16 22:00:00+00:00,1.0,3.77,5.35,2.63,47.06
Antananarivo,Madagascar,-18.8792,47.5079,2026-06-16 23:00:00+00:00,1.0,5.25,7.55,1.27,23.45
Buenos Aires,Argentina,-34.6037,-58.3816,2026-06-16 23:00:00+00:00,2.0,9.92,21.92,1.81,42.18
London,England,51.5074,-0.1278,2026-06-16 23:00:00+00:00,1.0,4.65,8.5,14.75,48.02
Madrid,Spain,40.4168,-3.7038,2026-06-16 23:00:00+00:00,1.0,2.38,3.79,1.16,57.18
Paris,France,48.8566,2.3522,2026-06-16 23:00:00+00:00,1.0,3.73,5.29,2.79,39.09
Antananarivo,Madagascar,-18.8792,47.5079,2026-06-17 00:00:00+00:00,1.0,4.84,6.82,1.14,23.86
Buenos Aires,Argentina,-34.6037,-58.3816,2026-06-17 00:00:00+00:00,2.0,9.56,20.93,1.72,40.42
London,England,51.5074,-0.1278,2026-06-17 00:00:00+00:00,1.0,4.86,8.96,15.0,47.31
Madrid,Spain,40.4168,-3.7038,2026-06-17 00:00:00+00:00,1.0,2.41,3.85,1.23,52.15
Paris,France,48.8566,2.3522,2026-06-17 00:00:00+00:00,1.0,3.7,5.24,2.77,33.29
Antananarivo,Madagascar,-18.8792,47.5079,2026-06-17 01:00:00+00:00,1.0,4.4,6.2,1.02,24.16
Buenos Aires,Argentina,-34.6037,-58.3816,2026-06-17 01:00:00+00:00,1.0,8.85,19.41,1.66,38.71
London,England,51.5074,-0.1278,2026-06-17 01:00:00+00:00,1.0,5.08,9.21,15.27,46.19
Madrid,Spain,40.4168,-3.7038,2026-06-17 01:00:00+00:00,1.0,2.42,3.89,1.31,47.85
Paris,France,48.8566,2.3522,2026-06-17 01:00:00+00:00,1.0,3.65,5.18,2.7,28.33
Antananarivo,Madagascar,-18.8792,47.5079,2026-06-17 02:00:00+00:00,1.0,4.18,5.94,0.97,23.62
Buenos Aires,Argentina,-34.6037,-58.3816,2026-06-17 02:00:00+00:00,1.0,8.03,17.9,1.62,38.62
London,England,51.5074,-0.1278,2026-06-17 02:00:00+00:00,1.0,5.26,9.28,15.68,44.99
Madrid,Spain,40.4168,-3.7038,2026-06-17 02:00:00+00:00,1.0,2.43,3.94,1.44,44.61
Paris,France,48.8566,2.3522,2026-06-17 02:00:00+00:00,1.0,3.68,5.24,2.67,23.96
Antananarivo,Madagascar,-18.8792,47.5079,2026-06-17 03:00:00+00:00,1.0,4.17,6.02,0.99,23.19
Buenos Aires,Argentina,-34.6037,-58.3816,2026-06-17 03:00:00+00:00,1.0,6.94,16.02,1.51,39.99
London,England,51.5074,-0.1278,2026-06-17 03:00:00+00:00,1.0,5.46,9.32,16.15,43.83
Madrid,Spain,40.4168,-3.7038,2026-06-17 03:00:00+00:00,1.0,2.42,3.95,1.62,41.96
Paris,France,48.8566,2.3522,2026-06-17 03:00:00+00:00,1.0,3.79,5.43,2.76,20.57
Antananarivo,Madagascar,-18.8792,47.5079,2026-06-17 04:00:00+00:00,1.0,4.59,6.97,1.14,22.94
Buenos Aires,Argentina,-34.6037,-58.3816,2026-06-17 04:00:00+00:00,1.0,5.69,13.62,1.33,41.47
London,England,51.5074,-0.1278,2026-06-17 04:00:00+00:00,1.0,5.68,9.39,16.65,42.68
Madrid,Spain,40.4168,-3.7038,2026-06-17 04:00:00+00:00,1.0,2.41,3.99,1.83,39.56
Paris,France,48.8566,2.3522,2026-06-17 04:00:00+00:00,1.0,3.9,5.6,3.04,17.52
Antananarivo,Madagascar,-18.8792,47.5079,2026-06-17 05:00:00+00:00,1.0,5.06,8.14,1.05,23.8
Buenos Aires,Argentina,-34.6037,-58.3816,2026-06-17 05:00:00+00:00,1.0,4.83,11.71,1.21,41.88
London,England,51.5074,-0.1278,2026-06-17 05:00:00+00:00,1.0,5.85,9.28,17.18,41.14
Madrid,Spain,40.4168,-3.7038,2026-06-17 05:00:00+00:00,1.0,2.44,4.09,2.15,36.7
Paris,France,48.8566,2.3522,2026-06-17 05:00:00+00:00,1.0,4.07,5.87,3.74,14.5
Antananarivo,Madagascar,-18.8792,47.5079,2026-06-17 06:00:00+00:00,1.0,5.28,8.61,0.72,28.71
Buenos Aires,Argentina,-34.6037,-58.3816,2026-06-17 06:00:00+00:00,1.0,4.25,10.44,1.12,41.68
London,England,51.5074,-0.1278,2026-06-17 06:00:00+00:00,1.0,5.97,9.14,17.6,40.0
Madrid,Spain,40.4168,-3.7038,2026-06-17 06:00:00+00:00,1.0,2.5,4.24,2.6,33.9
Paris,France,48.8566,2.3522,2026-06-17 06:00:00+00:00,1.0,4.27,6.16,3.67,14.08
Antananarivo,Madagascar,-18.8792,47.5079,2026-06-17 07:00:00+00:00,1.0,2.79,4.71,0.27,45.07
Buenos Aires,Argentina,-34.6037,-58.3816,2026-06-17 07:00:00+00:00,1.0,3.83,9.64,1.03,40.65
London,England,51.5074,-0.1278,2026-06-17 07:00:00+00:00,1.0,6.01,8.98,17.51,39.7
Madrid,Spain,40.4168,-3.7038,2026-06-17 07:00:00+00:00,1.0,2.55,4.39,2.46,32.25
Paris,France,48.8566,2.3522,2026-06-17 07:00:00+00:00,1.0,4.41,6.31,3.13,21.04
Antananarivo,Madagascar,-18.8792,47.5079,2026-06-17 08:00:00+00:00,1.0,2.43,4.13,0.16,49.39
Buenos Aires,Argentina,-34.6037,-58.3816,2026-06-17 08:00:00+00:00,1.0,3.6,9.31,0.97,39.75
London,England,51.5074,-0.1278,2026-06-17 08:00:00+00:00,1.0,5.93,8.92,16.59,40.81
Madrid,Spain,40.4168,-3.7038,2026-06-17 08:00:00+00:00,1.0,2.63,4.62,2.12,34.43
Paris,France,48.8566,2.3522,2026-06-17 08:00:00+00:00,1.0,4.64,6.54,2.75,26.27
Antananarivo,Madagascar,-18.8792,47.5079,2026-06-17 09:00:00+00:00,1.0,2.5,4.19,0.13,50.66
Buenos Aires,Argentina,-34.6037,-58.3816,2026-06-17 09:00:00+00:00,1.0,3.49,9.24,0.95,38.84
London,England,51.5074,-0.1278,2026-06-17 09:00:00+00:00,1.0,5.71,8.77,14.96,43.59
Madrid,Spain,40.4168,-3.7038,2026-06-17 09:00:00+00:00,1.0,2.81,5.01,1.82,43.15
Paris,France,48.8566,2.3522,2026-06-17 09:00:00+00:00,1.0,5.37,7.28,2.39,36.5
Antananarivo,Madagascar,-18.8792,47.5079,2026-06-17 10:00:00+00:00,1.0,2.03,3.26,0.1,55.27
Buenos Aires,Argentina,-34.6037,-58.3816,2026-06-17 10:00:00+00:00,1.0,3.45,9.26,1.02,37.65
London,England,51.5074,-0.1278,2026-06-17 10:00:00+00:00,1.0,5.47,8.8,12.83,47.27
Madrid,Spain,40.4168,-3.7038,2026-06-17 10:00:00+00:00,2.0,2.67,5.49,0.47,88.19
Paris,France,48.8566,2.3522,2026-06-17 10:00:00+00:00,2.0,4.92,6.83,0.78,74.67
Antananarivo,Madagascar,-18.8792,47.5079,2026-06-17 11:00:00+00:00,1.0,1.91,2.92,0.11,56.67
Buenos Aires,Argentina,-34.6037,-58.3816,2026-06-17 11:00:00+00:00,1.0,3.45,9.41,1.2,36.7
London,England,51.5074,-0.1278,2026-06-17 11:00:00+00:00,1.0,5.28,9.05,11.4,50.49
Madrid,Spain,40.4168,-3.7038,2026-06-17 11:00:00+00:00,2.0,2.43,4.95,0.27,91.89
Paris,France,48.8566,2.3522,2026-06-17 11:00:00+00:00,2.0,4.67,6.75,0.43,80.53
Antananarivo,Madagascar,-18.8792,47.5079,2026-06-17 12:00:00+00:00,1.0,1.98,2.97,0.12,56.24
Buenos Aires,Argentina,-34.6037,-58.3816,2026-06-17 12:00:00+00:00,1.0,3.45,9.41,1.29,36.35
London,England,51.5074,-0.1278,2026-06-17 12:00:00+00:00,1.0,5.04,9.38,9.55,55.05
Madrid,Spain,40.4168,-3.7038,2026-06-17 12:00:00+00:00,2.0,2.35,4.8,0.24,92.21
Paris,France,48.8566,2.3522,2026-06-17 12:00:00+00:00,2.0,4.69,6.88,0.38,81.64
Antananarivo,Madagascar,-18.8792,47.5079,2026-06-17 13:00:00+00:00,1.0,2.54,3.88,0.3,52.41
Buenos Aires,Argentina,-34.6037,-58.3816,2026-06-17 13:00:00+00:00,1.0,3.38,9.34,1.03,36.53
London,England,51.5074,-0.1278,2026-06-17 13:00:00+00:00,2.0,4.75,9.7,6.0,63.85
Madrid,Spain,40.4168,-3.7038,2026-06-17 13:00:00+00:00,2.0,2.33,4.8,0.24,93.31
Paris,France,48.8566,2.3522,2026-06-17 13:00:00+00:00,2.0,4.44,6.71,0.35,83.32
Antananarivo,Madagascar,-18.8792,47.5079,2026-06-17 14:00:00+00:00,1.0,3.53,5.5,0.7,46.56
Buenos Aires,Argentina,-34.6037,-58.3816,2026-06-17 14:00:00+00:00,1.0,3.25,9.42,0.77,37.15
London,England,51.5074,-0.1278,2026-06-17 14:00:00+00:00,2.0,4.92,10.87,5.28,70.45
Madrid,Spain,40.4168,-3.7038,2026-06-17 14:00:00+00:00,2.0,2.3,4.84,0.24,92.8
Paris,France,48.8566,2.3522,2026-06-17 14:00:00+00:00,2.0,4.01,6.31,0.33,83.64
Antananarivo,Madagascar,-18.8792,47.5079,2026-06-17 15:00:00+00:00,1.0,4.55,7.19,1.23,41.47
Buenos Aires,Argentina,-34.6037,-58.3816,2026-06-17 15:00:00+00:00,1.0,3.05,9.54,0.58,40.3
London,England,51.5074,-0.1278,2026-06-17 15:00:00+00:00,2.0,5.1,11.64,5.26,75.0
Madrid,Spain,40.4168,-3.7038,2026-06-17 15:00:00+00:00,2.0,2.28,4.87,0.26,92.13
Paris,France,48.8566,2.3522,2026-06-17 15:00:00+00:00,2.0,3.86,6.2,0.37,83.51
Antananarivo,Madagascar,-18.8792,47.5079,2026-06-17 16:00:00+00:00,1.0,5.93,9.56,1.7,35.89
Buenos Aires,Argentina,-34.6037,-58.3816,2026-06-17 16:00:00+00:00,1.0,2.42,9.2,0.3,51.97
London,England,51.5074,-0.1278,2026-06-17 16:00:00+00:00,2.0,5.29,12.18,5.94,76.59
Madrid,Spain,40.4168,-3.7038,2026-06-17 16:00:00+00:00,2.0,2.27,4.95,0.29,92.33
Paris,France,48.8566,2.3522,2026-06-17 16:00:00+00:00,2.0,3.87,6.23,0.44,84.45
Antananarivo,Madagascar,-18.8792,47.5079,2026-06-17 17:00:00+00:00,1.0,7.93,12.82,2.17,30.9
Buenos Aires,Argentina,-34.6037,-58.3816,2026-06-17 17:00:00+00:00,1.0,2.14,8.44,0.25,54.24
London,England,51.5074,-0.1278,2026-06-17 17:00:00+00:00,2.0,5.68,12.86,7.49,76.4
Madrid,Spain,40.4168,-3.7038,2026-06-17 17:00:00+00:00,2.0,2.26,4.95,0.31,91.34
Paris,France,48.8566,2.3522,2026-06-17 17:00:00+00:00,2.0,3.95,6.31,0.51,84.83
Antananarivo,Madagascar,-18.8792,47.5079,2026-06-17 18:00:00+00:00,1.0,9.99,15.96,2.54,26.92
Buenos Aires,Argentina,-34.6037,-58.3816,2026-06-17 18:00:00+00:00,1.0,2.07,8.15,0.33,54.57
London,England,51.5074,-0.1278,2026-06-17 18:00:00+00:00,2.0,5.96,13.11,9.39,75.27
Madrid,Spain,40.4168,-3.7038,2026-06-17 18:00:00+00:00,2.0,2.24,4.93,0.34,90.3
Paris,France,48.8566,2.3522,2026-06-17 18:00:00+00:00,2.0,4.01,6.35,0.59,84.77
Antananarivo,Madagascar,-18.8792,47.5079,2026-06-17 19:00:00+00:00,2.0,11.65,18.18,2.76,23.77
Buenos Aires,Argentina,-34.6037,-58.3816,2026-06-17 19:00:00+00:00,1.0,2.11,8.14,0.6,53.65
London,England,51.5074,-0.1278,2026-06-17 19:00:00+00:00,2.0,6.19,13.24,12.19,72.58
Madrid,Spain,40.4168,-3.7038,2026-06-17 19:00:00+00:00,2.0,2.23,4.8,0.56,85.78
Paris,France,48.8566,2.3522,2026-06-17 19:00:00+00:00,2.0,4.14,6.44,1.39,72.77
Antananarivo,Madagascar,-18.8792,47.5079,2026-06-17 20:00:00+00:00,2.0,12.63,19.28,2.86,21.81
Buenos Aires,Argentina,-34.6037,-58.3816,2026-06-17 20:00:00+00:00,1.0,2.22,8.28,1.34,50.36
London,England,51.5074,-0.1278,2026-06-17 20:00:00+00:00,2.0,6.32,13.31,15.1,68.89
Madrid,Spain,40.4168,-3.7038,2026-06-17 20:00:00+00:00,2.0,2.25,4.75,0.83,81.66
Paris,France,48.8566,2.3522,2026-06-17 20:00:00+00:00,1.0,4.36,6.61,2.63,56.07
Antananarivo,Madagascar,-18.8792,47.5079,2026-06-17 21:00:00+00:00,2.0,12.44,18.4,2.72,20.62
Buenos Aires,Argentina,-34.6037,-58.3816,2026-06-17 21:00:00+00:00,1.0,2.4,8.53,2.66,46.68
London,England,51.5074,-0.1278,2026-06-17 21:00:00+00:00,2.0,6.35,13.25,15.93,65.91
Madrid,Spain,40.4168,-3.7038,2026-06-17 21:00:00+00:00,2.0,2.29,4.78,0.99,80.82
Paris,France,48.8566,2.3522,2026-06-17 21:00:00+00:00,1.0,4.55,6.76,3.52,44.06
Antananarivo,Madagascar,-18.8792,47.5079,2026-06-17 22:00:00+00:00,2.0,11.75,16.88,2.5,20.13
Buenos Aires,Argentina,-34.6037,-58.3816,2026-06-17 22:00:00+00:00,1.0,2.59,8.78,4.0,43.2
London,England,51.5074,-0.1278,2026-06-17 22:00:00+00:00,2.0,6.35,13.24,16.3,63.15
Madrid,Spain,40.4168,-3.7038,2026-06-17 22:00:00+00:00,2.0,2.32,4.73,1.09,78.87
Paris,France,48.8566,2.3522,2026-06-17 22:00:00+00:00,1.0,4.58,6.68,3.87,35.75
Antananarivo,Madagascar,-18.8792,47.5079,2026-06-17 23:00:00+00:00,2.0,11.08,15.69,2.32,20.63
Buenos Aires,Argentina,-34.6037,-58.3816,2026-06-17 23:00:00+00:00,1.0,2.84,9.22,5.3,40.85
London,England,51.5074,-0.1278,2026-06-17 23:00:00+00:00,2.0,6.43,13.42,17.1,60.07
Madrid,Spain,40.4168,-3.7038,2026-06-17 23:00:00+00:00,2.0,2.39,4.81,1.12,74.95
Paris,France,48.8566,2.3522,2026-06-17 23:00:00+00:00,1.0,4.58,6.56,3.59,31.94
Antananarivo,Madagascar,-18.8792,47.5079,2026-06-18 00:00:00+00:00,2.0,10.36,14.64,2.14,21.92
Buenos Aires,Argentina,-34.6037,-58.3816,2026-06-18 00:00:00+00:00,1.0,3.17,9.9,6.67,39.56
London,England,51.5074,-0.1278,2026-06-18 00:00:00+00:00,1.0,6.62,13.73,18.41,56.4
Madrid,Spain,40.4168,-3.7038,2026-06-18 00:00:00+00:00,2.0,2.46,4.9,1.1,69.55
Paris,France,48.8566,2.3522,2026-06-18 00:00:00+00:00,1.0,4.51,6.35,3.09,30.74
Antananarivo,Madagascar,-18.8792,47.5079,2026-06-18 01:00:00+00:00,1.0,9.37,13.38,1.9,25.05
Buenos Aires,Argentina,-34.6037,-58.3816,2026-06-18 01:00:00+00:00,1.0,3.47,10.51,7.85,39.01
London,England,51.5074,-0.1278,2026-06-18 01:00:00+00:00,1.0,6.93,14.16,20.44,51.96
Madrid,Spain,40.4168,-3.7038,2026-06-18 01:00:00+00:00,2.0,2.48,4.91,1.0,64.22
Paris,France,48.8566,2.3522,2026-06-18 01:00:00+00:00,1.0,4.39,6.06,2.66,29.59
Antananarivo,Madagascar,-18.8792,47.5079,2026-06-18 02:00:00+00:00,1.0,8.89,12.76,1.77,26.26
Buenos Aires,Argentina,-34.6037,-58.3816,2026-06-18 02:00:00+00:00,1.0,3.69,10.8,8.73,38.7
London,England,51.5074,-0.1278,2026-06-18 02:00:00+00:00,1.0,7.38,14.68,23.31,46.67
Madrid,Spain,40.4168,-3.7038,2026-06-18 02:00:00+00:00,1.0,2.52,4.94,0.99,59.93
Paris,France,48.8566,2.3522,2026-06-18 02:00:00+00:00,1.0,4.39,5.97,2.47,25.97
Antananarivo,Madagascar,-18.8792,47.5079,2026-06-18 03:00:00+00:00,1.0,8.64,12.45,1.71,27.17
Buenos Aires,Argentina,-34.6037,-58.3816,2026-06-18 03:00:00+00:00,1.0,3.93,11.11,9.3,38.4
London,England,51.5074,-0.1278,2026-06-18 03:00:00+00:00,1.0,7.86,15.16,26.07,41.67
Madrid,Spain,40.4168,-3.7038,2026-06-18 03:00:00+00:00,1.0,2.56,5.0,1.0,57.28
Paris,France,48.8566,2.3522,2026-06-18 03:00:00+00:00,1.0,4.47,6.01,2.45,22.96
Antananarivo,Madagascar,-18.8792,47.5079,2026-06-18 04:00:00+00:00,1.0,8.6,12.9,1.81,27.72
Buenos Aires,Argentina,-34.6037,-58.3816,2026-06-18 04:00:00+00:00,1.0,4.24,11.52,9.41,38.06
London,England,51.5074,-0.1278,2026-06-18 04:00:00+00:00,1.0,8.39,15.55,28.75,37.11
Madrid,Spain,40.4168,-3.7038,2026-06-18 04:00:00+00:00,1.0,2.58,5.14,1.01,56.53
Paris,France,48.8566,2.3522,2026-06-18 04:00:00+00:00,1.0,4.57,6.16,2.69,22.13
Antananarivo,Madagascar,-18.8792,47.5079,2026-06-18 05:00:00+00:00,1.0,8.82,13.81,1.58,29.39
Buenos Aires,Argentina,-34.6037,-58.3816,2026-06-18 05:00:00+00:00,1.0,4.54,11.87,9.11,37.38
London,England,51.5074,-0.1278,2026-06-18 05:00:00+00:00,1.0,8.94,15.79,31.36,32.92
Madrid,Spain,40.4168,-3.7038,2026-06-18 05:00:00+00:00,1.0,2.64,5.21,1.24,54.29
Paris,France,48.8566,2.3522,2026-06-18 05:00:00+00:00,1.0,4.8,6.5,3.64,20.31
Antananarivo,Madagascar,-18.8792,47.5079,2026-06-18 06:00:00+00:00,1.0,9.82,15.17,1.12,36.46
Buenos Aires,Argentina,-34.6037,-58.3816,2026-06-18 06:00:00+00:00,1.0,4.76,12.09,8.66,36.65
London,England,51.5074,-0.1278,2026-06-18 06:00:00+00:00,1.0,9.53,16.02,33.39,30.02
Madrid,Spain,40.4168,-3.7038,2026-06-18 06:00:00+00:00,1.0,2.71,5.33,1.65,51.72
Paris,France,48.8566,2.3522,2026-06-18 06:00:00+00:00,1.0,5.09,6.92,4.17,20.31
Antananarivo,Madagascar,-18.8792,47.5079,2026-06-18 07:00:00+00:00,1.0,4.88,7.9,0.39,53.95
Buenos Aires,Argentina,-34.6037,-58.3816,2026-06-18 07:00:00+00:00,1.0,4.92,12.21,8.28,35.78
London,England,51.5074,-0.1278,2026-06-18 07:00:00+00:00,2.0,10.26,16.32,33.38,29.31
Madrid,Spain,40.4168,-3.7038,2026-06-18 07:00:00+00:00,1.0,2.77,5.56,1.74,51.79
Paris,France,48.8566,2.3522,2026-06-18 07:00:00+00:00,1.0,5.35,7.29,3.85,26.08
Antananarivo,Madagascar,-18.8792,47.5079,2026-06-18 08:00:00+00:00,1.0,4.49,7.17,0.24,57.09
Buenos Aires,Argentina,-34.6037,-58.3816,2026-06-18 08:00:00+00:00,1.0,5.01,12.22,8.13,34.7
London,England,51.5074,-0.1278,2026-06-18 08:00:00+00:00,2.0,11.08,16.75,32.24,29.66
Madrid,Spain,40.4168,-3.7038,2026-06-18 08:00:00+00:00,1.0,2.82,5.73,1.6,53.74
Paris,France,48.8566,2.3522,2026-06-18 08:00:00+00:00,1.0,5.55,7.49,3.45,28.96
Antananarivo,Madagascar,-18.8792,47.5079,2026-06-18 09:00:00+00:00,1.0,4.53,7.12,0.18,57.45
Buenos Aires,Argentina,-34.6037,-58.3816,2026-06-18 09:00:00+00:00,1.0,5.08,12.14,8.24,33.39
London,England,51.5074,-0.1278,2026-06-18 09:00:00+00:00,2.0,11.86,17.24,30.23,31.13
Madrid,Spain,40.4168,-3.7038,2026-06-18 09:00:00+00:00,2.0,2.93,6.0,1.32,60.26
Paris,France,48.8566,2.3522,2026-06-18 09:00:00+00:00,1.0,6.04,8.0,2.84,38.74
Antananarivo,Madagascar,-18.8792,47.5079,2026-06-18 10:00:00+00:00,2.0,2.72,4.23,0.13,62.54
Buenos Aires,Argentina,-34.6037,-58.3816,2026-06-18 10:00:00+00:00,1.0,5.2,12.09,8.68,32.02
London,England,51.5074,-0.1278,2026-06-18 10:00:00+00:00,2.0,12.57,17.42,33.77,27.41
Madrid,Spain,40.4168,-3.7038,2026-06-18 10:00:00+00:00,2.0,3.2,7.37,0.61,86.48
Paris,France,48.8566,2.3522,2026-06-18 10:00:00+00:00,2.0,3.94,5.96,0.64,81.41
Antananarivo,Madagascar,-18.8792,47.5079,2026-06-18 11:00:00+00:00,2.0,2.56,3.8,0.14,63.64
Buenos Aires,Argentina,-34.6037,-58.3816,2026-06-18 11:00:00+00:00,1.0,5.52,12.39,9.82,30.67
London,England,51.5074,-0.1278,2026-06-18 11:00:00+00:00,2.0,13.4,17.45,33.45,28.2
Madrid,Spain,40.4168,-3.7038,2026-06-18 11:00:00+00:00,2.0,3.15,7.22,0.41,91.04
Paris,France,48.8566,2.3522,2026-06-18 11:00:00+00:00,2.0,3.17,4.86,0.36,85.48
Antananarivo,Madagascar,-18.8792,47.5079,2026-06-18 12:00:00+00:00,2.0,2.79,4.01,0.17,63.76
Buenos Aires,Argentina,-34.6037,-58.3816,2026-06-18 12:00:00+00:00,1.0,6.16,13.22,11.75,29.54
London,England,51.5074,-0.1278,2026-06-18 12:00:00+00:00,2.0,13.96,17.14,31.76,30.96
Madrid,Spain,40.4168,-3.7038,2026-06-18 12:00:00+00:00,2.0,3.12,7.06,0.36,91.7
Paris,France,48.8566,2.3522,2026-06-18 12:00:00+00:00,2.0,2.97,4.52,0.35,85.99
Antananarivo,Madagascar,-18.8792,47.5079,2026-06-18 13:00:00+00:00,2.0,3.26,4.69,0.28,61.95
Buenos Aires,Argentina,-34.6037,-58.3816,2026-06-18 13:00:00+00:00,1.0,7.03,14.4,13.62,29.78
London,England,51.5074,-0.1278,2026-06-18 13:00:00+00:00,2.0,12.91,15.3,25.4,39.3
Madrid,Spain,40.4168,-3.7038,2026-06-18 13:00:00+00:00,2.0,2.89,6.55,0.29,92.93
Paris,France,48.8566,2.3522,2026-06-18 13:00:00+00:00,2.0,2.96,4.43,0.42,87.22
Antananarivo,Madagascar,-18.8792,47.5079,2026-06-18 14:00:00+00:00,1.0,4.0,5.82,0.57,57.93
Buenos Aires,Argentina,-34.6037,-58.3816,2026-06-18 14:00:00+00:00,1.0,7.76,15.33,13.44,30.68
London,England,51.5074,-0.1278,2026-06-18 14:00:00+00:00,2.0,11.89,13.84,21.01,44.11
Madrid,Spain,40.4168,-3.7038,2026-06-18 14:00:00+00:00,2.0,2.63,6.09,0.24,92.03
Paris,France,48.8566,2.3522,2026-06-18 14:00:00+00:00,2.0,2.98,4.35,0.54,86.4
Antananarivo,Madagascar,-18.8792,47.5079,2026-06-18 15:00:00+00:00,1.0,4.73,7.0,0.95,54.0
Buenos Aires,Argentina,-34.6037,-58.3816,2026-06-18 15:00:00+00:00,1.0,8.52,16.35,12.52,32.43
London,England,51.5074,-0.1278,2026-06-18 15:00:00+00:00,2.0,11.19,12.98,17.82,48.01
Madrid,Spain,40.4168,-3.7038,2026-06-18 15:00:00+00:00,2.0,2.5,5.89,0.24,91.34
Paris,France,48.8566,2.3522,2026-06-18 15:00:00+00:00,2.0,3.08,4.31,0.74,85.66
Antananarivo,Madagascar,-18.8792,47.5079,2026-06-18 16:00:00+00:00,1.0,5.95,9.03,1.37,49.21
Buenos Aires,Argentina,-34.6037,-58.3816,2026-06-18 16:00:00+00:00,1.0,9.32,16.02,15.43,31.07
London,England,51.5074,-0.1278,2026-06-18 16:00:00+00:00,2.0,10.81,12.69,15.53,52.14
Madrid,Spain,40.4168,-3.7038,2026-06-18 16:00:00+00:00,2.0,2.42,5.7,0.26,91.38
Paris,France,48.8566,2.3522,2026-06-18 16:00:00+00:00,2.0,3.46,4.55,1.44,80.89
Antananarivo,Madagascar,-18.8792,47.5079,2026-06-18 17:00:00+00:00,1.0,8.0,12.38,1.93,45.59
Buenos Aires,Argentina,-34.6037,-58.3816,2026-06-18 17:00:00+00:00,1.0,9.61,14.25,15.15,31.19
London,England,51.5074,-0.1278,2026-06-18 17:00:00+00:00,2.0,10.57,12.48,15.29,54.09
Madrid,Spain,40.4168,-3.7038,2026-06-18 17:00:00+00:00,2.0,2.27,5.27,0.29,90.64
Paris,France,48.8566,2.3522,2026-06-18 17:00:00+00:00,2.0,3.87,4.9,2.11,74.09
Antananarivo,Madagascar,-18.8792,47.5079,2026-06-18 18:00:00+00:00,2.0,10.16,15.74,2.41,42.94
Buenos Aires,Argentina,-34.6037,-58.3816,2026-06-18 18:00:00+00:00,1.0,9.64,12.84,15.15,30.14
London,England,51.5074,-0.1278,2026-06-18 18:00:00+00:00,2.0,10.15,12.04,16.09,54.67
Madrid,Spain,40.4168,-3.7038,2026-06-18 18:00:00+00:00,2.0,2.06,4.64,0.32,89.66
Paris,France,48.8566,2.3522,2026-06-18 18:00:00+00:00,2.0,4.04,5.08,2.43,67.8
Antananarivo,Madagascar,-18.8792,47.5079,2026-06-18 19:00:00+00:00,2.0,12.05,18.63,2.77,39.66
Buenos Aires,Argentina,-34.6037,-58.3816,2026-06-18 19:00:00+00:00,1.0,9.45,11.66,15.09,28.67
London,England,51.5074,-0.1278,2026-06-18 19:00:00+00:00,1.0,9.52,11.32,18.35,53.08
Madrid,Spain,40.4168,-3.7038,2026-06-18 19:00:00+00:00,2.0,1.93,4.12,0.38,87.51
Paris,France,48.8566,2.3522,2026-06-18 19:00:00+00:00,1.0,3.98,5.04,2.75,58.48
Antananarivo,Madagascar,-18.8792,47.5079,2026-06-18 20:00:00+00:00,2.0,13.27,20.38,2.98,37.34
Buenos Aires,Argentina,-34.6037,-58.3816,2026-06-18 20:00:00+00:00,1.0,9.13,10.74,15.63,26.18
London,England,51.5074,-0.1278,2026-06-18 20:00:00+00:00,1.0,8.85,10.51,21.49,49.43
Madrid,Spain,40.4168,-3.7038,2026-06-18 20:00:00+00:00,2.0,1.93,3.87,0.46,84.66
Paris,France,48.8566,2.3522,2026-06-18 20:00:00+00:00,1.0,3.89,4.97,3.17,49.6
Antananarivo,Madagascar,-18.8792,47.5079,2026-06-18 21:00:00+00:00,2.0,13.31,20.32,2.93,35.65
Buenos Aires,Argentina,-34.6037,-58.3816,2026-06-18 21:00:00+00:00,1.0,8.86,10.16,16.72,23.87
London,England,51.5074,-0.1278,2026-06-18 21:00:00+00:00,1.0,8.37,9.87,22.92,46.45
Madrid,Spain,40.4168,-3.7038,2026-06-18 21:00:00+00:00,2.0,1.96,3.64,0.51,82.22
Paris,France,48.8566,2.3522,2026-06-18 21:00:00+00:00,1.0,3.73,4.81,3.33,43.32
Antananarivo,Madagascar,-18.8792,47.5079,2026-06-18 22:00:00+00:00,2.0,12.87,19.67,2.73,33.36
Buenos Aires,Argentina,-34.6037,-58.3816,2026-06-18 22:00:00+00:00,1.0,8.67,9.79,17.53,19.94
London,England,51.5074,-0.1278,2026-06-18 22:00:00+00:00,1.0,8.09,9.47,23.95,43.79
Madrid,Spain,40.4168,-3.7038,2026-06-18 22:00:00+00:00,2.0,1.97,3.36,0.6,75.69
Paris,France,48.8566,2.3522,2026-06-18 22:00:00+00:00,1.0,3.5,4.53,3.26,39.48
Antananarivo,Madagascar,-18.8792,47.5079,2026-06-18 23:00:00+00:00,2.0,12.58,18.99,2.57,31.66
Buenos Aires,Argentina,-34.6037,-58.3816,2026-06-18 23:00:00+00:00,1.0,8.58,9.63,17.4,15.48
London,England,51.5074,-0.1278,2026-06-18 23:00:00+00:00,1.0,7.92,9.21,25.08,40.73
Madrid,Spain,40.4168,-3.7038,2026-06-18 23:00:00+00:00,2.0,2.0,3.24,0.71,68.13
Paris,France,48.8566,2.3522,2026-06-18 23:00:00+00:00,1.0,3.29,4.28,2.91,38.5
Antananarivo,Madagascar,-18.8792,47.5079,2026-06-19 00:00:00+00:00,2.0,12.26,18.3,2.43,30.67
Buenos Aires,Argentina,-34.6037,-58.3816,2026-06-19 00:00:00+00:00,1.0,8.48,9.5,16.43,12.56
London,England,51.5074,-0.1278,2026-06-19 00:00:00+00:00,1.0,7.88,9.13,26.32,36.48
Madrid,Spain,40.4168,-3.7038,2026-06-19 00:00:00+00:00,2.0,2.05,3.28,0.8,62.39
Paris,France,48.8566,2.3522,2026-06-19 00:00:00+00:00,1.0,3.14,4.08,2.53,38.58
Antananarivo,Madagascar,-18.8792,47.5079,2026-06-19 01:00:00+00:00,2.0,11.6,17.2,2.23,31.35
Buenos Aires,Argentina,-34.6037,-58.3816,2026-06-19 01:00:00+00:00,1.0,8.48,9.5,15.29,10.91
London,England,51.5074,-0.1278,2026-06-19 01:00:00+00:00,1.0,8.03,9.25,28.35,30.9
Madrid,Spain,40.4168,-3.7038,2026-06-19 01:00:00+00:00,1.0,2.15,3.59,0.85,58.22
Paris,France,48.8566,2.3522,2026-06-19 01:00:00+00:00,1.0,3.02,3.9,2.23,37.86
Antananarivo,Madagascar,-18.8792,47.5079,2026-06-19 02:00:00+00:00,2.0,11.11,16.26,2.09,31.7
Buenos Aires,Argentina,-34.6037,-58.3816,2026-06-19 02:00:00+00:00,1.0,8.55,9.54,13.88,10.38
London,England,51.5074,-0.1278,2026-06-19 02:00:00+00:00,1.0,8.65,9.84,32.9,23.62
Madrid,Spain,40.4168,-3.7038,2026-06-19 02:00:00+00:00,1.0,2.33,4.25,0.89,56.34
Paris,France,48.8566,2.3522,2026-06-19 02:00:00+00:00,1.0,2.97,3.8,2.04,35.59
Antananarivo,Madagascar,-18.8792,47.5079,2026-06-19 03:00:00+00:00,2.0,10.83,15.57,2.04,32.01
Buenos Aires,Argentina,-34.6037,-58.3816,2026-06-19 03:00:00+00:00,1.0,8.61,9.59,12.08,11.36
London,England,51.5074,-0.1278,2026-06-19 03:00:00+00:00,1.0,9.77,10.98,39.13,15.74
Madrid,Spain,40.4168,-3.7038,2026-06-19 03:00:00+00:00,1.0,2.58,5.13,0.95,55.28
Paris,France,48.8566,2.3522,2026-06-19 03:00:00+00:00,1.0,2.95,3.74,1.9,34.11
Antananarivo,Madagascar,-18.8792,47.5079,2026-06-19 04:00:00+00:00,2.0,10.99,15.93,2.15,31.89
Buenos Aires,Argentina,-34.6037,-58.3816,2026-06-19 04:00:00+00:00,1.0,8.73,9.91,9.47,15.07
London,England,51.5074,-0.1278,2026-06-19 04:00:00+00:00,2.0,11.48,12.81,46.94,8.82
Madrid,Spain,40.4168,-3.7038,2026-06-19 04:00:00+00:00,1.0,2.8,5.96,1.03,54.68
Paris,France,48.8566,2.3522,2026-06-19 04:00:00+00:00,1.0,2.88,3.65,1.83,33.49
Antananarivo,Madagascar,-18.8792,47.5079,2026-06-19 05:00:00+00:00,2.0,11.34,16.8,1.86,32.33
Buenos Aires,Argentina,-34.6037,-58.3816,2026-06-19 05:00:00+00:00,1.0,8.87,10.12,6.92,16.68
London,England,51.5074,-0.1278,2026-06-19 05:00:00+00:00,2.0,13.17,14.65,51.7,7.23
Madrid,Spain,40.4168,-3.7038,2026-06-19 05:00:00+00:00,1.0,2.94,6.31,1.3,52.14
Paris,France,48.8566,2.3522,2026-06-19 05:00:00+00:00,1.0,2.83,3.61,2.19,34.41
Antananarivo,Madagascar,-18.8792,47.5079,2026-06-19 06:00:00+00:00,2.0,12.4,17.93,1.23,38.31
Buenos Aires,Argentina,-34.6037,-58.3816,2026-06-19 06:00:00+00:00,1.0,9.11,10.45,4.85,18.1
London,England,51.5074,-0.1278,2026-06-19 06:00:00+00:00,2.0,14.38,16.0,44.52,16.7
Madrid,Spain,40.4168,-3.7038,2026-06-19 06:00:00+00:00,1.0,3.03,6.5,1.73,49.38
Paris,France,48.8566,2.3522,2026-06-19 06:00:00+00:00,1.0,2.78,3.58,2.53,37.33
Antananarivo,Madagascar,-18.8792,47.5079,2026-06-19 07:00:00+00:00,1.0,4.72,6.81,0.29,56.46
Buenos Aires,Argentina,-34.6037,-58.3816,2026-06-19 07:00:00+00:00,1.0,9.52,11.4,2.83,23.32
London,England,51.5074,-0.1278,2026-06-19 07:00:00+00:00,2.0,14.79,16.49,35.93,24.74
Madrid,Spain,40.4168,-3.7038,2026-06-19 07:00:00+00:00,1.0,3.1,6.79,1.77,50.41
Paris,France,48.8566,2.3522,2026-06-19 07:00:00+00:00,1.0,2.72,3.53,2.2,44.6
Antananarivo,Madagascar,-18.8792,47.5079,2026-06-19 08:00:00+00:00,2.0,3.97,5.49,0.17,60.6
Buenos Aires,Argentina,-34.6037,-58.3816,2026-06-19 08:00:00+00:00,1.0,9.31,12.08,1.76,27.64
London,England,51.5074,-0.1278,2026-06-19 08:00:00+00:00,2.0,14.2,16.0,29.54,29.78
Madrid,Spain,40.4168,-3.7038,2026-06-19 08:00:00+00:00,1.0,3.15,6.93,1.55,52.76
Paris,France,48.8566,2.3522,2026-06-19 08:00:00+00:00,1.0,2.7,3.53,1.9,48.96
Antananarivo,Madagascar,-18.8792,47.5079,2026-06-19 09:00:00+00:00,2.0,3.98,5.27,0.14,62.23
Buenos Aires,Argentina,-34.6037,-58.3816,2026-06-19 09:00:00+00:00,1.0,8.36,12.06,1.19,33.21
London,England,51.5074,-0.1278,2026-06-19 09:00:00+00:00,2.0,13.3,15.23,24.88,33.6
Madrid,Spain,40.4168,-3.7038,2026-06-19 09:00:00+00:00,2.0,3.25,7.1,1.22,60.01
Paris,France,48.8566,2.3522,2026-06-19 09:00:00+00:00,1.0,2.85,3.71,1.47,57.19
Antananarivo,Madagascar,-18.8792,47.5079,2026-06-19 10:00:00+00:00,2.0,3.5,4.41,0.15,69.49
Buenos Aires,Argentina,-34.6037,-58.3816,2026-06-19 10:00:00+00:00,1.0,6.89,11.26,0.9,39.49
London,England,51.5074,-0.1278,2026-06-19 10:00:00+00:00,2.0,12.38,14.44,21.44,37.62
Madrid,Spain,40.4168,-3.7038,2026-06-19 10:00:00+00:00,2.0,3.15,7.53,0.53,85.7
Paris,France,48.8566,2.3522,2026-06-19 10:00:00+00:00,2.0,3.06,4.06,0.84,74.94
Antananarivo,Madagascar,-18.8792,47.5079,2026-06-19 11:00:00+00:00,2.0,3.27,3.98,0.17,72.81
Buenos Aires,Argentina,-34.6037,-58.3816,2026-06-19 11:00:00+00:00,1.0,5.91,10.73,0.86,43.72
London,England,51.5074,-0.1278,2026-06-19 11:00:00+00:00,2.0,11.75,13.96,18.89,42.53
Madrid,Spain,40.4168,-3.7038,2026-06-19 11:00:00+00:00,2.0,3.16,7.72,0.39,90.24
Paris,France,48.8566,2.3522,2026-06-19 11:00:00+00:00,2.0,3.22,4.28,0.61,83.12
Antananarivo,Madagascar,-18.8792,47.5079,2026-06-19 12:00:00+00:00,2.0,3.36,4.01,0.21,73.56
Buenos Aires,Argentina,-34.6037,-58.3816,2026-06-19 12:00:00+00:00,1.0,5.5,10.8,0.92,45.58
London,England,51.5074,-0.1278,2026-06-19 12:00:00+00:00,2.0,11.33,13.72,16.9,48.42
Madrid,Spain,40.4168,-3.7038,2026-06-19 12:00:00+00:00,2.0,3.3,8.11,0.37,91.51
Paris,France,48.8566,2.3522,2026-06-19 12:00:00+00:00,2.0,3.37,4.46,0.53,87.31
Antananarivo,Madagascar,-18.8792,47.5079,2026-06-19 13:00:00+00:00,2.0,3.77,4.65,0.36,71.13
Buenos Aires,Argentina,-34.6037,-58.3816,2026-06-19 13:00:00+00:00,1.0,5.26,11.07,0.83,46.0
London,England,51.5074,-0.1278,2026-06-19 13:00:00+00:00,2.0,10.96,13.53,15.46,55.24
Madrid,Spain,40.4168,-3.7038,2026-06-19 13:00:00+00:00,2.0,3.51,9.35,0.33,92.19
Paris,France,48.8566,2.3522,2026-06-19 13:00:00+00:00,2.0,2.92,3.99,0.36,94.94
Antananarivo,Madagascar,-18.8792,47.5079,2026-06-19 14:00:00+00:00,2.0,4.41,5.71,0.67,65.7
Buenos Aires,Argentina,-34.6037,-58.3816,2026-06-19 14:00:00+00:00,1.0,5.01,11.48,0.67,46.86
London,England,51.5074,-0.1278,2026-06-19 14:00:00+00:00,2.0,10.45,13.1,14.2,61.8
Madrid,Spain,40.4168,-3.7038,2026-06-19 14:00:00+00:00,2.0,3.69,10.4,0.34,91.7
Paris,France,48.8566,2.3522,2026-06-19 14:00:00+00:00,2.0,2.51,3.47,0.33,98.86
Antananarivo,Madagascar,-18.8792,47.5079,2026-06-19 15:00:00+00:00,2.0,4.94,6.68,1.04,60.61
Buenos Aires,Argentina,-34.6037,-58.3816,2026-06-19 15:00:00+00:00,1.0,4.69,12.1,0.55,48.89
London,England,51.5074,-0.1278,2026-06-19 15:00:00+00:00,2.0,9.88,12.48,13.08,67.18
Madrid,Spain,40.4168,-3.7038,2026-06-19 15:00:00+00:00,2.0,3.78,10.83,0.38,91.74
Paris,France,48.8566,2.3522,2026-06-19 15:00:00+00:00,2.0,2.39,3.31,0.37,99.89
Antananarivo,Madagascar,-18.8792,47.5079,2026-06-19 16:00:00+00:00,1.0,5.7,8.06,1.33,54.72
Buenos Aires,Argentina,-34.6037,-58.3816,2026-06-19 16:00:00+00:00,1.0,4.16,13.24,0.41,53.87
London,England,51.5074,-0.1278,2026-06-19 16:00:00+00:00,2.0,8.76,11.2,11.24,71.21
Madrid,Spain,40.4168,-3.7038,2026-06-19 16:00:00+00:00,2.0,3.76,10.54,0.48,92.14
Paris,France,48.8566,2.3522,2026-06-19 16:00:00+00:00,2.0,2.42,3.35,0.48,99.28
Antananarivo,Madagascar,-18.8792,47.5079,2026-06-19 17:00:00+00:00,1.0,6.93,10.1,1.64,49.56
Buenos Aires,Argentina,-34.6037,-58.3816,2026-06-19 17:00:00+00:00,1.0,3.99,13.67,0.36,55.43
London,England,51.5074,-0.1278,2026-06-19 17:00:00+00:00,2.0,7.74,10.11,10.45,72.34
Madrid,Spain,40.4168,-3.7038,2026-06-19 17:00:00+00:00,2.0,3.71,10.07,0.58,91.42
Paris,France,48.8566,2.3522,2026-06-19 17:00:00+00:00,2.0,2.51,3.49,0.67,96.08
Antananarivo,Madagascar,-18.8792,47.5079,2026-06-19 18:00:00+00:00,1.0,8.01,11.81,1.83,45.68
Buenos Aires,Argentina,-34.6037,-58.3816,2026-06-19 18:00:00+00:00,1.0,3.83,13.49,0.35,55.99
London,England,51.5074,-0.1278,2026-06-19 18:00:00+00:00,2.0,6.56,8.81,10.08,71.27
Madrid,Spain,40.4168,-3.7038,2026-06-19 18:00:00+00:00,2.0,3.69,9.8,0.64,90.73
Paris,France,48.8566,2.3522,2026-06-19 18:00:00+00:00,2.0,2.61,3.62,0.87,92.28
Antananarivo,Madagascar,-18.8792,47.5079,2026-06-19 19:00:00+00:00,1.0,8.86,13.1,1.93,42.59
Buenos Aires,Argentina,-34.6037,-58.3816,2026-06-19 19:00:00+00:00,1.0,3.56,12.3,0.46,54.41
London,England,51.5074,-0.1278,2026-06-19 19:00:00+00:00,2.0,5.4,7.5,10.32,68.29
Madrid,Spain,40.4168,-3.7038,2026-06-19 19:00:00+00:00,2.0,3.72,9.55,0.78,85.59
Paris,France,48.8566,2.3522,2026-06-19 19:00:00+00:00,2.0,2.74,3.76,1.66,80.09
Antananarivo,Madagascar,-18.8792,47.5079,2026-06-19 20:00:00+00:00,1.0,9.34,13.72,1.95,40.72
Buenos Aires,Argentina,-34.6037,-58.3816,2026-06-19 20:00:00+00:00,1.0,3.42,10.92,0.85,49.81
London,England,51.5074,-0.1278,2026-06-19 20:00:00+00:00,2.0,5.1,7.32,12.76,64.35
Madrid,Spain,40.4168,-3.7038,2026-06-19 20:00:00+00:00,2.0,3.84,9.46,1.0,79.22
Paris,France,48.8566,2.3522,2026-06-19 20:00:00+00:00,2.0,2.91,3.95,2.69,64.6
Antananarivo,Madagascar,-18.8792,47.5079,2026-06-19 21:00:00+00:00,1.0,8.97,12.94,1.81,39.65
Buenos Aires,Argentina,-34.6037,-58.3816,2026-06-19 21:00:00+00:00,1.0,3.34,10.09,1.44,46.05
London,England,51.5074,-0.1278,2026-06-19 21:00:00+00:00,2.0,4.84,7.08,13.96,60.88
Madrid,Spain,40.4168,-3.7038,2026-06-19 21:00:00+00:00,2.0,3.97,9.36,1.18,73.74
Paris,France,48.8566,2.3522,2026-06-19 21:00:00+00:00,1.0,3.08,4.11,3.39,53.59
Antananarivo,Madagascar,-18.8792,47.5079,2026-06-19 22:00:00+00:00,1.0,8.09,11.44,1.56,39.24
Buenos Aires,Argentina,-34.6037,-58.3816,2026-06-19 22:00:00+00:00,1.0,3.3,9.52,1.84,42.47
London,England,51.5074,-0.1278,2026-06-19 22:00:00+00:00,1.0,4.74,6.95,15.38,57.38
Madrid,Spain,40.4168,-3.7038,2026-06-19 22:00:00+00:00,2.0,4.02,9.12,1.28,68.24
Paris,France,48.8566,2.3522,2026-06-19 22:00:00+00:00,1.0,3.1,4.09,3.66,43.06
Antananarivo,Madagascar,-18.8792,47.5079,2026-06-19 23:00:00+00:00,1.0,7.27,10.15,1.34,40.0
Buenos Aires,Argentina,-34.6037,-58.3816,2026-06-19 23:00:00+00:00,1.0,3.41,9.28,2.17,38.61
London,England,51.5074,-0.1278,2026-06-19 23:00:00+00:00,1.0,4.97,7.18,18.03,53.76
Madrid,Spain,40.4168,-3.7038,2026-06-19 23:00:00+00:00,2.0,4.11,8.96,1.35,64.53
Paris,France,48.8566,2.3522,2026-06-19 23:00:00+00:00,1.0,3.14,4.12,3.44,35.5
Antananarivo,Madagascar,-18.8792,47.5079,2026-06-20 00:00:00+00:00,1.0,6.61,9.17,1.18,41.23
Buenos Aires,Argentina,-34.6037,-58.3816,2026-06-20 00:00:00+00:00,1.0,3.59,9.32,2.41,34.96
London,England,51.5074,-0.1278,2026-06-20 00:00:00+00:00,1.0,5.36,7.57,20.97,50.02
Madrid,Spain,40.4168,-3.7038,2026-06-20 00:00:00+00:00,2.0,4.2,8.87,1.38,61.61
Paris,France,48.8566,2.3522,2026-06-20 00:00:00+00:00,1.0,3.17,4.15,3.0,30.22
Antananarivo,Madagascar,-18.8792,47.5079,2026-06-20 01:00:00+00:00,1.0,6.05,8.4,1.06,42.07
Buenos Aires,Argentina,-34.6037,-58.3816,2026-06-20 01:00:00+00:00,1.0,3.79,9.43,2.59,30.96
London,England,51.5074,-0.1278,2026-06-20 01:00:00+00:00,1.0,5.92,8.12,24.18,45.87
Madrid,Spain,40.4168,-3.7038,2026-06-20 01:00:00+00:00,2.0,4.29,9.03,1.32,60.4
Paris,France,48.8566,2.3522,2026-06-20 01:00:00+00:00,1.0,3.18,4.16,2.66,26.01
Antananarivo,Madagascar,-18.8792,47.5079,2026-06-20 02:00:00+00:00,1.0,5.7,7.94,1.0,42.43
Buenos Aires,Argentina,-34.6037,-58.3816,2026-06-20 02:00:00+00:00,1.0,4.08,9.77,2.84,27.06
London,England,51.5074,-0.1278,2026-06-20 02:00:00+00:00,1.0,6.68,8.91,27.5,41.36
Madrid,Spain,40.4168,-3.7038,2026-06-20 02:00:00+00:00,1.0,4.42,9.43,1.22,59.94
Paris,France,48.8566,2.3522,2026-06-20 02:00:00+00:00,1.0,3.21,4.19,2.44,22.34
Antananarivo,Madagascar,-18.8792,47.5079,2026-06-20 03:00:00+00:00,1.0,5.53,7.79,1.0,42.88
Buenos Aires,Argentina,-34.6037,-58.3816,2026-06-20 03:00:00+00:00,1.0,4.44,10.37,3.16,23.48
London,England,51.5074,-0.1278,2026-06-20 03:00:00+00:00,1.0,7.53,9.77,30.13,37.08
Madrid,Spain,40.4168,-3.7038,2026-06-20 03:00:00+00:00,2.0,4.6,10.05,1.12,60.4
Paris,France,48.8566,2.3522,2026-06-20 03:00:00+00:00,1.0,3.25,4.22,2.34,19.48
Antananarivo,Madagascar,-18.8792,47.5079,2026-06-20 04:00:00+00:00,1.0,5.71,8.3,1.13,43.23
Buenos Aires,Argentina,-34.6037,-58.3816,2026-06-20 04:00:00+00:00,1.0,4.87,11.24,3.77,20.07
London,England,51.5074,-0.1278,2026-06-20 04:00:00+00:00,1.0,8.38,10.61,31.68,33.32
Madrid,Spain,40.4168,-3.7038,2026-06-20 04:00:00+00:00,2.0,4.81,10.81,1.04,60.65
Paris,France,48.8566,2.3522,2026-06-20 04:00:00+00:00,1.0,3.27,4.26,2.34,17.87
Antananarivo,Madagascar,-18.8792,47.5079,2026-06-20 05:00:00+00:00,1.0,5.95,8.87,1.07,44.62
Buenos Aires,Argentina,-34.6037,-58.3816,2026-06-20 05:00:00+00:00,1.0,5.38,12.36,4.59,17.63
London,England,51.5074,-0.1278,2026-06-20 05:00:00+00:00,1.0,9.13,11.35,32.03,30.85
Madrid,Spain,40.4168,-3.7038,2026-06-20 05:00:00+00:00,1.0,4.97,11.12,1.15,57.63
Paris,France,48.8566,2.3522,2026-06-20 05:00:00+00:00,1.0,3.36,4.4,2.7,16.89
Antananarivo,Madagascar,-18.8792,47.5079,2026-06-20 06:00:00+00:00,1.0,5.84,8.65,0.73,50.08
Buenos Aires,Argentina,-34.6037,-58.3816,2026-06-20 06:00:00+00:00,1.0,5.92,13.67,5.52,16.26
London,England,51.5074,-0.1278,2026-06-20 06:00:00+00:00,1.0,9.6,11.81,28.99,31.96
Madrid,Spain,40.4168,-3.7038,2026-06-20 06:00:00+00:00,1.0,5.09,11.38,1.42,54.17
Paris,France,48.8566,2.3522,2026-06-20 06:00:00+00:00,1.0,3.46,4.57,2.72,17.34
Antananarivo,Madagascar,-18.8792,47.5079,2026-06-20 07:00:00+00:00,2.0,1.82,2.8,0.15,66.77
Buenos Aires,Argentina,-34.6037,-58.3816,2026-06-20 07:00:00+00:00,1.0,6.43,15.26,6.12,17.0
London,England,51.5074,-0.1278,2026-06-20 07:00:00+00:00,1.0,9.63,11.8,23.58,35.16
Madrid,Spain,40.4168,-3.7038,2026-06-20 07:00:00+00:00,1.0,5.15,11.62,1.47,51.31
Paris,France,48.8566,2.3522,2026-06-20 07:00:00+00:00,1.0,3.49,4.64,2.34,25.79
Antananarivo,Madagascar,-18.8792,47.5079,2026-06-20 08:00:00+00:00,2.0,1.45,2.21,0.09,64.59
Buenos Aires,Argentina,-34.6037,-58.3816,2026-06-20 08:00:00+00:00,1.0,6.98,16.55,6.71,17.0
London,England,51.5074,-0.1278,2026-06-20 08:00:00+00:00,1.0,9.4,11.55,19.3,37.91
Madrid,Spain,40.4168,-3.7038,2026-06-20 08:00:00+00:00,1.0,5.26,12.1,1.29,51.96
Paris,France,48.8566,2.3522,2026-06-20 08:00:00+00:00,1.0,3.59,4.77,2.05,32.01
Antananarivo,Madagascar,-18.8792,47.5079,2026-06-20 09:00:00+00:00,2.0,1.48,2.21,0.07,61.85
Buenos Aires,Argentina,-34.6037,-58.3816,2026-06-20 09:00:00+00:00,1.0,7.51,17.75,7.48,16.34
London,England,51.5074,-0.1278,2026-06-20 09:00:00+00:00,1.0,9.19,11.4,16.71,39.72
Madrid,Spain,40.4168,-3.7038,2026-06-20 09:00:00+00:00,1.0,5.51,13.0,1.02,57.7
Paris,France,48.8566,2.3522,2026-06-20 09:00:00+00:00,1.0,4.02,5.21,1.73,40.19
Antananarivo,Madagascar,-18.8792,47.5079,2026-06-20 10:00:00+00:00,2.0,1.37,1.99,0.07,60.84
Buenos Aires,Argentina,-34.6037,-58.3816,2026-06-20 10:00:00+00:00,1.0,7.95,18.81,8.31,15.85
London,England,51.5074,-0.1278,2026-06-20 10:00:00+00:00,1.0,9.2,11.49,15.28,41.33
Madrid,Spain,40.4168,-3.7038,2026-06-20 10:00:00+00:00,2.0,7.22,28.17,0.36,79.77
Paris,France,48.8566,2.3522,2026-06-20 10:00:00+00:00,2.0,4.26,5.7,0.8,73.54
Antananarivo,Madagascar,-18.8792,47.5079,2026-06-20 11:00:00+00:00,1.0,1.31,1.86,0.07,59.86
Buenos Aires,Argentina,-34.6037,-58.3816,2026-06-20 11:00:00+00:00,1.0,8.39,19.92,9.11,15.54
London,England,51.5074,-0.1278,2026-06-20 11:00:00+00:00,1.0,9.53,11.96,14.77,42.75
Madrid,Spain,40.4168,-3.7038,2026-06-20 11:00:00+00:00,2.0,8.03,34.53,0.24,82.2
Paris,France,48.8566,2.3522,2026-06-20 11:00:00+00:00,2.0,4.23,5.61,0.49,81.88
Antananarivo,Madagascar,-18.8792,47.5079,2026-06-20 12:00:00+00:00,1.0,1.34,1.88,0.07,58.89
Buenos Aires,Argentina,-34.6037,-58.3816,2026-06-20 12:00:00+00:00,2.0,8.9,21.13,9.12,16.05
London,England,51.5074,-0.1278,2026-06-20 12:00:00+00:00,2.0,10.19,12.96,14.96,44.05
Madrid,Spain,40.4168,-3.7038,2026-06-20 12:00:00+00:00,2.0,8.23,35.92,0.22,82.7
Paris,France,48.8566,2.3522,2026-06-20 12:00:00+00:00,2.0,4.16,5.42,0.4,85.19
Antananarivo,Madagascar,-18.8792,47.5079,2026-06-20 13:00:00+00:00,1.0,1.56,2.26,0.16,56.32
Buenos Aires,Argentina,-34.6037,-58.3816,2026-06-20 13:00:00+00:00,2.0,9.24,22.12,6.73,19.14
London,England,51.5074,-0.1278,2026-06-20 13:00:00+00:00,2.0,11.04,14.44,15.73,44.68
Madrid,Spain,40.4168,-3.7038,2026-06-20 13:00:00+00:00,2.0,8.18,35.1,0.23,84.25
Paris,France,48.8566,2.3522,2026-06-20 13:00:00+00:00,2.0,3.72,4.78,0.47,85.49
Antananarivo,Madagascar,-18.8792,47.5079,2026-06-20 14:00:00+00:00,1.0,1.94,2.91,0.35,52.18
Buenos Aires,Argentina,-34.6037,-58.3816,2026-06-20 14:00:00+00:00,2.0,9.47,22.9,5.29,21.42
London,England,51.5074,-0.1278,2026-06-20 14:00:00+00:00,2.0,11.9,15.95,17.07,44.61
Madrid,Spain,40.4168,-3.7038,2026-06-20 14:00:00+00:00,2.0,7.5,31.32,0.25,84.68
Paris,France,48.8566,2.3522,2026-06-20 14:00:00+00:00,2.0,3.35,4.23,0.75,81.11
Antananarivo,Madagascar,-18.8792,47.5079,2026-06-20 15:00:00+00:00,1.0,2.29,3.51,0.58,48.48
Buenos Aires,Argentina,-34.6037,-58.3816,2026-06-20 15:00:00+00:00,2.0,9.91,24.36,4.83,25.51
London,England,51.5074,-0.1278,2026-06-20 15:00:00+00:00,2.0,12.4,16.9,18.32,44.81
Madrid,Spain,40.4168,-3.7038,2026-06-20 15:00:00+00:00,2.0,6.79,27.85,0.28,85.04
Paris,France,48.8566,2.3522,2026-06-20 15:00:00+00:00,2.0,3.23,4.02,1.24,77.83
Antananarivo,Madagascar,-18.8792,47.5079,2026-06-20 16:00:00+00:00,1.0,2.65,4.09,0.72,44.91
Buenos Aires,Argentina,-34.6037,-58.3816,2026-06-20 16:00:00+00:00,2.0,10.05,28.04,3.84,45.98
London,England,51.5074,-0.1278,2026-06-20 16:00:00+00:00,2.0,12.12,16.77,18.77,46.11
Madrid,Spain,40.4168,-3.7038,2026-06-20 16:00:00+00:00,2.0,6.07,23.65,0.38,85.29
Paris,France,48.8566,2.3522,2026-06-20 16:00:00+00:00,2.0,3.24,4.0,1.76,75.02
Antananarivo,Madagascar,-18.8792,47.5079,2026-06-20 17:00:00+00:00,1.0,2.97,4.54,0.78,43.17
Buenos Aires,Argentina,-34.6037,-58.3816,2026-06-20 17:00:00+00:00,2.0,10.91,28.58,3.51,50.77
London,England,51.5074,-0.1278,2026-06-20 17:00:00+00:00,2.0,11.18,15.64,18.36,48.08
Madrid,Spain,40.4168,-3.7038,2026-06-20 17:00:00+00:00,2.0,5.42,20.0,0.49,84.15
Paris,France,48.8566,2.3522,2026-06-20 17:00:00+00:00,2.0,3.27,4.03,1.82,72.84
Antananarivo,Madagascar,-18.8792,47.5079,2026-06-20 18:00:00+00:00,1.0,2.95,4.5,0.72,43.09
Buenos Aires,Argentina,-34.6037,-58.3816,2026-06-20 18:00:00+00:00,2.0,11.6,28.42,3.45,52.99
London,England,51.5074,-0.1278,2026-06-20 18:00:00+00:00,2.0,10.07,14.2,18.7,48.47
Madrid,Spain,40.4168,-3.7038,2026-06-20 18:00:00+00:00,2.0,4.97,17.71,0.56,83.2
Paris,France,48.8566,2.3522,2026-06-20 18:00:00+00:00,2.0,3.07,3.78,1.57,74.65
Antananarivo,Madagascar,-18.8792,47.5079,2026-06-20 19:00:00+00:00,1.0,2.24,3.49,0.49,45.09
Buenos Aires,Argentina,-34.6037,-58.3816,2026-06-20 19:00:00+00:00,2.0,11.36,26.57,3.31,54.96
London,England,51.5074,-0.1278,2026-06-20 19:00:00+00:00,1.0,9.22,13.03,21.57,45.49
Madrid,Spain,40.4168,-3.7038,2026-06-20 19:00:00+00:00,2.0,4.87,16.6,0.67,80.29
Paris,France,48.8566,2.3522,2026-06-20 19:00:00+00:00,2.0,2.81,3.47,1.53,74.52
Antananarivo,Madagascar,-18.8792,47.5079,2026-06-20 20:00:00+00:00,1.0,1.78,2.86,0.4,45.37
Buenos Aires,Argentina,-34.6037,-58.3816,2026-06-20 20:00:00+00:00,2.0,11.48,25.07,3.8,52.49
London,England,51.5074,-0.1278,2026-06-20 20:00:00+00:00,1.0,8.87,12.38,26.41,39.86
Madrid,Spain,40.4168,-3.7038,2026-06-20 20:00:00+00:00,2.0,4.92,15.67,0.8,76.87
Paris,France,48.8566,2.3522,2026-06-20 20:00:00+00:00,2.0,2.85,3.54,1.88,65.88
Antananarivo,Madagascar,-18.8792,47.5079,2026-06-20 21:00:00+00:00,1.0,1.38,2.3,0.32,45.62
Buenos Aires,Argentina,-34.6037,-58.3816,2026-06-20 21:00:00+00:00,2.0,11.79,24.14,4.73,49.24
London,England,51.5074,-0.1278,2026-06-20 21:00:00+00:00,1.0,8.84,12.06,29.35,35.32
Madrid,Spain,40.4168,-3.7038,2026-06-20 21:00:00+00:00,2.0,4.69,13.88,0.86,75.42
Paris,France,48.8566,2.3522,2026-06-20 21:00:00+00:00,1.0,2.84,3.53,2.12,58.46
Antananarivo,Madagascar,-18.8792,47.5079,2026-06-20 22:00:00+00:00,1.0,1.03,1.84,0.24,46.71
Buenos Aires,Argentina,-34.6037,-58.3816,2026-06-20 22:00:00+00:00,2.0,11.93,23.16,5.55,46.23
London,England,51.5074,-0.1278,2026-06-20 22:00:00+00:00,1.0,9.04,12.01,31.75,31.59
Madrid,Spain,40.4168,-3.7038,2026-06-20 22:00:00+00:00,2.0,4.59,13.23,0.78,76.19
Paris,France,48.8566,2.3522,2026-06-20 22:00:00+00:00,1.0,2.72,3.38,2.25,50.47
Antananarivo,Madagascar,-18.8792,47.5079,2026-06-20 23:00:00+00:00,1.0,0.94,1.86,0.2,47.51
Buenos Aires,Argentina,-34.6037,-58.3816,2026-06-20 23:00:00+00:00,2.0,11.94,22.41,6.17,44.87
London,England,51.5074,-0.1278,2026-06-20 23:00:00+00:00,1.0,9.35,12.18,34.55,27.49
Madrid,Spain,40.4168,-3.7038,2026-06-20 23:00:00+00:00,2.0,5.47,15.78,0.71,76.55
Paris,France,48.8566,2.3522,2026-06-20 23:00:00+00:00,1.0,2.62,3.27,2.22,43.06
Antananarivo,Madagascar,-18.8792,47.5079,2026-06-21 00:00:00+00:00,1.0,0.96,2.11,0.18,48.07
Buenos Aires,Argentina,-34.6037,-58.3816,2026-06-21 00:00:00+00:00,2.0,11.74,21.85,6.18,45.73
London,England,51.5074,-0.1278,2026-06-21 00:00:00+00:00,1.0,9.74,12.53,38.01,22.71
Madrid,Spain,40.4168,-3.7038,2026-06-21 00:00:00+00:00,2.0,6.78,19.83,0.66,76.34
Paris,France,48.8566,2.3522,2026-06-21 00:00:00+00:00,1.0,2.55,3.19,2.12,36.61
Antananarivo,Madagascar,-18.8792,47.5079,2026-06-21 01:00:00+00:00,1.0,1.01,2.4,0.17,48.15
Buenos Aires,Argentina,-34.6037,-58.3816,2026-06-21 01:00:00+00:00,2.0,11.39,21.36,5.78,47.2
London,England,51.5074,-0.1278,2026-06-21 01:00:00+00:00,2.0,10.11,12.88,41.2,17.8
Madrid,Spain,40.4168,-3.7038,2026-06-21 01:00:00+00:00,2.0,7.91,23.34,0.61,75.21
Paris,France,48.8566,2.3522,2026-06-21 01:00:00+00:00,1.0,2.48,3.12,2.01,30.7
Antananarivo,Madagascar,-18.8792,47.5079,2026-06-21 02:00:00+00:00,1.0,1.04,2.57,0.17,49.02
Buenos Aires,Argentina,-34.6037,-58.3816,2026-06-21 02:00:00+00:00,2.0,11.31,20.84,5.68,45.39
London,England,51.5074,-0.1278,2026-06-21 02:00:00+00:00,2.0,10.39,13.07,43.57,13.34
Madrid,Spain,40.4168,-3.7038,2026-06-21 02:00:00+00:00,2.0,8.81,25.87,0.59,73.43
Paris,France,48.8566,2.3522,2026-06-21 02:00:00+00:00,1.0,2.47,3.12,1.97,25.57
Antananarivo,Madagascar,-18.8792,47.5079,2026-06-21 03:00:00+00:00,1.0,1.05,2.68,0.17,50.3
Buenos Aires,Argentina,-34.6037,-58.3816,2026-06-21 03:00:00+00:00,2.0,11.23,20.5,5.3,43.86
London,England,51.5074,-0.1278,2026-06-21 03:00:00+00:00,2.0,10.63,13.15,45.4,9.08
Madrid,Spain,40.4168,-3.7038,2026-06-21 03:00:00+00:00,2.0,9.47,27.55,0.59,71.69
Paris,France,48.8566,2.3522,2026-06-21 03:00:00+00:00,1.0,2.52,3.2,2.02,21.0
Antananarivo,Madagascar,-18.8792,47.5079,2026-06-21 04:00:00+00:00,1.0,1.06,2.84,0.2,51.0
Buenos Aires,Argentina,-34.6037,-58.3816,2026-06-21 04:00:00+00:00,2.0,11.07,20.21,4.63,42.85
London,England,51.5074,-0.1278,2026-06-21 04:00:00+00:00,2.0,10.87,13.22,46.13,4.71
Madrid,Spain,40.4168,-3.7038,2026-06-21 04:00:00+00:00,2.0,9.78,28.14,0.59,69.73
Paris,France,48.8566,2.3522,2026-06-21 04:00:00+00:00,1.0,2.65,3.36,2.16,17.09
Antananarivo,Madagascar,-18.8792,47.5079,2026-06-21 05:00:00+00:00,1.0,1.07,3.05,0.22,51.83
Buenos Aires,Argentina,-34.6037,-58.3816,2026-06-21 05:00:00+00:00,2.0,10.9,20.1,3.87,42.7
London,England,51.5074,-0.1278,2026-06-21 05:00:00+00:00,2.0,11.11,13.29,43.18,3.94
Madrid,Spain,40.4168,-3.7038,2026-06-21 05:00:00+00:00,2.0,9.99,28.43,0.66,68.98
Paris,France,48.8566,2.3522,2026-06-21 05:00:00+00:00,1.0,2.87,3.64,2.59,14.2
Antananarivo,Madagascar,-18.8792,47.5079,2026-06-21 06:00:00+00:00,1.0,1.09,3.26,0.19,52.67
Buenos Aires,Argentina,-34.6037,-58.3816,2026-06-21 06:00:00+00:00,2.0,10.74,20.18,3.18,43.16
London,England,51.5074,-0.1278,2026-06-21 06:00:00+00:00,2.0,11.37,13.39,32.05,11.69
Madrid,Spain,40.4168,-3.7038,2026-06-21 06:00:00+00:00,2.0,10.09,28.58,0.84,69.03
Paris,France,48.8566,2.3522,2026-06-21 06:00:00+00:00,1.0,3.12,3.98,2.57,13.25
Antananarivo,Madagascar,-18.8792,47.5079,2026-06-21 07:00:00+00:00,1.0,1.06,3.34,0.14,55.29
Buenos Aires,Argentina,-34.6037,-58.3816,2026-06-21 07:00:00+00:00,2.0,10.67,20.52,2.64,43.82
London,England,51.5074,-0.1278,2026-06-21 07:00:00+00:00,2.0,11.76,13.62,26.16,14.27
Madrid,Spain,40.4168,-3.7038,2026-06-21 07:00:00+00:00,2.0,9.98,28.9,0.87,70.7
Paris,France,48.8566,2.3522,2026-06-21 07:00:00+00:00,1.0,3.31,4.27,2.21,14.37
Antananarivo,Madagascar,-18.8792,47.5079,2026-06-21 08:00:00+00:00,1.0,1.09,3.46,0.1,56.1
Buenos Aires,Argentina,-34.6037,-58.3816,2026-06-21 08:00:00+00:00,2.0,10.8,20.79,2.43,43.09
London,England,51.5074,-0.1278,2026-06-21 08:00:00+00:00,2.0,12.23,14.0,22.06,15.36
Madrid,Spain,40.4168,-3.7038,2026-06-21 08:00:00+00:00,2.0,9.77,28.74,0.76,72.82
Paris,France,48.8566,2.3522,2026-06-21 08:00:00+00:00,1.0,3.51,4.56,2.14,17.47
Antananarivo,Madagascar,-18.8792,47.5079,2026-06-21 09:00:00+00:00,1.0,1.2,3.7,0.07,55.31
Buenos Aires,Argentina,-34.6037,-58.3816,2026-06-21 09:00:00+00:00,2.0,11.03,21.13,2.41,41.88
London,England,51.5074,-0.1278,2026-06-21 09:00:00+00:00,2.0,12.86,14.52,19.14,15.43
Madrid,Spain,40.4168,-3.7038,2026-06-21 09:00:00+00:00,2.0,9.62,28.95,0.61,76.71
Paris,France,48.8566,2.3522,2026-06-21 09:00:00+00:00,1.0,4.06,5.22,2.25,27.6
Antananarivo,Madagascar,-18.8792,47.5079,2026-06-21 10:00:00+00:00,1.0,1.28,3.83,0.06,55.61
Buenos Aires,Argentina,-34.6037,-58.3816,2026-06-21 10:00:00+00:00,2.0,11.35,21.57,2.58,40.26
London,England,51.5074,-0.1278,2026-06-21 10:00:00+00:00,2.0,13.56,15.09,17.72,15.6
Madrid,Spain,40.4168,-3.7038,2026-06-21 10:00:00+00:00,2.0,9.76,33.18,0.38,85.52
Paris,France,48.8566,2.3522,2026-06-21 10:00:00+00:00,2.0,4.25,5.78,1.2,74.53
Antananarivo,Madagascar,-18.8792,47.5079,2026-06-21 11:00:00+00:00,1.0,1.37,3.99,0.06,54.63
Buenos Aires,Argentina,-34.6037,-58.3816,2026-06-21 11:00:00+00:00,2.0,11.78,22.13,2.93,38.36
London,England,51.5074,-0.1278,2026-06-21 11:00:00+00:00,2.0,14.23,15.69,17.55,16.36
Madrid,Spain,40.4168,-3.7038,2026-06-21 11:00:00+00:00,2.0,9.64,33.69,0.32,87.58
Paris,France,48.8566,2.3522,2026-06-21 11:00:00+00:00,2.0,4.59,6.24,0.69,84.41
Antananarivo,Madagascar,-18.8792,47.5079,2026-06-21 12:00:00+00:00,1.0,1.43,4.13,0.07,53.55
Buenos Aires,Argentina,-34.6037,-58.3816,2026-06-21 12:00:00+00:00,2.0,12.24,22.74,3.29,36.48
London,England,51.5074,-0.1278,2026-06-21 12:00:00+00:00,2.0,14.96,16.39,17.97,17.45
Madrid,Spain,40.4168,-3.7038,2026-06-21 12:00:00+00:00,2.0,9.62,33.82,0.3,88.37
Paris,France,48.8566,2.3522,2026-06-21 12:00:00+00:00,2.0,4.77,6.46,0.57,86.56
Antananarivo,Madagascar,-18.8792,47.5079,2026-06-21 13:00:00+00:00,1.0,1.52,4.36,0.1,52.93
Buenos Aires,Argentina,-34.6037,-58.3816,2026-06-21 13:00:00+00:00,2.0,12.39,22.94,3.33,34.97
London,England,51.5074,-0.1278,2026-06-21 13:00:00+00:00,2.0,15.96,17.4,18.76,19.01
Madrid,Spain,40.4168,-3.7038,2026-06-21 13:00:00+00:00,2.0,9.16,33.88,0.25,89.76
Paris,France,48.8566,2.3522,2026-06-21 13:00:00+00:00,2.0,3.24,5.22,0.33,89.16
Antananarivo,Madagascar,-18.8792,47.5079,2026-06-21 14:00:00+00:00,1.0,1.67,4.7,0.17,51.97
Buenos Aires,Argentina,-34.6037,-58.3816,2026-06-21 14:00:00+00:00,2.0,12.39,23.1,2.71,35.25
London,England,51.5074,-0.1278,2026-06-21 14:00:00+00:00,2.0,17.11,18.57,19.83,21.08
Madrid,Spain,40.4168,-3.7038,2026-06-21 14:00:00+00:00,2.0,8.25,31.39,0.23,90.69
Paris,France,48.8566,2.3522,2026-06-21 14:00:00+00:00,2.0,2.52,4.62,0.27,88.65
Antananarivo,Madagascar,-18.8792,47.5079,2026-06-21 15:00:00+00:00,1.0,1.84,5.03,0.26,51.11
Buenos Aires,Argentina,-34.6037,-58.3816,2026-06-21 15:00:00+00:00,2.0,12.42,23.43,1.95,38.19
London,England,51.5074,-0.1278,2026-06-21 15:00:00+00:00,2.0,18.21,19.68,21.04,24.1
Madrid,Spain,40.4168,-3.7038,2026-06-21 15:00:00+00:00,2.0,7.77,29.59,0.24,91.02
Paris,France,48.8566,2.3522,2026-06-21 15:00:00+00:00,2.0,2.38,4.46,0.3,88.29
Antananarivo,Madagascar,-18.8792,47.5079,2026-06-21 16:00:00+00:00,1.0,2.02,5.27,0.32,49.53
Buenos Aires,Argentina,-34.6037,-58.3816,2026-06-21 16:00:00+00:00,2.0,11.93,23.32,1.34,44.85
London,England,51.5074,-0.1278,2026-06-21 16:00:00+00:00,2.0,19.04,20.49,22.94,28.31
Madrid,Spain,40.4168,-3.7038,2026-06-21 16:00:00+00:00,2.0,7.61,28.54,0.26,91.74
Paris,France,48.8566,2.3522,2026-06-21 16:00:00+00:00,2.0,2.35,4.41,0.36,88.6
Antananarivo,Madagascar,-18.8792,47.5079,2026-06-21 17:00:00+00:00,1.0,2.23,5.5,0.38,48.88
Buenos Aires,Argentina,-34.6037,-58.3816,2026-06-21 17:00:00+00:00,2.0,10.86,21.98,1.04,48.46
London,England,51.5074,-0.1278,2026-06-21 17:00:00+00:00,2.0,18.93,20.34,25.41,33.94
Madrid,Spain,40.4168,-3.7038,2026-06-21 17:00:00+00:00,2.0,7.54,27.59,0.29,91.37
Paris,France,48.8566,2.3522,2026-06-21 17:00:00+00:00,2.0,2.33,4.35,0.43,88.14
Antananarivo,Madagascar,-18.8792,47.5079,2026-06-21 18:00:00+00:00,1.0,2.34,5.57,0.4,48.6
Buenos Aires,Argentina,-34.6037,-58.3816,2026-06-21 18:00:00+00:00,2.0,9.66,20.43,0.83,51.4
London,England,51.5074,-0.1278,2026-06-21 18:00:00+00:00,2.0,17.74,19.11,27.65,40.8
Madrid,Spain,40.4168,-3.7038,2026-06-21 18:00:00+00:00,2.0,7.63,27.09,0.34,90.53
Paris,France,48.8566,2.3522,2026-06-21 18:00:00+00:00,2.0,2.32,4.3,0.5,87.16
Antananarivo,Madagascar,-18.8792,47.5079,2026-06-21 19:00:00+00:00,1.0,2.53,5.82,0.45,47.55
Buenos Aires,Argentina,-34.6037,-58.3816,2026-06-21 19:00:00+00:00,1.0,9.24,19.32,0.88,50.32
London,England,51.5074,-0.1278,2026-06-21 19:00:00+00:00,2.0,15.6,17.08,26.93,48.6
Madrid,Spain,40.4168,-3.7038,2026-06-21 19:00:00+00:00,2.0,7.87,26.45,0.5,87.15
Paris,France,48.8566,2.3522,2026-06-21 19:00:00+00:00,2.0,2.32,4.24,0.76,81.96
Antananarivo,Madagascar,-18.8792,47.5079,2026-06-21 20:00:00+00:00,1.0,2.78,6.25,0.52,46.52
Buenos Aires,Argentina,-34.6037,-58.3816,2026-06-21 20:00:00+00:00,1.0,9.42,18.87,1.6,44.47
London,England,51.5074,-0.1278,2026-06-21 20:00:00+00:00,2.0,13.35,15.38,22.51,56.47
Madrid,Spain,40.4168,-3.7038,2026-06-21 20:00:00+00:00,2.0,8.17,25.83,0.7,82.38
Paris,France,48.8566,2.3522,2026-06-21 20:00:00+00:00,2.0,2.38,4.19,1.18,74.51
Antananarivo,Madagascar,-18.8792,47.5079,2026-06-21 21:00:00+00:00,1.0,2.76,6.22,0.52,45.98
Buenos Aires,Argentina,-34.6037,-58.3816,2026-06-21 21:00:00+00:00,1.0,9.52,18.64,3.02,39.31
London,England,51.5074,-0.1278,2026-06-21 21:00:00+00:00,2.0,11.9,14.83,15.78,64.24
Madrid,Spain,40.4168,-3.7038,2026-06-21 21:00:00+00:00,2.0,8.47,25.73,0.8,78.12
Paris,France,48.8566,2.3522,2026-06-21 21:00:00+00:00,2.0,2.44,4.1,1.56,68.99
Antananarivo,Madagascar,-18.8792,47.5079,2026-06-21 22:00:00+00:00,1.0,2.85,6.32,0.57,44.4
Buenos Aires,Argentina,-34.6037,-58.3816,2026-06-21 22:00:00+00:00,1.0,9.51,18.3,4.55,34.64
London,England,51.5074,-0.1278,2026-06-21 22:00:00+00:00,2.0,11.01,14.36,9.73,73.29
Madrid,Spain,40.4168,-3.7038,2026-06-21 22:00:00+00:00,2.0,8.67,25.61,0.83,73.11
Paris,France,48.8566,2.3522,2026-06-21 22:00:00+00:00,2.0,2.43,3.9,1.87,63.7
Antananarivo,Madagascar,-18.8792,47.5079,2026-06-21 23:00:00+00:00,1.0,3.1,6.57,0.65,42.32
Buenos Aires,Argentina,-34.6037,-58.3816,2026-06-21 23:00:00+00:00,1.0,9.55,18.05,5.79,30.22
London,England,51.5074,-0.1278,2026-06-21 23:00:00+00:00,2.0,11.56,15.14,8.04,77.3
Madrid,Spain,40.4168,-3.7038,2026-06-21 23:00:00+00:00,2.0,9.12,26.25,0.83,70.25
Paris,France,48.8566,2.3522,2026-06-21 23:00:00+00:00,2.0,2.41,3.73,2.03,60.18
Antananarivo,Madagascar,-18.8792,47.5079,2026-06-22 00:00:00+00:00,1.0,3.3,6.84,0.7,41.05
Buenos Aires,Argentina,-34.6037,-58.3816,2026-06-22 00:00:00+00:00,1.0,9.5,17.68,6.63,26.2
London,England,51.5074,-0.1278,2026-06-22 00:00:00+00:00,2.0,12.39,16.05,7.66,78.72
Madrid,Spain,40.4168,-3.7038,2026-06-22 00:00:00+00:00,2.0,9.63,27.25,0.79,68.97
Paris,France,48.8566,2.3522,2026-06-22 00:00:00+00:00,1.0,2.34,3.53,2.01,57.11
Antananarivo,Madagascar,-18.8792,47.5079,2026-06-22 01:00:00+00:00,1.0,3.43,7.0,0.74,40.43
Buenos Aires,Argentina,-34.6037,-58.3816,2026-06-22 01:00:00+00:00,1.0,9.31,17.04,7.18,22.36
London,England,51.5074,-0.1278,2026-06-22 01:00:00+00:00,2.0,13.11,16.84,7.29,78.3
Madrid,Spain,40.4168,-3.7038,2026-06-22 01:00:00+00:00,2.0,9.89,26.96,0.81,65.25
Paris,France,48.8566,2.3522,2026-06-22 01:00:00+00:00,1.0,2.19,3.27,1.86,54.11
Antananarivo,Madagascar,-18.8792,47.5079,2026-06-22 02:00:00+00:00,1.0,3.5,7.15,0.77,40.23
Buenos Aires,Argentina,-34.6037,-58.3816,2026-06-22 02:00:00+00:00,1.0,9.11,16.37,7.32,19.5
London,England,51.5074,-0.1278,2026-06-22 02:00:00+00:00,2.0,13.61,17.56,6.94,77.28
Madrid,Spain,40.4168,-3.7038,2026-06-22 02:00:00+00:00,2.0,10.02,25.91,0.9,59.61
Paris,France,48.8566,2.3522,2026-06-22 02:00:00+00:00,1.0,2.07,3.05,1.74,51.16
Antananarivo,Madagascar,-18.8792,47.5079,2026-06-22 03:00:00+00:00,1.0,3.59,7.36,0.81,40.41
Buenos Aires,Argentina,-34.6037,-58.3816,2026-06-22 03:00:00+00:00,1.0,8.75,15.39,6.94,17.53
London,England,51.5074,-0.1278,2026-06-22 03:00:00+00:00,2.0,13.55,17.9,6.52,76.18
Madrid,Spain,40.4168,-3.7038,2026-06-22 03:00:00+00:00,2.0,10.01,25.12,1.01,55.15
Paris,France,48.8566,2.3522,2026-06-22 03:00:00+00:00,1.0,1.97,2.87,1.63,48.87
Antananarivo,Madagascar,-18.8792,47.5079,2026-06-22 04:00:00+00:00,1.0,3.83,8.09,0.93,41.02
Buenos Aires,Argentina,-34.6037,-58.3816,2026-06-22 04:00:00+00:00,1.0,8.09,14.04,6.21,16.11
London,England,51.5074,-0.1278,2026-06-22 04:00:00+00:00,2.0,12.81,17.77,6.18,74.38
Madrid,Spain,40.4168,-3.7038,2026-06-22 04:00:00+00:00,2.0,9.78,24.08,1.11,51.41
Paris,France,48.8566,2.3522,2026-06-22 04:00:00+00:00,1.0,1.9,2.73,1.6,46.85
Antananarivo,Madagascar,-18.8792,47.5079,2026-06-22 05:00:00+00:00,1.0,4.34,9.33,0.94,41.37
Buenos Aires,Argentina,-34.6037,-58.3816,2026-06-22 05:00:00+00:00,1.0,7.33,12.75,5.32,15.87
London,England,51.5074,-0.1278,2026-06-22 05:00:00+00:00,2.0,11.82,17.5,6.2,72.19
Madrid,Spain,40.4168,-3.7038,2026-06-22 05:00:00+00:00,2.0,9.64,23.15,1.34,48.49
Paris,France,48.8566,2.3522,2026-06-22 05:00:00+00:00,1.0,1.89,2.71,1.92,44.89
Antananarivo,Madagascar,-18.8792,47.5079,2026-06-22 06:00:00+00:00,1.0,4.67,10.09,0.75,43.72
Buenos Aires,Argentina,-34.6037,-58.3816,2026-06-22 06:00:00+00:00,1.0,6.45,11.56,4.23,16.8
London,England,51.5074,-0.1278,2026-06-22 06:00:00+00:00,2.0,10.89,17.3,6.08,70.16
Madrid,Spain,40.4168,-3.7038,2026-06-22 06:00:00+00:00,2.0,9.55,22.43,1.71,47.1
Paris,France,48.8566,2.3522,2026-06-22 06:00:00+00:00,1.0,1.96,2.79,2.38,43.4
Antananarivo,Madagascar,-18.8792,47.5079,2026-06-22 07:00:00+00:00,1.0,1.94,5.79,0.19,56.7
Buenos Aires,Argentina,-34.6037,-58.3816,2026-06-22 07:00:00+00:00,1.0,5.33,10.67,2.98,20.76
London,England,51.5074,-0.1278,2026-06-22 07:00:00+00:00,2.0,10.27,17.34,5.69,69.13
Madrid,Spain,40.4168,-3.7038,2026-06-22 07:00:00+00:00,2.0,9.53,24.55,1.45,55.91
Paris,France,48.8566,2.3522,2026-06-22 07:00:00+00:00,1.0,2.05,2.93,2.42,43.75
Antananarivo,Madagascar,-18.8792,47.5079,2026-06-22 08:00:00+00:00,1.0,1.81,5.27,0.12,56.48
Buenos Aires,Argentina,-34.6037,-58.3816,2026-06-22 08:00:00+00:00,1.0,4.38,9.69,2.13,24.26
London,England,51.5074,-0.1278,2026-06-22 08:00:00+00:00,2.0,10.14,17.78,5.41,69.67
Madrid,Spain,40.4168,-3.7038,2026-06-22 08:00:00+00:00,2.0,9.36,24.65,1.26,60.91
Paris,France,48.8566,2.3522,2026-06-22 08:00:00+00:00,1.0,2.22,3.18,2.24,46.68
Antananarivo,Madagascar,-18.8792,47.5079,2026-06-22 09:00:00+00:00,1.0,1.88,5.1,0.09,55.3
Buenos Aires,Argentina,-34.6037,-58.3816,2026-06-22 09:00:00+00:00,1.0,3.67,8.9,1.65,26.94
London,England,51.5074,-0.1278,2026-06-22 09:00:00+00:00,2.0,10.52,18.61,5.11,73.43
Madrid,Spain,40.4168,-3.7038,2026-06-22 09:00:00+00:00,2.0,9.2,24.95,0.99,67.69
Paris,France,48.8566,2.3522,2026-06-22 09:00:00+00:00,1.0,2.65,3.73,1.88,55.64
Antananarivo,Madagascar,-18.8792,47.5079,2026-06-22 10:00:00+00:00,1.0,1.75,4.49,0.07,55.58
Buenos Aires,Argentina,-34.6037,-58.3816,2026-06-22 10:00:00+00:00,1.0,3.1,8.36,1.41,29.86
London,England,51.5074,-0.1278,2026-06-22 10:00:00+00:00,2.0,11.48,19.9,4.63,81.64
Madrid,Spain,40.4168,-3.7038,2026-06-22 10:00:00+00:00,2.0,8.96,30.57,0.49,79.67
Paris,France,48.8566,2.3522,2026-06-22 10:00:00+00:00,2.0,3.28,5.26,0.95,81.44
Antananarivo,Madagascar,-18.8792,47.5079,2026-06-22 11:00:00+00:00,1.0,1.68,4.09,0.07,55.12
Buenos Aires,Argentina,-34.6037,-58.3816,2026-06-22 11:00:00+00:00,1.0,2.77,7.87,1.47,31.07
London,England,51.5074,-0.1278,2026-06-22 11:00:00+00:00,2.0,12.99,21.41,3.97,95.37
Madrid,Spain,40.4168,-3.7038,2026-06-22 11:00:00+00:00,2.0,8.43,29.54,0.41,79.38
Paris,France,48.8566,2.3522,2026-06-22 11:00:00+00:00,2.0,3.81,6.44,0.61,86.19
Antananarivo,Madagascar,-18.8792,47.5079,2026-06-22 12:00:00+00:00,1.0,1.65,3.91,0.08,54.35
Buenos Aires,Argentina,-34.6037,-58.3816,2026-06-22 12:00:00+00:00,1.0,2.54,7.49,1.54,31.95
London,England,51.5074,-0.1278,2026-06-22 12:00:00+00:00,3.0,15.57,23.64,3.26,113.37
Madrid,Spain,40.4168,-3.7038,2026-06-22 12:00:00+00:00,2.0,8.11,28.27,0.41,78.53
Paris,France,48.8566,2.3522,2026-06-22 12:00:00+00:00,2.0,3.8,6.61,0.48,87.17
Antananarivo,Madagascar,-18.8792,47.5079,2026-06-22 13:00:00+00:00,1.0,1.77,4.07,0.14,53.27
Buenos Aires,Argentina,-34.6037,-58.3816,2026-06-22 13:00:00+00:00,1.0,2.32,7.13,1.26,32.97
London,England,51.5074,-0.1278,2026-06-22 13:00:00+00:00,3.0,17.59,25.27,2.85,128.89
Madrid,Spain,40.4168,-3.7038,2026-06-22 13:00:00+00:00,2.0,7.75,26.9,0.34,78.09
Paris,France,48.8566,2.3522,2026-06-22 13:00:00+00:00,2.0,3.1,6.25,0.32,88.65
Antananarivo,Madagascar,-18.8792,47.5079,2026-06-22 14:00:00+00:00,1.0,2.03,4.52,0.29,51.44
Buenos Aires,Argentina,-34.6037,-58.3816,2026-06-22 14:00:00+00:00,1.0,2.15,6.73,0.96,33.48
London,England,51.5074,-0.1278,2026-06-22 14:00:00+00:00,3.0,16.82,23.92,2.7,135.58
Madrid,Spain,40.4168,-3.7038,2026-06-22 14:00:00+00:00,2.0,7.18,24.76,0.3,77.99
Paris,France,48.8566,2.3522,2026-06-22 14:00:00+00:00,2.0,2.97,6.37,0.3,88.07
Antananarivo,Madagascar,-18.8792,47.5079,2026-06-22 15:00:00+00:00,1.0,2.31,4.98,0.46,49.81
Buenos Aires,Argentina,-34.6037,-58.3816,2026-06-22 15:00:00+00:00,1.0,2.04,6.35,0.79,34.54
London,England,51.5074,-0.1278,2026-06-22 15:00:00+00:00,3.0,14.6,20.95,2.72,135.37
Madrid,Spain,40.4168,-3.7038,2026-06-22 15:00:00+00:00,2.0,6.75,23.08,0.3,78.95
Paris,France,48.8566,2.3522,2026-06-22 15:00:00+00:00,2.0,2.92,6.27,0.35,88.01
Antananarivo,Madagascar,-18.8792,47.5079,2026-06-22 16:00:00+00:00,1.0,2.72,5.55,0.63,47.16
Buenos Aires,Argentina,-34.6037,-58.3816,2026-06-22 16:00:00+00:00,1.0,1.23,3.95,0.45,45.03
London,England,51.5074,-0.1278,2026-06-22 16:00:00+00:00,3.0,13.26,18.95,2.95,133.56
Madrid,Spain,40.4168,-3.7038,2026-06-22 16:00:00+00:00,2.0,6.52,22.02,0.31,80.69
Paris,France,48.8566,2.3522,2026-06-22 16:00:00+00:00,2.0,2.92,6.17,0.43,89.01
Antananarivo,Madagascar,-18.8792,47.5079,2026-06-22 17:00:00+00:00,1.0,3.29,6.34,0.8,44.99
Buenos Aires,Argentina,-34.6037,-58.3816,2026-06-22 17:00:00+00:00,1.0,0.88,2.88,0.31,48.16
London,England,51.5074,-0.1278,2026-06-22 17:00:00+00:00,3.0,12.33,17.7,3.38,131.86
Madrid,Spain,40.4168,-3.7038,2026-06-22 17:00:00+00:00,2.0,6.44,21.25,0.36,81.47
Paris,France,48.8566,2.3522,2026-06-22 17:00:00+00:00,2.0,2.96,6.04,0.53,89.63
Antananarivo,Madagascar,-18.8792,47.5079,2026-06-22 18:00:00+00:00,1.0,3.76,6.91,0.9,43.37
Buenos Aires,Argentina,-34.6037,-58.3816,2026-06-22 18:00:00+00:00,1.0,0.81,2.73,0.29,48.91
London,England,51.5074,-0.1278,2026-06-22 18:00:00+00:00,3.0,12.06,17.56,4.09,130.32
Madrid,Spain,40.4168,-3.7038,2026-06-22 18:00:00+00:00,2.0,6.38,20.48,0.4,81.73
Paris,France,48.8566,2.3522,2026-06-22 18:00:00+00:00,2.0,3.03,5.9,0.66,90.32
Antananarivo,Madagascar,-18.8792,47.5079,2026-06-22 19:00:00+00:00,1.0,3.95,7.04,0.93,41.94
Buenos Aires,Argentina,-34.6037,-58.3816,2026-06-22 19:00:00+00:00,1.0,0.82,2.92,0.31,49.65
London,England,51.5074,-0.1278,2026-06-22 19:00:00+00:00,3.0,12.17,18.09,5.04,128.62
Madrid,Spain,40.4168,-3.7038,2026-06-22 19:00:00+00:00,2.0,6.35,19.49,0.57,79.9
Paris,France,48.8566,2.3522,2026-06-22 19:00:00+00:00,2.0,3.15,5.74,0.99,88.47
Antananarivo,Madagascar,-18.8792,47.5079,2026-06-22 20:00:00+00:00,1.0,3.9,6.81,0.91,41.05
Buenos Aires,Argentina,-34.6037,-58.3816,2026-06-22 20:00:00+00:00,1.0,0.9,3.4,0.4,49.5
London,England,51.5074,-0.1278,2026-06-22 20:00:00+00:00,3.0,12.33,18.57,6.0,125.37
Madrid,Spain,40.4168,-3.7038,2026-06-22 20:00:00+00:00,2.0,6.47,19.04,0.77,76.62
Paris,France,48.8566,2.3522,2026-06-22 20:00:00+00:00,2.0,3.25,5.52,1.44,84.79
Antananarivo,Madagascar,-18.8792,47.5079,2026-06-22 21:00:00+00:00,1.0,3.53,6.03,0.81,40.51
Buenos Aires,Argentina,-34.6037,-58.3816,2026-06-22 21:00:00+00:00,1.0,1.03,4.1,0.53,49.2
London,England,51.5074,-0.1278,2026-06-22 21:00:00+00:00,3.0,12.4,18.81,6.33,121.65
Madrid,Spain,40.4168,-3.7038,2026-06-22 21:00:00+00:00,2.0,6.75,19.51,0.86,73.61
Paris,France,48.8566,2.3522,2026-06-22 21:00:00+00:00,2.0,3.25,5.19,1.69,81.2
Antananarivo,Madagascar,-18.8792,47.5079,2026-06-22 22:00:00+00:00,1.0,3.36,5.53,0.77,39.04
Buenos Aires,Argentina,-34.6037,-58.3816,2026-06-22 22:00:00+00:00,1.0,1.18,4.82,0.61,48.52
London,England,51.5074,-0.1278,2026-06-22 22:00:00+00:00,3.0,12.39,19.03,6.51,118.42
Madrid,Spain,40.4168,-3.7038,2026-06-22 22:00:00+00:00,2.0,7.02,19.73,0.93,68.34
Paris,France,48.8566,2.3522,2026-06-22 22:00:00+00:00,2.0,3.1,4.68,1.72,75.88
Antananarivo,Madagascar,-18.8792,47.5079,2026-06-22 23:00:00+00:00,1.0,3.42,5.45,0.77,36.71
Buenos Aires,Argentina,-34.6037,-58.3816,2026-06-22 23:00:00+00:00,1.0,1.33,5.41,0.7,47.74
London,England,51.5074,-0.1278,2026-06-22 23:00:00+00:00,3.0,12.27,19.16,6.58,114.9
Madrid,Spain,40.4168,-3.7038,2026-06-22 23:00:00+00:00,2.0,7.32,19.87,1.02,64.88
Paris,France,48.8566,2.3522,2026-06-22 23:00:00+00:00,2.0,3.03,4.34,1.69,71.09
Antananarivo,Madagascar,-18.8792,47.5079,2026-06-23 00:00:00+00:00,1.0,3.41,5.22,0.77,34.83
Buenos Aires,Argentina,-34.6037,-58.3816,2026-06-23 00:00:00+00:00,1.0,1.44,5.82,0.76,46.93
London,England,51.5074,-0.1278,2026-06-23 00:00:00+00:00,3.0,12.06,19.06,6.6,110.43
Madrid,Spain,40.4168,-3.7038,2026-06-23 00:00:00+00:00,2.0,7.46,19.58,1.08,63.8
Paris,France,48.8566,2.3522,2026-06-23 00:00:00+00:00,2.0,3.0,4.13,1.6,66.62
Antananarivo,Madagascar,-18.8792,47.5079,2026-06-23 01:00:00+00:00,1.0,3.44,5.07,0.78,33.39
Buenos Aires,Argentina,-34.6037,-58.3816,2026-06-23 01:00:00+00:00,1.0,1.48,5.9,0.8,45.94
London,England,51.5074,-0.1278,2026-06-23 01:00:00+00:00,3.0,11.89,18.42,6.67,105.78
Madrid,Spain,40.4168,-3.7038,2026-06-23 01:00:00+00:00,2.0,7.34,18.43,1.12,62.14
Paris,France,48.8566,2.3522,2026-06-23 01:00:00+00:00,2.0,2.98,3.99,1.5,62.3
Antananarivo,Madagascar,-18.8792,47.5079,2026-06-23 02:00:00+00:00,1.0,3.5,5.2,0.8,32.78
Buenos Aires,Argentina,-34.6037,-58.3816,2026-06-23 02:00:00+00:00,1.0,1.5,5.79,0.82,45.35
London,England,51.5074,-0.1278,2026-06-23 02:00:00+00:00,3.0,12.04,18.01,6.92,102.12
Madrid,Spain,40.4168,-3.7038,2026-06-23 02:00:00+00:00,1.0,7.14,17.2,1.15,59.61
Paris,France,48.8566,2.3522,2026-06-23 02:00:00+00:00,1.0,3.04,3.96,1.39,59.41
Antananarivo,Madagascar,-18.8792,47.5079,2026-06-23 03:00:00+00:00,1.0,3.51,5.33,0.82,33.75
Buenos Aires,Argentina,-34.6037,-58.3816,2026-06-23 03:00:00+00:00,1.0,1.53,5.7,0.81,44.96
London,England,51.5074,-0.1278,2026-06-23 03:00:00+00:00,2.0,12.63,18.26,7.17,99.17
Madrid,Spain,40.4168,-3.7038,2026-06-23 03:00:00+00:00,1.0,6.81,15.86,1.16,57.08
Paris,France,48.8566,2.3522,2026-06-23 03:00:00+00:00,1.0,3.14,4.0,1.28,57.44
Antananarivo,Madagascar,-18.8792,47.5079,2026-06-23 04:00:00+00:00,1.0,3.51,5.8,0.88,37.05
Buenos Aires,Argentina,-34.6037,-58.3816,2026-06-23 04:00:00+00:00,1.0,1.57,5.7,0.77,44.25
London,England,51.5074,-0.1278,2026-06-23 04:00:00+00:00,2.0,13.34,18.11,7.31,96.19
Madrid,Spain,40.4168,-3.7038,2026-06-23 04:00:00+00:00,1.0,6.3,14.23,1.15,55.25
Paris,France,48.8566,2.3522,2026-06-23 04:00:00+00:00,1.0,3.26,4.07,1.25,55.33
Antananarivo,Madagascar,-18.8792,47.5079,2026-06-23 05:00:00+00:00,1.0,3.86,6.93,0.91,39.02
Buenos Aires,Argentina,-34.6037,-58.3816,2026-06-23 05:00:00+00:00,1.0,1.65,5.89,0.73,43.66
London,England,51.5074,-0.1278,2026-06-23 05:00:00+00:00,2.0,13.98,17.72,7.25,93.01
Madrid,Spain,40.4168,-3.7038,2026-06-23 05:00:00+00:00,1.0,5.84,12.81,1.27,55.08
Paris,France,48.8566,2.3522,2026-06-23 05:00:00+00:00,1.0,3.41,4.2,1.58,52.04
Antananarivo,Madagascar,-18.8792,47.5079,2026-06-23 06:00:00+00:00,1.0,4.12,7.58,0.65,42.0
Buenos Aires,Argentina,-34.6037,-58.3816,2026-06-23 06:00:00+00:00,1.0,1.76,6.24,0.71,43.03
London,England,51.5074,-0.1278,2026-06-23 06:00:00+00:00,2.0,14.5,17.52,7.15,91.33
Madrid,Spain,40.4168,-3.7038,2026-06-23 06:00:00+00:00,1.0,5.43,11.75,1.53,55.9
Paris,France,48.8566,2.3522,2026-06-23 06:00:00+00:00,1.0,3.58,4.37,2.09,48.52
Antananarivo,Madagascar,-18.8792,47.5079,2026-06-23 07:00:00+00:00,1.0,2.28,4.65,0.25,52.63
Buenos Aires,Argentina,-34.6037,-58.3816,2026-06-23 07:00:00+00:00,1.0,1.88,6.68,0.69,42.36
London,England,51.5074,-0.1278,2026-06-23 07:00:00+00:00,2.0,14.65,17.37,6.64,95.4
Madrid,Spain,40.4168,-3.7038,2026-06-23 07:00:00+00:00,2.0,4.9,11.14,1.51,61.41
Paris,France,48.8566,2.3522,2026-06-23 07:00:00+00:00,1.0,3.76,4.57,2.26,46.24
Antananarivo,Madagascar,-18.8792,47.5079,2026-06-23 08:00:00+00:00,1.0,2.02,4.26,0.15,54.99
Buenos Aires,Argentina,-34.6037,-58.3816,2026-06-23 08:00:00+00:00,1.0,2.01,7.21,0.67,41.91
London,England,51.5074,-0.1278,2026-06-23 08:00:00+00:00,3.0,14.34,16.96,5.8,105.04
Madrid,Spain,40.4168,-3.7038,2026-06-23 08:00:00+00:00,2.0,4.59,10.97,1.31,64.93
Paris,France,48.8566,2.3522,2026-06-23 08:00:00+00:00,1.0,4.08,4.92,2.32,46.8
Antananarivo,Madagascar,-18.8792,47.5079,2026-06-23 09:00:00+00:00,1.0,2.05,4.26,0.11,55.24
Buenos Aires,Argentina,-34.6037,-58.3816,2026-06-23 09:00:00+00:00,1.0,2.15,7.96,0.67,41.56
London,England,51.5074,-0.1278,2026-06-23 09:00:00+00:00,3.0,14.42,17.04,4.95,113.01
Madrid,Spain,40.4168,-3.7038,2026-06-23 09:00:00+00:00,2.0,4.55,12.1,0.99,71.34
Paris,France,48.8566,2.3522,2026-06-23 09:00:00+00:00,1.0,4.84,5.74,2.33,52.82
Antananarivo,Madagascar,-18.8792,47.5079,2026-06-23 10:00:00+00:00,1.0,1.62,3.29,0.08,57.49
Buenos Aires,Argentina,-34.6037,-58.3816,2026-06-23 10:00:00+00:00,1.0,2.29,8.85,0.73,40.94
London,England,51.5074,-0.1278,2026-06-23 10:00:00+00:00,3.0,15.68,18.42,4.44,115.12
Madrid,Spain,40.4168,-3.7038,2026-06-23 10:00:00+00:00,2.0,6.17,22.77,0.35,81.62
Paris,France,48.8566,2.3522,2026-06-23 10:00:00+00:00,2.0,4.99,6.2,1.26,87.93
Antananarivo,Madagascar,-18.8792,47.5079,2026-06-23 11:00:00+00:00,1.0,1.41,2.77,0.09,57.19
Buenos Aires,Argentina,-34.6037,-58.3816,2026-06-23 11:00:00+00:00,1.0,2.42,9.71,0.86,40.41
London,England,51.5074,-0.1278,2026-06-23 11:00:00+00:00,3.0,17.7,20.63,4.28,115.51
Madrid,Spain,40.4168,-3.7038,2026-06-23 11:00:00+00:00,2.0,6.87,25.76,0.23,82.01
Paris,France,48.8566,2.3522,2026-06-23 11:00:00+00:00,2.0,5.3,6.87,0.8,97.41
Antananarivo,Madagascar,-18.8792,47.5079,2026-06-23 12:00:00+00:00,1.0,1.34,2.58,0.1,56.15
Buenos Aires,Argentina,-34.6037,-58.3816,2026-06-23 12:00:00+00:00,1.0,2.51,10.33,0.98,39.9
London,England,51.5074,-0.1278,2026-06-23 12:00:00+00:00,3.0,19.48,22.58,4.09,119.87
Madrid,Spain,40.4168,-3.7038,2026-06-23 12:00:00+00:00,2.0,6.81,25.0,0.21,82.93
Paris,France,48.8566,2.3522,2026-06-23 12:00:00+00:00,3.0,5.23,6.82,0.61,100.11
Antananarivo,Madagascar,-18.8792,47.5079,2026-06-23 13:00:00+00:00,1.0,1.7,3.2,0.29,52.77
Buenos Aires,Argentina,-34.6037,-58.3816,2026-06-23 13:00:00+00:00,1.0,2.56,10.7,0.89,39.53
London,England,51.5074,-0.1278,2026-06-23 13:00:00+00:00,3.0,20.55,23.76,4.07,126.44
Madrid,Spain,40.4168,-3.7038,2026-06-23 13:00:00+00:00,2.0,6.59,23.74,0.21,85.46
Paris,France,48.8566,2.3522,2026-06-23 13:00:00+00:00,2.0,3.76,5.34,0.42,97.3
Antananarivo,Madagascar,-18.8792,47.5079,2026-06-23 14:00:00+00:00,1.0,2.46,4.48,0.66,48.28
Buenos Aires,Argentina,-34.6037,-58.3816,2026-06-23 14:00:00+00:00,1.0,2.58,11.0,0.7,39.63
London,England,51.5074,-0.1278,2026-06-23 14:00:00+00:00,3.0,20.65,23.88,4.13,130.41
Madrid,Spain,40.4168,-3.7038,2026-06-23 14:00:00+00:00,2.0,6.13,21.63,0.21,86.23
Paris,France,48.8566,2.3522,2026-06-23 14:00:00+00:00,2.0,3.13,4.97,0.4,94.54
Antananarivo,Madagascar,-18.8792,47.5079,2026-06-23 15:00:00+00:00,1.0,3.29,5.81,1.09,44.89
Buenos Aires,Argentina,-34.6037,-58.3816,2026-06-23 15:00:00+00:00,1.0,2.61,11.4,0.55,40.86
London,England,51.5074,-0.1278,2026-06-23 15:00:00+00:00,3.0,19.99,23.16,4.32,129.88
Madrid,Spain,40.4168,-3.7038,2026-06-23 15:00:00+00:00,2.0,5.73,19.85,0.23,86.97
Paris,France,48.8566,2.3522,2026-06-23 15:00:00+00:00,2.0,3.2,5.31,0.45,94.05
Antananarivo,Madagascar,-18.8792,47.5079,2026-06-23 16:00:00+00:00,1.0,4.31,7.41,1.41,41.38
Buenos Aires,Argentina,-34.6037,-58.3816,2026-06-23 16:00:00+00:00,1.0,2.23,10.37,0.33,47.7
London,England,51.5074,-0.1278,2026-06-23 16:00:00+00:00,3.0,19.12,22.25,4.82,125.47
Madrid,Spain,40.4168,-3.7038,2026-06-23 16:00:00+00:00,2.0,5.49,18.79,0.27,87.99
Paris,France,48.8566,2.3522,2026-06-23 16:00:00+00:00,2.0,3.38,5.58,0.63,94.32
Antananarivo,Madagascar,-18.8792,47.5079,2026-06-23 17:00:00+00:00,1.0,5.5,9.13,1.65,38.37
Buenos Aires,Argentina,-34.6037,-58.3816,2026-06-23 17:00:00+00:00,1.0,2.14,10.1,0.26,49.49
London,England,51.5074,-0.1278,2026-06-23 17:00:00+00:00,3.0,18.45,21.63,5.76,119.35
Madrid,Spain,40.4168,-3.7038,2026-06-23 17:00:00+00:00,2.0,5.33,18.05,0.32,87.84
Paris,France,48.8566,2.3522,2026-06-23 17:00:00+00:00,2.0,3.48,5.47,0.9,92.16
Antananarivo,Madagascar,-18.8792,47.5079,2026-06-23 18:00:00+00:00,1.0,6.46,10.34,1.77,36.17
Buenos Aires,Argentina,-34.6037,-58.3816,2026-06-23 18:00:00+00:00,1.0,2.18,10.26,0.24,49.74
London,England,51.5074,-0.1278,2026-06-23 18:00:00+00:00,3.0,17.8,21.06,7.13,113.01
Madrid,Spain,40.4168,-3.7038,2026-06-23 18:00:00+00:00,2.0,5.36,18.08,0.37,87.19
Paris,France,48.8566,2.3522,2026-06-23 18:00:00+00:00,2.0,3.59,5.37,1.08,90.07
Antananarivo,Madagascar,-18.8792,47.5079,2026-06-23 19:00:00+00:00,1.0,7.01,10.98,1.79,33.92
Buenos Aires,Argentina,-34.6037,-58.3816,2026-06-23 19:00:00+00:00,1.0,2.31,10.53,0.3,49.59
London,England,51.5074,-0.1278,2026-06-23 19:00:00+00:00,3.0,17.06,20.45,8.86,106.29
Madrid,Spain,40.4168,-3.7038,2026-06-23 19:00:00+00:00,2.0,5.57,18.6,0.45,85.88
Paris,France,48.8566,2.3522,2026-06-23 19:00:00+00:00,2.0,3.71,5.32,1.35,85.94
Antananarivo,Madagascar,-18.8792,47.5079,2026-06-23 20:00:00+00:00,1.0,7.8,12.04,1.89,31.31
Buenos Aires,Argentina,-34.6037,-58.3816,2026-06-23 20:00:00+00:00,1.0,2.48,10.73,0.48,47.95
London,England,51.5074,-0.1278,2026-06-23 20:00:00+00:00,2.0,16.35,19.89,10.77,98.11
Madrid,Spain,40.4168,-3.7038,2026-06-23 20:00:00+00:00,2.0,5.95,19.4,0.54,84.5
Paris,France,48.8566,2.3522,2026-06-23 20:00:00+00:00,2.0,3.87,5.35,1.68,79.88
Antananarivo,Madagascar,-18.8792,47.5079,2026-06-23 21:00:00+00:00,1.0,7.73,11.24,1.8,29.6
Buenos Aires,Argentina,-34.6037,-58.3816,2026-06-23 21:00:00+00:00,1.0,2.52,10.37,0.7,46.64
London,England,51.5074,-0.1278,2026-06-23 21:00:00+00:00,2.0,15.74,19.41,12.15,88.78
Madrid,Spain,40.4168,-3.7038,2026-06-23 21:00:00+00:00,2.0,6.37,20.0,0.59,83.81
Paris,France,48.8566,2.3522,2026-06-23 21:00:00+00:00,2.0,4.0,5.41,1.87,74.13
Antananarivo,Madagascar,-18.8792,47.5079,2026-06-23 22:00:00+00:00,1.0,7.24,9.63,1.65,28.68
Buenos Aires,Argentina,-34.6037,-58.3816,2026-06-23 22:00:00+00:00,1.0,2.44,9.55,0.81,45.6
London,England,51.5074,-0.1278,2026-06-23 22:00:00+00:00,2.0,15.25,19.07,13.9,79.73
Madrid,Spain,40.4168,-3.7038,2026-06-23 22:00:00+00:00,2.0,6.59,19.38,0.67,80.37
Paris,France,48.8566,2.3522,2026-06-23 22:00:00+00:00,2.0,3.98,5.39,1.89,68.1
Antananarivo,Madagascar,-18.8792,47.5079,2026-06-23 23:00:00+00:00,1.0,6.82,8.84,1.53,28.59
Buenos Aires,Argentina,-34.6037,-58.3816,2026-06-23 23:00:00+00:00,1.0,2.32,8.56,0.87,45.12
London,England,51.5074,-0.1278,2026-06-23 23:00:00+00:00,2.0,14.99,18.9,15.8,70.34
Madrid,Spain,40.4168,-3.7038,2026-06-23 23:00:00+00:00,2.0,6.84,18.83,0.77,76.7
Paris,France,48.8566,2.3522,2026-06-23 23:00:00+00:00,2.0,3.95,5.43,1.74,63.65
Antananarivo,Madagascar,-18.8792,47.5079,2026-06-24 00:00:00+00:00,1.0,6.35,8.3,1.42,29.4
Buenos Aires,Argentina,-34.6037,-58.3816,2026-06-24 00:00:00+00:00,1.0,2.16,7.4,0.89,44.99
London,England,51.5074,-0.1278,2026-06-24 00:00:00+00:00,2.0,15.07,19.03,17.79,60.43
Madrid,Spain,40.4168,-3.7038,2026-06-24 00:00:00+00:00,2.0,7.06,18.58,0.82,73.62
Paris,France,48.8566,2.3522,2026-06-24 00:00:00+00:00,2.0,3.94,5.46,1.54,60.05
Antananarivo,Madagascar,-18.8792,47.5079,2026-06-24 01:00:00+00:00,1.0,5.63,7.56,1.29,30.68
Buenos Aires,Argentina,-34.6037,-58.3816,2026-06-24 01:00:00+00:00,1.0,2.0,6.34,0.92,44.01
London,England,51.5074,-0.1278,2026-06-24 01:00:00+00:00,2.0,15.5,19.43,20.09,50.17
Madrid,Spain,40.4168,-3.7038,2026-06-24 01:00:00+00:00,2.0,7.12,17.86,0.89,68.33
Paris,France,48.8566,2.3522,2026-06-24 01:00:00+00:00,1.0,3.9,5.39,1.38,56.44
Antananarivo,Madagascar,-18.8792,47.5079,2026-06-24 02:00:00+00:00,1.0,4.97,6.9,1.17,31.51
Buenos Aires,Argentina,-34.6037,-58.3816,2026-06-24 02:00:00+00:00,1.0,1.98,5.88,1.0,42.76
London,England,51.5074,-0.1278,2026-06-24 02:00:00+00:00,2.0,16.09,19.89,22.44,39.73
Madrid,Spain,40.4168,-3.7038,2026-06-24 02:00:00+00:00,2.0,7.22,17.34,0.99,62.67
Paris,France,48.8566,2.3522,2026-06-24 02:00:00+00:00,1.0,3.93,5.35,1.33,52.86
Antananarivo,Madagascar,-18.8792,47.5079,2026-06-24 03:00:00+00:00,1.0,4.63,6.61,1.13,31.82
Buenos Aires,Argentina,-34.6037,-58.3816,2026-06-24 03:00:00+00:00,1.0,2.02,5.83,1.05,41.4
London,England,51.5074,-0.1278,2026-06-24 03:00:00+00:00,2.0,16.78,20.31,24.4,29.5
Madrid,Spain,40.4168,-3.7038,2026-06-24 03:00:00+00:00,1.0,7.3,17.13,1.11,57.69
Paris,France,48.8566,2.3522,2026-06-24 03:00:00+00:00,1.0,3.96,5.31,1.36,48.86
Antananarivo,Madagascar,-18.8792,47.5079,2026-06-24 04:00:00+00:00,1.0,4.86,7.44,1.26,31.61
Buenos Aires,Argentina,-34.6037,-58.3816,2026-06-24 04:00:00+00:00,1.0,2.11,6.06,1.07,39.89
London,England,51.5074,-0.1278,2026-06-24 04:00:00+00:00,2.0,17.55,20.73,25.88,21.16
Madrid,Spain,40.4168,-3.7038,2026-06-24 04:00:00+00:00,1.0,7.3,16.93,1.24,52.77
Paris,France,48.8566,2.3522,2026-06-24 04:00:00+00:00,1.0,3.96,5.25,1.51,44.55
Antananarivo,Madagascar,-18.8792,47.5079,2026-06-24 05:00:00+00:00,1.0,5.32,8.6,1.23,31.71
Buenos Aires,Argentina,-34.6037,-58.3816,2026-06-24 05:00:00+00:00,1.0,2.21,6.41,1.07,38.7
London,England,51.5074,-0.1278,2026-06-24 05:00:00+00:00,2.0,18.22,21.12,26.45,16.43
Madrid,Spain,40.4168,-3.7038,2026-06-24 05:00:00+00:00,1.0,7.41,17.02,1.56,48.26
Paris,France,48.8566,2.3522,2026-06-24 05:00:00+00:00,1.0,3.99,5.27,2.01,41.09
Antananarivo,Madagascar,-18.8792,47.5079,2026-06-24 06:00:00+00:00,1.0,6.01,9.64,0.9,34.93
Buenos Aires,Argentina,-34.6037,-58.3816,2026-06-24 06:00:00+00:00,1.0,2.29,6.7,1.06,37.94
London,England,51.5074,-0.1278,2026-06-24 06:00:00+00:00,2.0,18.92,21.61,22.39,18.44
Madrid,Spain,40.4168,-3.7038,2026-06-24 06:00:00+00:00,1.0,7.56,17.18,2.13,44.05
Paris,France,48.8566,2.3522,2026-06-24 06:00:00+00:00,1.0,4.03,5.32,2.65,39.42
Antananarivo,Madagascar,-18.8792,47.5079,2026-06-24 07:00:00+00:00,1.0,1.54,2.73,0.2,51.74
Buenos Aires,Argentina,-34.6037,-58.3816,2026-06-24 07:00:00+00:00,1.0,2.33,6.91,1.04,37.3
London,England,51.5074,-0.1278,2026-06-24 07:00:00+00:00,2.0,19.48,22.03,18.31,22.49
Madrid,Spain,40.4168,-3.7038,2026-06-24 07:00:00+00:00,1.0,7.56,17.07,2.22,40.84
Paris,France,48.8566,2.3522,2026-06-24 07:00:00+00:00,1.0,4.04,5.33,2.66,41.09
Antananarivo,Madagascar,-18.8792,47.5079,2026-06-24 08:00:00+00:00,1.0,1.21,2.14,0.12,53.46
Buenos Aires,Argentina,-34.6037,-58.3816,2026-06-24 08:00:00+00:00,1.0,2.37,7.02,1.04,36.72
London,England,51.5074,-0.1278,2026-06-24 08:00:00+00:00,2.0,20.06,22.52,16.91,27.29
Madrid,Spain,40.4168,-3.7038,2026-06-24 08:00:00+00:00,1.0,7.48,16.84,1.95,40.77
Paris,France,48.8566,2.3522,2026-06-24 08:00:00+00:00,1.0,4.07,5.34,2.27,45.49
Antananarivo,Madagascar,-18.8792,47.5079,2026-06-24 09:00:00+00:00,1.0,1.25,2.13,0.09,52.74
Buenos Aires,Argentina,-34.6037,-58.3816,2026-06-24 09:00:00+00:00,1.0,2.4,7.01,1.06,36.13
London,England,51.5074,-0.1278,2026-06-24 09:00:00+00:00,2.0,20.93,23.36,16.77,32.83
Madrid,Spain,40.4168,-3.7038,2026-06-24 09:00:00+00:00,1.0,7.44,16.89,1.68,47.15
Paris,France,48.8566,2.3522,2026-06-24 09:00:00+00:00,1.0,4.36,5.61,1.77,54.27
Antananarivo,Madagascar,-18.8792,47.5079,2026-06-24 10:00:00+00:00,1.0,1.25,2.05,0.08,53.7
Buenos Aires,Argentina,-34.6037,-58.3816,2026-06-24 10:00:00+00:00,1.0,2.43,7.0,1.18,35.44
London,England,51.5074,-0.1278,2026-06-24 10:00:00+00:00,2.0,22.32,24.8,17.44,42.1
Madrid,Spain,40.4168,-3.7038,2026-06-24 10:00:00+00:00,2.0,7.86,23.44,0.48,81.5
Paris,France,48.8566,2.3522,2026-06-24 10:00:00+00:00,2.0,4.29,6.16,0.67,86.36
Antananarivo,Madagascar,-18.8792,47.5079,2026-06-24 11:00:00+00:00,1.0,1.26,1.99,0.08,53.84
Buenos Aires,Argentina,-34.6037,-58.3816,2026-06-24 11:00:00+00:00,1.0,2.5,7.18,1.42,34.68
London,England,51.5074,-0.1278,2026-06-24 11:00:00+00:00,2.0,24.2,26.67,18.29,57.05
Madrid,Spain,40.4168,-3.7038,2026-06-24 11:00:00+00:00,2.0,7.4,23.38,0.32,85.49
Paris,France,48.8566,2.3522,2026-06-24 11:00:00+00:00,2.0,4.36,7.25,0.46,91.04
Antananarivo,Madagascar,-18.8792,47.5079,2026-06-24 12:00:00+00:00,1.0,1.24,1.96,0.1,53.27
Buenos Aires,Argentina,-34.6037,-58.3816,2026-06-24 12:00:00+00:00,1.0,2.6,7.53,1.62,33.85
London,England,51.5074,-0.1278,2026-06-24 12:00:00+00:00,3.0,26.82,29.27,18.72,75.8
Madrid,Spain,40.4168,-3.7038,2026-06-24 12:00:00+00:00,2.0,6.91,22.28,0.28,86.23
Paris,France,48.8566,2.3522,2026-06-24 12:00:00+00:00,2.0,4.47,7.91,0.42,91.55
Antananarivo,Madagascar,-18.8792,47.5079,2026-06-24 13:00:00+00:00,1.0,1.6,2.56,0.24,50.5
Buenos Aires,Argentina,-34.6037,-58.3816,2026-06-24 13:00:00+00:00,1.0,2.71,8.14,1.48,32.99
London,England,51.5074,-0.1278,2026-06-24 13:00:00+00:00,3.0,30.12,32.52,19.26,93.44
Madrid,Spain,40.4168,-3.7038,2026-06-24 13:00:00+00:00,2.0,6.44,21.3,0.25,87.94
Paris,France,48.8566,2.3522,2026-06-24 13:00:00+00:00,2.0,4.3,8.21,0.36,92.45
Antananarivo,Madagascar,-18.8792,47.5079,2026-06-24 14:00:00+00:00,1.0,2.28,3.69,0.58,46.19
Buenos Aires,Argentina,-34.6037,-58.3816,2026-06-24 14:00:00+00:00,1.0,2.84,9.1,1.23,32.3
London,England,51.5074,-0.1278,2026-06-24 14:00:00+00:00,3.0,33.24,35.6,20.23,104.25
Madrid,Spain,40.4168,-3.7038,2026-06-24 14:00:00+00:00,2.0,6.2,21.33,0.24,87.34
Paris,France,48.8566,2.3522,2026-06-24 14:00:00+00:00,2.0,4.12,8.28,0.38,91.44
Antananarivo,Madagascar,-18.8792,47.5079,2026-06-24 15:00:00+00:00,1.0,3.01,4.88,0.99,42.4
Buenos Aires,Argentina,-34.6037,-58.3816,2026-06-24 15:00:00+00:00,1.0,2.99,10.18,1.07,32.86
London,England,51.5074,-0.1278,2026-06-24 15:00:00+00:00,3.0,36.0,38.36,21.74,110.84
Madrid,Spain,40.4168,-3.7038,2026-06-24 15:00:00+00:00,2.0,6.12,21.43,0.26,86.65
Paris,France,48.8566,2.3522,2026-06-24 15:00:00+00:00,2.0,4.02,8.21,0.48,90.43
Antananarivo,Madagascar,-18.8792,47.5079,2026-06-24 16:00:00+00:00,1.0,3.95,6.4,1.31,38.18
Buenos Aires,Argentina,-34.6037,-58.3816,2026-06-24 16:00:00+00:00,1.0,2.77,10.52,0.79,44.4
London,England,51.5074,-0.1278,2026-06-24 16:00:00+00:00,3.0,38.6,41.05,23.72,117.89
Madrid,Spain,40.4168,-3.7038,2026-06-24 16:00:00+00:00,2.0,6.24,22.01,0.29,86.77
Paris,France,48.8566,2.3522,2026-06-24 16:00:00+00:00,2.0,3.94,7.97,0.89,87.56
Antananarivo,Madagascar,-18.8792,47.5079,2026-06-24 17:00:00+00:00,1.0,5.12,8.14,1.58,34.53
Buenos Aires,Argentina,-34.6037,-58.3816,2026-06-24 17:00:00+00:00,1.0,2.71,10.48,0.67,47.39
London,England,51.5074,-0.1278,2026-06-24 17:00:00+00:00,3.0,40.56,43.19,25.9,125.65
Madrid,Spain,40.4168,-3.7038,2026-06-24 17:00:00+00:00,2.0,6.4,22.67,0.32,85.95
Paris,France,48.8566,2.3522,2026-06-24 17:00:00+00:00,2.0,3.84,7.48,1.34,83.74
Antananarivo,Madagascar,-18.8792,47.5079,2026-06-24 18:00:00+00:00,1.0,5.93,9.22,1.69,32.1
Buenos Aires,Argentina,-34.6037,-58.3816,2026-06-24 18:00:00+00:00,1.0,2.73,10.8,0.65,48.91
London,England,51.5074,-0.1278,2026-06-24 18:00:00+00:00,3.0,41.35,44.25,28.48,129.34
Madrid,Spain,40.4168,-3.7038,2026-06-24 18:00:00+00:00,2.0,6.46,22.99,0.37,84.86
Paris,France,48.8566,2.3522,2026-06-24 18:00:00+00:00,2.0,3.72,6.82,1.6,80.68
Antananarivo,Madagascar,-18.8792,47.5079,2026-06-24 19:00:00+00:00,1.0,4.8,7.88,1.34,32.89
Buenos Aires,Argentina,-34.6037,-58.3816,2026-06-24 19:00:00+00:00,1.0,2.79,11.22,0.81,50.15
London,England,51.5074,-0.1278,2026-06-24 19:00:00+00:00,3.0,39.55,42.65,29.77,127.01
Madrid,Spain,40.4168,-3.7038,2026-06-24 19:00:00+00:00,2.0,6.44,22.97,0.46,83.94
Paris,France,48.8566,2.3522,2026-06-24 19:00:00+00:00,2.0,3.69,6.41,2.12,70.94
Antananarivo,Madagascar,-18.8792,47.5079,2026-06-24 20:00:00+00:00,1.0,4.76,7.89,1.3,31.9
Buenos Aires,Argentina,-34.6037,-58.3816,2026-06-24 20:00:00+00:00,1.0,2.92,11.63,1.21,48.51
London,England,51.5074,-0.1278,2026-06-24 20:00:00+00:00,3.0,36.48,39.66,28.5,120.49
Madrid,Spain,40.4168,-3.7038,2026-06-24 20:00:00+00:00,2.0,6.66,23.46,0.54,83.68
Paris,France,48.8566,2.3522,2026-06-24 20:00:00+00:00,1.0,3.81,6.48,2.81,59.69
Antananarivo,Madagascar,-18.8792,47.5079,2026-06-24 21:00:00+00:00,1.0,4.33,7.21,1.18,31.52
Buenos Aires,Argentina,-34.6037,-58.3816,2026-06-24 21:00:00+00:00,1.0,3.05,12.01,1.77,46.75
London,England,51.5074,-0.1278,2026-06-24 21:00:00+00:00,3.0,33.13,36.42,24.45,111.02
Madrid,Spain,40.4168,-3.7038,2026-06-24 21:00:00+00:00,2.0,7.07,24.34,0.51,84.13
Paris,France,48.8566,2.3522,2026-06-24 21:00:00+00:00,1.0,3.93,6.67,3.23,51.83
Antananarivo,Madagascar,-18.8792,47.5079,2026-06-24 22:00:00+00:00,1.0,4.02,6.69,1.09,30.48
Buenos Aires,Argentina,-34.6037,-58.3816,2026-06-24 22:00:00+00:00,1.0,3.17,12.27,2.28,45.06
London,England,51.5074,-0.1278,2026-06-24 22:00:00+00:00,3.0,30.25,33.88,21.74,103.09
Madrid,Spain,40.4168,-3.7038,2026-06-24 22:00:00+00:00,2.0,7.2,23.77,0.49,83.24
Paris,France,48.8566,2.3522,2026-06-24 22:00:00+00:00,1.0,4.01,6.89,3.25,46.91
Antananarivo,Madagascar,-18.8792,47.5079,2026-06-24 23:00:00+00:00,1.0,4.03,6.58,1.09,28.82
Buenos Aires,Argentina,-34.6037,-58.3816,2026-06-24 23:00:00+00:00,1.0,3.3,12.62,2.67,43.99
London,England,51.5074,-0.1278,2026-06-24 23:00:00+00:00,3.0,27.14,31.07,18.26,100.11
Madrid,Spain,40.4168,-3.7038,2026-06-24 23:00:00+00:00,2.0,7.44,23.35,0.5,83.69
Paris,France,48.8566,2.3522,2026-06-24 23:00:00+00:00,1.0,4.15,7.29,2.88,45.39
Antananarivo,Madagascar,-18.8792,47.5079,2026-06-25 00:00:00+00:00,1.0,4.03,6.36,1.07,27.84
Buenos Aires,Argentina,-34.6037,-58.3816,2026-06-25 00:00:00+00:00,1.0,3.44,13.05,2.87,43.49
London,England,51.5074,-0.1278,2026-06-25 00:00:00+00:00,3.0,23.61,28.0,13.64,102.62
Madrid,Spain,40.4168,-3.7038,2026-06-25 00:00:00+00:00,2.0,7.74,23.15,0.52,83.36
Paris,France,48.8566,2.3522,2026-06-25 00:00:00+00:00,1.0,4.33,7.81,2.43,46.27
Antananarivo,Madagascar,-18.8792,47.5079,2026-06-25 01:00:00+00:00,1.0,4.08,6.16,1.07,26.93
Buenos Aires,Argentina,-34.6037,-58.3816,2026-06-25 01:00:00+00:00,1.0,3.56,13.47,2.94,43.08
London,England,51.5074,-0.1278,2026-06-25 01:00:00+00:00,3.0,21.52,26.25,8.88,114.67
Madrid,Spain,40.4168,-3.7038,2026-06-25 01:00:00+00:00,2.0,7.89,22.82,0.51,81.04
Paris,France,48.8566,2.3522,2026-06-25 01:00:00+00:00,1.0,4.46,8.18,1.96,49.23
Antananarivo,Madagascar,-18.8792,47.5079,2026-06-25 02:00:00+00:00,1.0,4.22,6.29,1.09,25.88
Buenos Aires,Argentina,-34.6037,-58.3816,2026-06-25 02:00:00+00:00,1.0,3.71,14.02,2.99,43.08
London,England,51.5074,-0.1278,2026-06-25 02:00:00+00:00,3.0,22.01,26.98,6.6,124.18
Madrid,Spain,40.4168,-3.7038,2026-06-25 02:00:00+00:00,2.0,8.07,22.84,0.5,79.72
Paris,France,48.8566,2.3522,2026-06-25 02:00:00+00:00,1.0,4.51,7.92,1.75,46.61
Antananarivo,Madagascar,-18.8792,47.5079,2026-06-25 03:00:00+00:00,1.0,4.41,6.64,1.14,25.24
Buenos Aires,Argentina,-34.6037,-58.3816,2026-06-25 03:00:00+00:00,1.0,3.9,14.83,2.92,43.8
London,England,51.5074,-0.1278,2026-06-25 03:00:00+00:00,3.0,22.73,28.07,5.5,129.58
Madrid,Spain,40.4168,-3.7038,2026-06-25 03:00:00+00:00,2.0,8.03,22.51,0.48,78.1
Paris,France,48.8566,2.3522,2026-06-25 03:00:00+00:00,1.0,4.48,7.48,1.68,43.37
Antananarivo,Madagascar,-18.8792,47.5079,2026-06-25 04:00:00+00:00,1.0,4.9,7.77,1.31,26.37
Buenos Aires,Argentina,-34.6037,-58.3816,2026-06-25 04:00:00+00:00,1.0,4.13,15.84,2.74,45.07
London,England,51.5074,-0.1278,2026-06-25 04:00:00+00:00,3.0,22.83,28.52,4.74,132.01
Madrid,Spain,40.4168,-3.7038,2026-06-25 04:00:00+00:00,2.0,7.62,21.32,0.46,75.18
Paris,France,48.8566,2.3522,2026-06-25 04:00:00+00:00,1.0,4.35,6.87,1.75,39.63
Antananarivo,Madagascar,-18.8792,47.5079,2026-06-25 05:00:00+00:00,1.0,5.68,9.29,1.27,27.55
Buenos Aires,Argentina,-34.6037,-58.3816,2026-06-25 05:00:00+00:00,1.0,4.44,16.55,2.48,45.3
London,England,51.5074,-0.1278,2026-06-25 05:00:00+00:00,3.0,22.82,28.97,4.77,132.83
Madrid,Spain,40.4168,-3.7038,2026-06-25 05:00:00+00:00,2.0,7.11,19.83,0.5,72.59
Paris,France,48.8566,2.3522,2026-06-25 05:00:00+00:00,1.0,4.25,6.37,2.27,36.71
Antananarivo,Madagascar,-18.8792,47.5079,2026-06-25 06:00:00+00:00,1.0,6.65,10.61,0.97,32.57
Buenos Aires,Argentina,-34.6037,-58.3816,2026-06-25 06:00:00+00:00,1.0,4.82,17.05,2.19,45.26
London,England,51.5074,-0.1278,2026-06-25 06:00:00+00:00,3.0,22.79,29.46,5.02,133.66
Madrid,Spain,40.4168,-3.7038,2026-06-25 06:00:00+00:00,2.0,6.41,17.87,0.61,69.77
Paris,France,48.8566,2.3522,2026-06-25 06:00:00+00:00,1.0,4.16,5.94,3.05,34.57
Antananarivo,Madagascar,-18.8792,47.5079,2026-06-25 07:00:00+00:00,1.0,1.64,3.1,0.22,50.24
Buenos Aires,Argentina,-34.6037,-58.3816,2026-06-25 07:00:00+00:00,1.0,5.17,16.92,1.96,44.79
London,England,51.5074,-0.1278,2026-06-25 07:00:00+00:00,3.0,22.83,30.17,5.07,134.32
Madrid,Spain,40.4168,-3.7038,2026-06-25 07:00:00+00:00,2.0,5.52,15.12,0.63,66.74
Paris,France,48.8566,2.3522,2026-06-25 07:00:00+00:00,1.0,4.06,5.53,3.17,33.67
Antananarivo,Madagascar,-18.8792,47.5079,2026-06-25 08:00:00+00:00,1.0,1.4,2.67,0.14,50.63
Buenos Aires,Argentina,-34.6037,-58.3816,2026-06-25 08:00:00+00:00,1.0,5.44,16.1,1.93,43.61
London,England,51.5074,-0.1278,2026-06-25 08:00:00+00:00,3.0,23.05,31.05,5.06,135.12
Madrid,Spain,40.4168,-3.7038,2026-06-25 08:00:00+00:00,2.0,4.68,12.46,0.55,65.22
Paris,France,48.8566,2.3522,2026-06-25 08:00:00+00:00,1.0,3.99,5.24,2.85,34.06
Antananarivo,Madagascar,-18.8792,47.5079,2026-06-25 09:00:00+00:00,1.0,1.42,2.63,0.11,49.19
Buenos Aires,Argentina,-34.6037,-58.3816,2026-06-25 09:00:00+00:00,1.0,5.58,15.12,1.96,42.22
London,England,51.5074,-0.1278,2026-06-25 09:00:00+00:00,3.0,23.61,31.94,4.6,139.81
Madrid,Spain,40.4168,-3.7038,2026-06-25 09:00:00+00:00,2.0,3.85,10.05,0.44,64.93
Paris,France,48.8566,2.3522,2026-06-25 09:00:00+00:00,1.0,4.11,5.18,2.37,40.29
Antananarivo,Madagascar,-18.8792,47.5079,2026-06-25 10:00:00+00:00,1.0,1.09,1.94,0.08,50.18
Buenos Aires,Argentina,-34.6037,-58.3816,2026-06-25 10:00:00+00:00,1.0,5.59,14.31,2.0,40.76
London,England,51.5074,-0.1278,2026-06-25 10:00:00+00:00,4.0,25.58,33.84,3.82,147.17
Madrid,Spain,40.4168,-3.7038,2026-06-25 10:00:00+00:00,2.0,2.75,7.12,0.29,66.69
Paris,France,48.8566,2.3522,2026-06-25 10:00:00+00:00,2.0,4.03,4.8,0.86,88.82
Antananarivo,Madagascar,-18.8792,47.5079,2026-06-25 11:00:00+00:00,1.0,0.91,1.58,0.08,50.43
Buenos Aires,Argentina,-34.6037,-58.3816,2026-06-25 11:00:00+00:00,1.0,5.56,14.03,2.01,39.83
London,England,51.5074,-0.1278,2026-06-25 11:00:00+00:00,4.0,26.72,34.99,3.19,155.92
Madrid,Spain,40.4168,-3.7038,2026-06-25 11:00:00+00:00,2.0,1.93,5.02,0.22,67.32
Paris,France,48.8566,2.3522,2026-06-25 11:00:00+00:00,2.0,3.84,4.67,0.62,94.23
Antananarivo,Madagascar,-18.8792,47.5079,2026-06-25 12:00:00+00:00,1.0,0.86,1.49,0.09,49.73
Buenos Aires,Argentina,-34.6037,-58.3816,2026-06-25 12:00:00+00:00,1.0,5.42,13.94,1.89,39.31
London,England,51.5074,-0.1278,2026-06-25 12:00:00+00:00,4.0,27.34,35.65,2.83,162.93
Madrid,Spain,40.4168,-3.7038,2026-06-25 12:00:00+00:00,2.0,1.52,3.94,0.2,67.71
Paris,France,48.8566,2.3522,2026-06-25 12:00:00+00:00,2.0,3.45,4.12,0.59,92.85
Antananarivo,Madagascar,-18.8792,47.5079,2026-06-25 13:00:00+00:00,1.0,1.02,1.82,0.18,47.67
Buenos Aires,Argentina,-34.6037,-58.3816,2026-06-25 13:00:00+00:00,1.0,5.05,13.4,1.49,39.4
London,England,51.5074,-0.1278,2026-06-25 13:00:00+00:00,4.0,27.73,35.93,2.79,168.37
Madrid,Spain,40.4168,-3.7038,2026-06-25 13:00:00+00:00,2.0,1.21,3.16,0.17,71.01
Paris,France,48.8566,2.3522,2026-06-25 13:00:00+00:00,2.0,3.13,3.64,0.6,93.18
Antananarivo,Madagascar,-18.8792,47.5079,2026-06-25 14:00:00+00:00,1.0,1.34,2.45,0.38,44.5
Buenos Aires,Argentina,-34.6037,-58.3816,2026-06-25 14:00:00+00:00,1.0,4.52,12.23,1.12,40.24
London,England,51.5074,-0.1278,2026-06-25 14:00:00+00:00,4.0,27.18,35.11,2.96,169.31
Madrid,Spain,40.4168,-3.7038,2026-06-25 14:00:00+00:00,2.0,1.04,2.78,0.15,72.27
Paris,France,48.8566,2.3522,2026-06-25 14:00:00+00:00,2.0,2.78,3.16,0.65,92.9
Antananarivo,Madagascar,-18.8792,47.5079,2026-06-25 15:00:00+00:00,1.0,1.69,3.05,0.59,41.72
Buenos Aires,Argentina,-34.6037,-58.3816,2026-06-25 15:00:00+00:00,1.0,3.93,10.69,0.94,41.78
London,England,51.5074,-0.1278,2026-06-25 15:00:00+00:00,4.0,26.23,33.9,3.35,168.39
Madrid,Spain,40.4168,-3.7038,2026-06-25 15:00:00+00:00,2.0,0.95,2.59,0.16,71.55
Paris,France,48.8566,2.3522,2026-06-25 15:00:00+00:00,2.0,2.51,2.83,0.73,93.2
Antananarivo,Madagascar,-18.8792,47.5079,2026-06-25 16:00:00+00:00,1.0,2.08,3.69,0.73,38.72
Buenos Aires,Argentina,-34.6037,-58.3816,2026-06-25 16:00:00+00:00,1.0,2.84,7.67,0.73,46.78
London,England,51.5074,-0.1278,2026-06-25 16:00:00+00:00,4.0,26.52,34.12,3.96,172.48
Madrid,Spain,40.4168,-3.7038,2026-06-25 16:00:00+00:00,2.0,0.87,2.43,0.16,70.85
Paris,France,48.8566,2.3522,2026-06-25 16:00:00+00:00,2.0,2.42,2.74,0.93,92.98
Antananarivo,Madagascar,-18.8792,47.5079,2026-06-25 17:00:00+00:00,1.0,2.48,4.37,0.84,36.64
Buenos Aires,Argentina,-34.6037,-58.3816,2026-06-25 17:00:00+00:00,1.0,2.02,5.42,0.54,50.43
London,England,51.5074,-0.1278,2026-06-25 17:00:00+00:00,4.0,27.18,34.62,4.59,177.73
Madrid,Spain,40.4168,-3.7038,2026-06-25 17:00:00+00:00,2.0,0.8,2.29,0.17,69.5
Paris,France,48.8566,2.3522,2026-06-25 17:00:00+00:00,2.0,2.53,2.87,1.14,91.66
Antananarivo,Madagascar,-18.8792,47.5079,2026-06-25 18:00:00+00:00,1.0,2.59,4.62,0.82,35.62
Buenos Aires,Argentina,-34.6037,-58.3816,2026-06-25 18:00:00+00:00,1.0,1.67,4.5,0.47,52.06
London,England,51.5074,-0.1278,2026-06-25 18:00:00+00:00,4.0,27.57,34.75,5.45,179.44
Madrid,Spain,40.4168,-3.7038,2026-06-25 18:00:00+00:00,2.0,0.74,2.19,0.19,67.78
Paris,France,48.8566,2.3522,2026-06-25 18:00:00+00:00,2.0,2.76,3.15,1.24,91.13
Antananarivo,Madagascar,-18.8792,47.5079,2026-06-25 19:00:00+00:00,1.0,2.58,4.75,0.77,34.52
Buenos Aires,Argentina,-34.6037,-58.3816,2026-06-25 19:00:00+00:00,1.0,1.49,3.95,0.54,51.99
London,England,51.5074,-0.1278,2026-06-25 19:00:00+00:00,4.0,27.17,34.07,6.7,174.39
Madrid,Spain,40.4168,-3.7038,2026-06-25 19:00:00+00:00,2.0,0.71,2.13,0.3,64.91
Paris,France,48.8566,2.3522,2026-06-25 19:00:00+00:00,2.0,3.01,3.44,1.47,88.69
Antananarivo,Madagascar,-18.8792,47.5079,2026-06-25 20:00:00+00:00,1.0,2.92,5.28,0.85,33.17
Buenos Aires,Argentina,-34.6037,-58.3816,2026-06-25 20:00:00+00:00,1.0,1.45,3.74,0.83,49.25
London,England,51.5074,-0.1278,2026-06-25 20:00:00+00:00,4.0,25.26,31.7,7.87,160.14
Madrid,Spain,40.4168,-3.7038,2026-06-25 20:00:00+00:00,2.0,0.7,2.13,0.47,61.09
Paris,France,48.8566,2.3522,2026-06-25 20:00:00+00:00,2.0,3.22,3.67,1.79,84.63
Antananarivo,Madagascar,-18.8792,47.5079,2026-06-25 21:00:00+00:00,1.0,2.87,5.04,0.82,32.76
Buenos Aires,Argentina,-34.6037,-58.3816,2026-06-25 21:00:00+00:00,1.0,1.46,3.76,1.21,46.89
London,England,51.5074,-0.1278,2026-06-25 21:00:00+00:00,4.0,21.64,27.54,7.92,140.08
Madrid,Spain,40.4168,-3.7038,2026-06-25 21:00:00+00:00,1.0,0.69,2.14,0.58,57.87
Paris,France,48.8566,2.3522,2026-06-25 21:00:00+00:00,2.0,3.37,3.83,1.98,81.82
Antananarivo,Madagascar,-18.8792,47.5079,2026-06-25 22:00:00+00:00,1.0,2.82,4.85,0.81,32.07
Buenos Aires,Argentina,-34.6037,-58.3816,2026-06-25 22:00:00+00:00,1.0,1.53,3.83,1.58,43.38
London,England,51.5074,-0.1278,2026-06-25 22:00:00+00:00,3.0,17.21,22.6,8.07,119.03
Madrid,Spain,40.4168,-3.7038,2026-06-25 22:00:00+00:00,1.0,0.67,2.12,0.64,54.79
Paris,France,48.8566,2.3522,2026-06-25 22:00:00+00:00,2.0,3.38,3.81,2.28,69.14
Antananarivo,Madagascar,-18.8792,47.5079,2026-06-25 23:00:00+00:00,1.0,2.89,4.87,0.81,30.8
Buenos Aires,Argentina,-34.6037,-58.3816,2026-06-25 23:00:00+00:00,1.0,1.65,4.01,1.99,38.63
London,England,51.5074,-0.1278,2026-06-25 23:00:00+00:00,3.0,13.08,18.01,8.33,100.88
Madrid,Spain,40.4168,-3.7038,2026-06-25 23:00:00+00:00,1.0,0.68,2.16,0.63,52.97
Paris,France,48.8566,2.3522,2026-06-25 23:00:00+00:00,1.0,3.43,3.88,2.49,54.98
Antananarivo,Madagascar,-18.8792,47.5079,2026-06-26 00:00:00+00:00,1.0,2.89,4.81,0.8,30.17
Buenos Aires,Argentina,-34.6037,-58.3816,2026-06-26 00:00:00+00:00,1.0,1.81,4.31,2.25,34.61
London,England,51.5074,-0.1278,2026-06-26 00:00:00+00:00,2.0,9.8,14.31,8.93,86.79
Madrid,Spain,40.4168,-3.7038,2026-06-26 00:00:00+00:00,1.0,0.71,2.22,0.59,51.81
Paris,France,48.8566,2.3522,2026-06-26 00:00:00+00:00,1.0,3.49,4.0,2.49,44.55
Antananarivo,Madagascar,-18.8792,47.5079,2026-06-26 01:00:00+00:00,1.0,2.83,4.66,0.77,29.69
Buenos Aires,Argentina,-34.6037,-58.3816,2026-06-26 01:00:00+00:00,1.0,1.97,4.68,2.44,31.08
London,England,51.5074,-0.1278,2026-06-26 01:00:00+00:00,2.0,7.7,11.88,10.43,75.15
Madrid,Spain,40.4168,-3.7038,2026-06-26 01:00:00+00:00,1.0,0.75,2.27,0.57,49.93
Paris,France,48.8566,2.3522,2026-06-26 01:00:00+00:00,1.0,3.51,4.06,2.49,37.15
Antananarivo,Madagascar,-18.8792,47.5079,2026-06-26 02:00:00+00:00,1.0,2.7,4.47,0.75,29.56
Buenos Aires,Argentina,-34.6037,-58.3816,2026-06-26 02:00:00+00:00,1.0,2.16,5.12,2.69,28.26
London,England,51.5074,-0.1278,2026-06-26 02:00:00+00:00,2.0,6.58,10.64,12.97,64.67
Madrid,Spain,40.4168,-3.7038,2026-06-26 02:00:00+00:00,1.0,0.81,2.37,0.58,48.41
Paris,France,48.8566,2.3522,2026-06-26 02:00:00+00:00,1.0,3.49,4.06,2.49,31.52
Antananarivo,Madagascar,-18.8792,47.5079,2026-06-26 03:00:00+00:00,1.0,2.56,4.32,0.74,30.02
Buenos Aires,Argentina,-34.6037,-58.3816,2026-06-26 03:00:00+00:00,1.0,2.36,5.59,2.97,25.75
London,England,51.5074,-0.1278,2026-06-26 03:00:00+00:00,1.0,6.08,10.1,16.24,54.79
Madrid,Spain,40.4168,-3.7038,2026-06-26 03:00:00+00:00,1.0,0.87,2.49,0.59,47.24
Paris,France,48.8566,2.3522,2026-06-26 03:00:00+00:00,1.0,3.41,3.96,2.6,27.8
Antananarivo,Madagascar,-18.8792,47.5079,2026-06-26 04:00:00+00:00,1.0,2.54,4.56,0.76,32.22
Buenos Aires,Argentina,-34.6037,-58.3816,2026-06-26 04:00:00+00:00,1.0,2.57,6.08,3.35,23.05
London,England,51.5074,-0.1278,2026-06-26 04:00:00+00:00,1.0,6.03,9.99,19.39,45.63
Madrid,Spain,40.4168,-3.7038,2026-06-26 04:00:00+00:00,1.0,0.92,2.59,0.62,45.95
Paris,France,48.8566,2.3522,2026-06-26 04:00:00+00:00,1.0,3.09,3.62,2.32,43.15
Antananarivo,Madagascar,-18.8792,47.5079,2026-06-26 05:00:00+00:00,1.0,2.84,5.36,0.82,32.38
Buenos Aires,Argentina,-34.6037,-58.3816,2026-06-26 05:00:00+00:00,1.0,2.82,6.62,3.97,20.58
London,England,51.5074,-0.1278,2026-06-26 05:00:00+00:00,1.0,6.6,10.91,21.6,40.25
Madrid,Spain,40.4168,-3.7038,2026-06-26 05:00:00+00:00,1.0,0.99,2.74,0.74,45.19
Paris,France,48.8566,2.3522,2026-06-26 05:00:00+00:00,1.0,2.97,3.52,2.83,45.42
Antananarivo,Madagascar,-18.8792,47.5079,2026-06-26 06:00:00+00:00,1.0,2.86,5.48,0.67,33.8
Buenos Aires,Argentina,-34.6037,-58.3816,2026-06-26 06:00:00+00:00,1.0,3.09,7.1,4.87,18.19
London,England,51.5074,-0.1278,2026-06-26 06:00:00+00:00,1.0,8.46,14.36,20.78,42.86
Madrid,Spain,40.4168,-3.7038,2026-06-26 06:00:00+00:00,1.0,1.06,2.92,0.92,44.97
Paris,France,48.8566,2.3522,2026-06-26 06:00:00+00:00,1.0,3.01,3.59,3.33,43.2
Antananarivo,Madagascar,-18.8792,47.5079,2026-06-26 07:00:00+00:00,1.0,1.65,3.36,0.33,39.95
Buenos Aires,Argentina,-34.6037,-58.3816,2026-06-26 07:00:00+00:00,1.0,3.34,7.5,6.02,15.75
London,England,51.5074,-0.1278,2026-06-26 07:00:00+00:00,2.0,12.48,22.08,17.91,52.4
Madrid,Spain,40.4168,-3.7038,2026-06-26 07:00:00+00:00,1.0,1.11,3.06,0.83,45.32
Paris,France,48.8566,2.3522,2026-06-26 07:00:00+00:00,1.0,2.9,3.45,2.58,53.9
Antananarivo,Madagascar,-18.8792,47.5079,2026-06-26 08:00:00+00:00,1.0,1.5,3.05,0.23,40.93
Buenos Aires,Argentina,-34.6037,-58.3816,2026-06-26 08:00:00+00:00,1.0,3.63,7.95,7.36,13.43
London,England,51.5074,-0.1278,2026-06-26 08:00:00+00:00,2.0,17.4,30.72,15.2,63.49
Madrid,Spain,40.4168,-3.7038,2026-06-26 08:00:00+00:00,1.0,1.16,3.2,0.66,46.84
Paris,France,48.8566,2.3522,2026-06-26 08:00:00+00:00,2.0,3.14,3.84,2.02,60.67
Antananarivo,Madagascar,-18.8792,47.5079,2026-06-26 09:00:00+00:00,1.0,1.52,2.98,0.17,40.77
Buenos Aires,Argentina,-34.6037,-58.3816,2026-06-26 09:00:00+00:00,1.0,4.0,8.47,8.92,11.88
London,England,51.5074,-0.1278,2026-06-26 09:00:00+00:00,2.0,21.24,36.6,13.02,73.44
Madrid,Spain,40.4168,-3.7038,2026-06-26 09:00:00+00:00,1.0,1.22,3.35,0.48,50.46
Paris,France,48.8566,2.3522,2026-06-26 09:00:00+00:00,2.0,3.77,4.69,1.53,68.32
Antananarivo,Madagascar,-18.8792,47.5079,2026-06-26 10:00:00+00:00,1.0,1.02,2.0,0.11,43.12
Buenos Aires,Argentina,-34.6037,-58.3816,2026-06-26 10:00:00+00:00,1.0,4.32,9.01,10.81,12.08
London,England,51.5074,-0.1278,2026-06-26 10:00:00+00:00,2.0,22.36,37.96,10.58,80.33
Madrid,Spain,40.4168,-3.7038,2026-06-26 10:00:00+00:00,1.0,1.09,2.88,0.22,59.82
Paris,France,48.8566,2.3522,2026-06-26 10:00:00+00:00,2.0,4.26,5.39,1.0,81.69
Antananarivo,Madagascar,-18.8792,47.5079,2026-06-26 11:00:00+00:00,1.0,0.81,1.58,0.09,44.2
Buenos Aires,Argentina,-34.6037,-58.3816,2026-06-26 11:00:00+00:00,1.0,4.81,9.76,13.55,11.91
London,England,51.5074,-0.1278,2026-06-26 11:00:00+00:00,2.0,21.26,36.64,8.84,84.53
Madrid,Spain,40.4168,-3.7038,2026-06-26 11:00:00+00:00,2.0,0.95,2.46,0.17,61.28
Paris,France,48.8566,2.3522,2026-06-26 11:00:00+00:00,2.0,4.46,5.68,0.77,88.85
Antananarivo,Madagascar,-18.8792,47.5079,2026-06-26 12:00:00+00:00,1.0,0.75,1.45,0.09,44.18
Buenos Aires,Argentina,-34.6037,-58.3816,2026-06-26 12:00:00+00:00,1.0,5.52,11.08,16.92,12.51
London,England,51.5074,-0.1278,2026-06-26 12:00:00+00:00,2.0,18.92,34.04,7.43,89.29
Madrid,Spain,40.4168,-3.7038,2026-06-26 12:00:00+00:00,2.0,0.91,2.29,0.16,62.26
Paris,France,48.8566,2.3522,2026-06-26 12:00:00+00:00,2.0,4.73,6.03,0.68,91.92
Antananarivo,Madagascar,-18.8792,47.5079,2026-06-26 13:00:00+00:00,1.0,0.86,1.7,0.15,43.04
Buenos Aires,Argentina,-34.6037,-58.3816,2026-06-26 13:00:00+00:00,1.0,6.96,14.23,18.63,19.79
London,England,51.5074,-0.1278,2026-06-26 13:00:00+00:00,2.0,16.15,30.77,6.23,95.51
Madrid,Spain,40.4168,-3.7038,2026-06-26 13:00:00+00:00,2.0,0.89,2.19,0.16,64.84
Paris,France,48.8566,2.3522,2026-06-26 13:00:00+00:00,2.0,3.38,4.4,0.46,95.01
Antananarivo,Madagascar,-18.8792,47.5079,2026-06-26 14:00:00+00:00,1.0,1.11,2.23,0.31,40.67
Buenos Aires,Argentina,-34.6037,-58.3816,2026-06-26 14:00:00+00:00,1.0,8.42,16.74,17.98,25.32
London,England,51.5074,-0.1278,2026-06-26 14:00:00+00:00,3.0,13.82,27.84,5.61,101.77
Madrid,Spain,40.4168,-3.7038,2026-06-26 14:00:00+00:00,2.0,0.84,2.04,0.16,67.72
Paris,France,48.8566,2.3522,2026-06-26 14:00:00+00:00,2.0,2.59,3.46,0.42,93.92
Antananarivo,Madagascar,-18.8792,47.5079,2026-06-26 15:00:00+00:00,1.0,1.37,2.75,0.53,38.17
Buenos Aires,Argentina,-34.6037,-58.3816,2026-06-26 15:00:00+00:00,2.0,10.14,19.16,18.19,30.48
London,England,51.5074,-0.1278,2026-06-26 15:00:00+00:00,3.0,12.11,25.4,5.67,105.13
Madrid,Spain,40.4168,-3.7038,2026-06-26 15:00:00+00:00,2.0,0.83,1.96,0.18,69.68
Paris,France,48.8566,2.3522,2026-06-26 15:00:00+00:00,2.0,2.43,3.34,0.5,92.83
Antananarivo,Madagascar,-18.8792,47.5079,2026-06-26 16:00:00+00:00,1.0,1.61,3.19,0.65,35.27
Buenos Aires,Argentina,-34.6037,-58.3816,2026-06-26 16:00:00+00:00,2.0,10.1,17.62,15.24,44.57
London,England,51.5074,-0.1278,2026-06-26 16:00:00+00:00,3.0,10.87,23.33,6.45,104.49
Madrid,Spain,40.4168,-3.7038,2026-06-26 16:00:00+00:00,2.0,0.84,1.97,0.2,71.55
Paris,France,48.8566,2.3522,2026-06-26 16:00:00+00:00,2.0,2.43,3.38,1.23,86.61
Antananarivo,Madagascar,-18.8792,47.5079,2026-06-26 17:00:00+00:00,1.0,1.77,3.48,0.72,33.44
Buenos Aires,Argentina,-34.6037,-58.3816,2026-06-26 17:00:00+00:00,1.0,9.22,15.83,13.66,50.32
London,England,51.5074,-0.1278,2026-06-26 17:00:00+00:00,3.0,9.99,21.59,7.98,101.19
Madrid,Spain,40.4168,-3.7038,2026-06-26 17:00:00+00:00,2.0,0.85,1.99,0.21,72.32
Paris,France,48.8566,2.3522,2026-06-26 17:00:00+00:00,2.0,2.49,3.47,2.19,77.79
Antananarivo,Madagascar,-18.8792,47.5079,2026-06-26 18:00:00+00:00,1.0,1.75,3.46,0.71,32.66
Buenos Aires,Argentina,-34.6037,-58.3816,2026-06-26 18:00:00+00:00,1.0,8.64,14.93,13.27,52.48
London,England,51.5074,-0.1278,2026-06-26 18:00:00+00:00,2.0,9.22,19.77,10.08,95.78
Madrid,Spain,40.4168,-3.7038,2026-06-26 18:00:00+00:00,2.0,0.86,2.02,0.23,73.01
Paris,France,48.8566,2.3522,2026-06-26 18:00:00+00:00,2.0,2.54,3.55,2.73,71.88
Antananarivo,Madagascar,-18.8792,47.5079,2026-06-26 19:00:00+00:00,1.0,1.45,2.92,0.62,32.72
Buenos Aires,Argentina,-34.6037,-58.3816,2026-06-26 19:00:00+00:00,1.0,7.99,14.01,13.31,53.18
London,England,51.5074,-0.1278,2026-06-26 19:00:00+00:00,2.0,8.67,18.23,13.25,89.05
Madrid,Spain,40.4168,-3.7038,2026-06-26 19:00:00+00:00,2.0,0.87,2.1,0.33,71.23
Paris,France,48.8566,2.3522,2026-06-26 19:00:00+00:00,2.0,2.57,3.59,3.04,68.34
Antananarivo,Madagascar,-18.8792,47.5079,2026-06-26 20:00:00+00:00,1.0,1.32,2.66,0.59,32.55
Buenos Aires,Argentina,-34.6037,-58.3816,2026-06-26 20:00:00+00:00,1.0,7.77,13.7,15.38,49.64
London,England,51.5074,-0.1278,2026-06-26 20:00:00+00:00,2.0,8.26,16.91,16.68,81.62
Madrid,Spain,40.4168,-3.7038,2026-06-26 20:00:00+00:00,2.0,0.89,2.21,0.47,67.26
Paris,France,48.8566,2.3522,2026-06-26 20:00:00+00:00,2.0,2.64,3.65,3.19,65.12
Antananarivo,Madagascar,-18.8792,47.5079,2026-06-26 21:00:00+00:00,1.0,1.08,2.16,0.53,32.6
Buenos Aires,Argentina,-34.6037,-58.3816,2026-06-26 21:00:00+00:00,1.0,7.76,13.77,18.86,44.29
London,England,51.5074,-0.1278,2026-06-26 21:00:00+00:00,2.0,7.72,15.41,18.15,74.66
Madrid,Spain,40.4168,-3.7038,2026-06-26 21:00:00+00:00,2.0,0.9,2.31,0.56,63.69
Paris,France,48.8566,2.3522,2026-06-26 21:00:00+00:00,2.0,2.9,3.89,3.39,63.35
Antananarivo,Madagascar,-18.8792,47.5079,2026-06-26 22:00:00+00:00,1.0,0.81,1.57,0.44,33.1
Buenos Aires,Argentina,-34.6037,-58.3816,2026-06-26 22:00:00+00:00,1.0,7.94,14.06,20.53,39.83
London,England,51.5074,-0.1278,2026-06-26 22:00:00+00:00,2.0,7.17,13.57,19.59,68.78
Madrid,Spain,40.4168,-3.7038,2026-06-26 22:00:00+00:00,1.0,0.91,2.3,0.69,57.54
Paris,France,48.8566,2.3522,2026-06-26 22:00:00+00:00,2.0,3.41,4.34,3.45,61.0
Antananarivo,Madagascar,-18.8792,47.5079,2026-06-26 23:00:00+00:00,1.0,0.6,1.11,0.34,34.0
Buenos Aires,Argentina,-34.6037,-58.3816,2026-06-26 23:00:00+00:00,1.0,8.36,14.7,22.18,35.93
London,England,51.5074,-0.1278,2026-06-26 23:00:00+00:00,2.0,6.72,12.03,21.18,63.13
Madrid,Spain,40.4168,-3.7038,2026-06-26 23:00:00+00:00,1.0,0.93,2.33,0.81,51.52
Paris,France,48.8566,2.3522,2026-06-26 23:00:00+00:00,1.0,4.16,5.04,3.08,59.41
Antananarivo,Madagascar,-18.8792,47.5079,2026-06-27 00:00:00+00:00,1.0,0.5,0.81,0.26,35.62
Buenos Aires,Argentina,-34.6037,-58.3816,2026-06-27 00:00:00+00:00,1.0,8.84,15.45,23.61,32.64
London,England,51.5074,-0.1278,2026-06-27 00:00:00+00:00,1.0,6.46,11.1,22.75,57.51
Madrid,Spain,40.4168,-3.7038,2026-06-27 00:00:00+00:00,1.0,0.95,2.39,0.88,46.59
Paris,France,48.8566,2.3522,2026-06-27 00:00:00+00:00,1.0,4.91,5.71,2.56,57.97
Antananarivo,Madagascar,-18.8792,47.5079,2026-06-27 01:00:00+00:00,1.0,0.5,0.62,0.19,38.77
Buenos Aires,Argentina,-34.6037,-58.3816,2026-06-27 01:00:00+00:00,1.0,9.29,15.95,24.15,29.19
London,England,51.5074,-0.1278,2026-06-27 01:00:00+00:00,1.0,6.33,10.55,24.35,51.95
Madrid,Spain,40.4168,-3.7038,2026-06-27 01:00:00+00:00,1.0,0.95,2.47,0.92,42.51
Paris,France,48.8566,2.3522,2026-06-27 01:00:00+00:00,1.0,5.33,6.05,2.16,55.41
Antananarivo,Madagascar,-18.8792,47.5079,2026-06-27 02:00:00+00:00,1.0,0.5,0.62,0.17,40.39
Buenos Aires,Argentina,-34.6037,-58.3816,2026-06-27 02:00:00+00:00,1.0,9.79,16.5,23.97,26.39
London,England,51.5074,-0.1278,2026-06-27 02:00:00+00:00,1.0,6.25,10.04,25.93,46.68
Madrid,Spain,40.4168,-3.7038,2026-06-27 02:00:00+00:00,1.0,0.96,2.56,0.97,39.4
Paris,France,48.8566,2.3522,2026-06-27 02:00:00+00:00,1.0,5.52,6.2,1.98,54.05
Antananarivo,Madagascar,-18.8792,47.5079,2026-06-27 03:00:00+00:00,1.0,0.5,0.69,0.16,41.99
Buenos Aires,Argentina,-34.6037,-58.3816,2026-06-27 03:00:00+00:00,2.0,10.24,17.11,22.39,24.77
London,England,51.5074,-0.1278,2026-06-27 03:00:00+00:00,1.0,5.98,9.09,26.89,42.77
Madrid,Spain,40.4168,-3.7038,2026-06-27 03:00:00+00:00,1.0,0.97,2.64,1.03,36.7
Paris,France,48.8566,2.3522,2026-06-27 03:00:00+00:00,1.0,5.55,6.24,1.97,55.16
Antananarivo,Madagascar,-18.8792,47.5079,2026-06-27 04:00:00+00:00,1.0,0.5,0.93,0.2,43.47
Buenos Aires,Argentina,-34.6037,-58.3816,2026-06-27 04:00:00+00:00,2.0,10.58,17.68,19.37,24.43
London,England,51.5074,-0.1278,2026-06-27 04:00:00+00:00,1.0,5.76,8.33,27.84,39.06
Madrid,Spain,40.4168,-3.7038,2026-06-27 04:00:00+00:00,1.0,0.97,2.72,1.11,34.06
Paris,France,48.8566,2.3522,2026-06-27 04:00:00+00:00,1.0,5.51,6.29,2.12,55.43
Antananarivo,Madagascar,-18.8792,47.5079,2026-06-27 05:00:00+00:00,1.0,0.52,1.18,0.22,44.92
Buenos Aires,Argentina,-34.6037,-58.3816,2026-06-27 05:00:00+00:00,2.0,10.98,18.44,15.72,25.48
London,England,51.5074,-0.1278,2026-06-27 05:00:00+00:00,1.0,5.86,8.18,29.45,34.63
Madrid,Spain,40.4168,-3.7038,2026-06-27 05:00:00+00:00,1.0,1.0,2.85,1.31,31.44
Paris,France,48.8566,2.3522,2026-06-27 05:00:00+00:00,1.0,5.55,6.48,2.68,52.0
Antananarivo,Madagascar,-18.8792,47.5079,2026-06-27 06:00:00+00:00,1.0,0.54,1.34,0.19,46.22
Buenos Aires,Argentina,-34.6037,-58.3816,2026-06-27 06:00:00+00:00,2.0,11.42,19.33,12.16,27.3
London,England,51.5074,-0.1278,2026-06-27 06:00:00+00:00,1.0,6.14,8.35,29.73,32.28
Madrid,Spain,40.4168,-3.7038,2026-06-27 06:00:00+00:00,1.0,1.04,3.03,1.58,29.16
Paris,France,48.8566,2.3522,2026-06-27 06:00:00+00:00,1.0,5.61,6.71,3.2,48.5
Antananarivo,Madagascar,-18.8792,47.5079,2026-06-27 07:00:00+00:00,1.0,0.54,1.38,0.13,48.63
Buenos Aires,Argentina,-34.6037,-58.3816,2026-06-27 07:00:00+00:00,2.0,11.84,19.97,8.89,28.51
London,England,51.5074,-0.1278,2026-06-27 07:00:00+00:00,1.0,6.45,8.62,28.07,31.6
Madrid,Spain,40.4168,-3.7038,2026-06-27 07:00:00+00:00,1.0,1.09,3.24,1.36,29.01
Paris,France,48.8566,2.3522,2026-06-27 07:00:00+00:00,1.0,5.62,6.85,3.08,47.24
Antananarivo,Madagascar,-18.8792,47.5079,2026-06-27 08:00:00+00:00,1.0,0.6,1.44,0.1,49.21
Buenos Aires,Argentina,-34.6037,-58.3816,2026-06-27 08:00:00+00:00,2.0,12.23,20.21,6.55,28.1
London,England,51.5074,-0.1278,2026-06-27 08:00:00+00:00,1.0,6.78,8.89,27.08,31.31
Madrid,Spain,40.4168,-3.7038,2026-06-27 08:00:00+00:00,1.0,1.15,3.44,1.09,31.83
Paris,France,48.8566,2.3522,2026-06-27 08:00:00+00:00,1.0,5.79,7.12,2.66,50.25
Antananarivo,Madagascar,-18.8792,47.5079,2026-06-27 09:00:00+00:00,1.0,0.65,1.47,0.07,48.74
Buenos Aires,Argentina,-34.6037,-58.3816,2026-06-27 09:00:00+00:00,2.0,12.64,20.37,5.06,27.04
London,England,51.5074,-0.1278,2026-06-27 09:00:00+00:00,1.0,7.09,9.1,25.31,32.71
Madrid,Spain,40.4168,-3.7038,2026-06-27 09:00:00+00:00,1.0,1.27,3.74,0.85,39.29
Paris,France,48.8566,2.3522,2026-06-27 09:00:00+00:00,1.0,6.59,8.0,2.06,59.61
Antananarivo,Madagascar,-18.8792,47.5079,2026-06-27 10:00:00+00:00,1.0,0.52,1.1,0.05,50.52
Buenos Aires,Argentina,-34.6037,-58.3816,2026-06-27 10:00:00+00:00,2.0,13.04,20.38,4.46,25.04
London,England,51.5074,-0.1278,2026-06-27 10:00:00+00:00,1.0,7.39,9.33,20.76,37.78
Madrid,Spain,40.4168,-3.7038,2026-06-27 10:00:00+00:00,2.0,1.31,4.05,0.28,63.16
Paris,France,48.8566,2.3522,2026-06-27 10:00:00+00:00,2.0,7.31,8.68,1.3,78.72
Antananarivo,Madagascar,-18.8792,47.5079,2026-06-27 11:00:00+00:00,1.0,0.51,0.98,0.05,50.85
Buenos Aires,Argentina,-34.6037,-58.3816,2026-06-27 11:00:00+00:00,2.0,13.46,19.86,4.69,21.87
London,England,51.5074,-0.1278,2026-06-27 11:00:00+00:00,1.0,7.89,9.78,20.0,38.7
Madrid,Spain,40.4168,-3.7038,2026-06-27 11:00:00+00:00,2.0,1.34,3.88,0.19,68.39
Paris,France,48.8566,2.3522,2026-06-27 11:00:00+00:00,2.0,7.78,9.12,1.04,86.33
Antananarivo,Madagascar,-18.8792,47.5079,2026-06-27 12:00:00+00:00,1.0,0.52,1.03,0.06,50.19
Buenos Aires,Argentina,-34.6037,-58.3816,2026-06-27 12:00:00+00:00,2.0,13.87,19.34,5.14,18.55
London,England,51.5074,-0.1278,2026-06-27 12:00:00+00:00,1.0,8.58,10.44,20.07,38.91
Madrid,Spain,40.4168,-3.7038,2026-06-27 12:00:00+00:00,2.0,1.35,3.75,0.17,70.16
Paris,France,48.8566,2.3522,2026-06-27 12:00:00+00:00,2.0,7.8,9.08,1.02,88.94
Antananarivo,Madagascar,-18.8792,47.5079,2026-06-27 13:00:00+00:00,1.0,0.57,1.18,0.09,49.2
Buenos Aires,Argentina,-34.6037,-58.3816,2026-06-27 13:00:00+00:00,2.0,14.02,19.48,4.34,16.81
London,England,51.5074,-0.1278,2026-06-27 13:00:00+00:00,1.0,9.58,11.38,22.27,37.57
Madrid,Spain,40.4168,-3.7038,2026-06-27 13:00:00+00:00,2.0,1.29,3.4,0.16,74.23
Paris,France,48.8566,2.3522,2026-06-27 13:00:00+00:00,2.0,6.1,7.2,0.75,91.47
Antananarivo,Madagascar,-18.8792,47.5079,2026-06-27 14:00:00+00:00,1.0,0.67,1.4,0.15,47.58
Buenos Aires,Argentina,-34.6037,-58.3816,2026-06-27 14:00:00+00:00,2.0,14.06,20.76,3.32,16.29
London,England,51.5074,-0.1278,2026-06-27 14:00:00+00:00,2.0,10.76,12.5,25.03,35.53
Madrid,Spain,40.4168,-3.7038,2026-06-27 14:00:00+00:00,2.0,1.2,3.04,0.17,77.86
Paris,France,48.8566,2.3522,2026-06-27 14:00:00+00:00,2.0,4.95,6.05,0.58,92.35
Antananarivo,Madagascar,-18.8792,47.5079,2026-06-27 15:00:00+00:00,1.0,0.77,1.6,0.22,45.93
Buenos Aires,Argentina,-34.6037,-58.3816,2026-06-27 15:00:00+00:00,2.0,14.31,22.68,2.98,17.18
London,England,51.5074,-0.1278,2026-06-27 15:00:00+00:00,2.0,11.98,13.64,28.13,33.45
Madrid,Spain,40.4168,-3.7038,2026-06-27 15:00:00+00:00,2.0,1.19,2.94,0.18,79.61
Paris,France,48.8566,2.3522,2026-06-27 15:00:00+00:00,2.0,4.41,5.48,0.52,92.78
Antananarivo,Madagascar,-18.8792,47.5079,2026-06-27 16:00:00+00:00,1.0,1.0,2.03,0.32,42.47
Buenos Aires,Argentina,-34.6037,-58.3816,2026-06-27 16:00:00+00:00,2.0,16.03,30.52,2.56,38.03
London,England,51.5074,-0.1278,2026-06-27 16:00:00+00:00,2.0,13.41,14.93,31.85,31.71
Madrid,Spain,40.4168,-3.7038,2026-06-27 16:00:00+00:00,2.0,1.21,2.91,0.19,81.21
Paris,France,48.8566,2.3522,2026-06-27 16:00:00+00:00,2.0,4.14,5.18,0.56,91.13
Antananarivo,Madagascar,-18.8792,47.5079,2026-06-27 17:00:00+00:00,1.0,1.31,2.63,0.44,39.55
Buenos Aires,Argentina,-34.6037,-58.3816,2026-06-27 17:00:00+00:00,2.0,16.76,32.17,2.41,45.24
London,England,51.5074,-0.1278,2026-06-27 17:00:00+00:00,2.0,14.83,16.19,35.86,30.36
Madrid,Spain,40.4168,-3.7038,2026-06-27 17:00:00+00:00,2.0,1.21,2.89,0.2,81.28
Paris,France,48.8566,2.3522,2026-06-27 17:00:00+00:00,2.0,4.12,5.17,0.73,88.37
Antananarivo,Madagascar,-18.8792,47.5079,2026-06-27 18:00:00+00:00,1.0,1.57,3.09,0.52,37.69
Buenos Aires,Argentina,-34.6037,-58.3816,2026-06-27 18:00:00+00:00,2.0,17.11,32.51,2.82,47.33
London,England,51.5074,-0.1278,2026-06-27 18:00:00+00:00,2.0,15.84,17.06,40.56,28.06
Madrid,Spain,40.4168,-3.7038,2026-06-27 18:00:00+00:00,2.0,1.24,2.93,0.22,80.94
Paris,France,48.8566,2.3522,2026-06-27 18:00:00+00:00,2.0,4.12,5.16,0.86,86.28
Antananarivo,Madagascar,-18.8792,47.5079,2026-06-27 19:00:00+00:00,1.0,1.73,3.38,0.56,36.09
Buenos Aires,Argentina,-34.6037,-58.3816,2026-06-27 19:00:00+00:00,2.0,17.77,32.74,3.64,44.72
London,England,51.5074,-0.1278,2026-06-27 19:00:00+00:00,2.0,16.44,17.63,47.57,22.7
Madrid,Spain,40.4168,-3.7038,2026-06-27 19:00:00+00:00,2.0,1.27,3.0,0.32,77.74
Paris,France,48.8566,2.3522,2026-06-27 19:00:00+00:00,2.0,4.1,5.13,1.17,80.12
Antananarivo,Madagascar,-18.8792,47.5079,2026-06-27 20:00:00+00:00,1.0,1.74,3.36,0.55,35.49
Buenos Aires,Argentina,-34.6037,-58.3816,2026-06-27 20:00:00+00:00,2.0,18.34,32.51,5.37,39.79
London,England,51.5074,-0.1278,2026-06-27 20:00:00+00:00,2.0,17.22,18.52,60.04,12.61
Madrid,Spain,40.4168,-3.7038,2026-06-27 20:00:00+00:00,2.0,1.29,3.06,0.47,72.48
Paris,France,48.8566,2.3522,2026-06-27 20:00:00+00:00,2.0,3.99,4.99,1.6,70.57
Antananarivo,Madagascar,-18.8792,47.5079,2026-06-27 21:00:00+00:00,1.0,1.53,2.93,0.48,35.65
Buenos Aires,Argentina,-34.6037,-58.3816,2026-06-27 21:00:00+00:00,2.0,18.7,32.33,8.32,35.45
London,England,51.5074,-0.1278,2026-06-27 21:00:00+00:00,2.0,17.94,19.49,69.11,7.49
Madrid,Spain,40.4168,-3.7038,2026-06-27 21:00:00+00:00,2.0,1.31,3.1,0.57,67.92
Paris,France,48.8566,2.3522,2026-06-27 21:00:00+00:00,2.0,3.72,4.66,1.87,63.1
Antananarivo,Madagascar,-18.8792,47.5079,2026-06-27 22:00:00+00:00,1.0,1.37,2.63,0.44,35.49
Buenos Aires,Argentina,-34.6037,-58.3816,2026-06-27 22:00:00+00:00,2.0,19.3,32.5,10.98,31.88
London,England,51.5074,-0.1278,2026-06-27 22:00:00+00:00,2.0,16.9,18.65,63.38,14.53
Madrid,Spain,40.4168,-3.7038,2026-06-27 22:00:00+00:00,2.0,1.3,3.05,0.71,61.21
Paris,France,48.8566,2.3522,2026-06-27 22:00:00+00:00,1.0,3.37,4.24,2.02,55.64
Antananarivo,Madagascar,-18.8792,47.5079,2026-06-27 23:00:00+00:00,1.0,1.36,2.61,0.45,34.68
Buenos Aires,Argentina,-34.6037,-58.3816,2026-06-27 23:00:00+00:00,2.0,20.04,32.98,12.99,28.06
London,England,51.5074,-0.1278,2026-06-27 23:00:00+00:00,2.0,15.17,17.35,54.18,21.41
Madrid,Spain,40.4168,-3.7038,2026-06-27 23:00:00+00:00,1.0,1.31,3.06,0.83,54.83
Paris,France,48.8566,2.3522,2026-06-27 23:00:00+00:00,1.0,3.14,3.95,1.96,50.68
Antananarivo,Madagascar,-18.8792,47.5079,2026-06-28 00:00:00+00:00,1.0,1.34,2.59,0.45,34.25
Buenos Aires,Argentina,-34.6037,-58.3816,2026-06-28 00:00:00+00:00,2.0,20.68,33.31,14.53,23.58
London,England,51.5074,-0.1278,2026-06-28 00:00:00+00:00,2.0,13.06,15.97,43.05,30.34
Madrid,Spain,40.4168,-3.7038,2026-06-28 00:00:00+00:00,1.0,1.32,3.1,0.89,50.13
Paris,France,48.8566,2.3522,2026-06-28 00:00:00+00:00,1.0,2.94,3.7,1.76,49.17
Antananarivo,Madagascar,-18.8792,47.5079,2026-06-28 01:00:00+00:00,1.0,1.34,2.58,0.45,33.71
Buenos Aires,Argentina,-34.6037,-58.3816,2026-06-28 01:00:00+00:00,2.0,20.57,32.48,15.31,18.09
London,England,51.5074,-0.1278,2026-06-28 01:00:00+00:00,2.0,10.69,14.83,31.2,42.52
Madrid,Spain,40.4168,-3.7038,2026-06-28 01:00:00+00:00,1.0,1.3,3.12,0.91,46.46
Paris,France,48.8566,2.3522,2026-06-28 01:00:00+00:00,1.0,2.76,3.48,1.55,48.74
Antananarivo,Madagascar,-18.8792,47.5079,2026-06-28 02:00:00+00:00,1.0,1.38,2.63,0.47,33.51
Buenos Aires,Argentina,-34.6037,-58.3816,2026-06-28 02:00:00+00:00,2.0,20.4,31.36,15.0,14.7
London,England,51.5074,-0.1278,2026-06-28 02:00:00+00:00,1.0,8.85,14.75,22.42,52.54
Madrid,Spain,40.4168,-3.7038,2026-06-28 02:00:00+00:00,1.0,1.29,3.16,0.94,44.0
Paris,France,48.8566,2.3522,2026-06-28 02:00:00+00:00,1.0,2.71,3.44,1.47,44.66
Antananarivo,Madagascar,-18.8792,47.5079,2026-06-28 03:00:00+00:00,1.0,1.48,2.78,0.5,33.66
Buenos Aires,Argentina,-34.6037,-58.3816,2026-06-28 03:00:00+00:00,2.0,20.32,30.41,13.3,13.06
London,England,51.5074,-0.1278,2026-06-28 03:00:00+00:00,1.0,7.79,15.08,17.05,58.59
Madrid,Spain,40.4168,-3.7038,2026-06-28 03:00:00+00:00,1.0,1.29,3.19,0.98,41.7
Paris,France,48.8566,2.3522,2026-06-28 03:00:00+00:00,1.0,2.75,3.53,1.44,40.66
Antananarivo,Madagascar,-18.8792,47.5079,2026-06-28 04:00:00+00:00,1.0,1.8,3.48,0.6,33.83
Buenos Aires,Argentina,-34.6037,-58.3816,2026-06-28 04:00:00+00:00,2.0,19.98,29.8,10.97,13.63
London,England,51.5074,-0.1278,2026-06-28 04:00:00+00:00,2.0,7.16,14.84,13.39,61.7
Madrid,Spain,40.4168,-3.7038,2026-06-28 04:00:00+00:00,1.0,1.27,3.18,1.05,39.32
Paris,France,48.8566,2.3522,2026-06-28 04:00:00+00:00,1.0,2.83,3.67,1.47,37.69
Antananarivo,Madagascar,-18.8792,47.5079,2026-06-28 05:00:00+00:00,1.0,2.16,4.34,0.63,34.16
Buenos Aires,Argentina,-34.6037,-58.3816,2026-06-28 05:00:00+00:00,2.0,19.51,28.68,8.85,14.05
London,England,51.5074,-0.1278,2026-06-28 05:00:00+00:00,2.0,6.72,14.08,11.68,61.92
Madrid,Spain,40.4168,-3.7038,2026-06-28 05:00:00+00:00,1.0,1.26,3.22,1.23,37.39
Paris,France,48.8566,2.3522,2026-06-28 05:00:00+00:00,1.0,3.04,3.92,1.87,37.56
Antananarivo,Madagascar,-18.8792,47.5079,2026-06-28 06:00:00+00:00,1.0,2.36,4.81,0.49,36.08
Buenos Aires,Argentina,-34.6037,-58.3816,2026-06-28 06:00:00+00:00,2.0,18.81,27.37,7.05,14.19
London,England,51.5074,-0.1278,2026-06-28 06:00:00+00:00,2.0,6.13,13.01,10.35,61.75
Madrid,Spain,40.4168,-3.7038,2026-06-28 06:00:00+00:00,1.0,1.26,3.28,1.51,35.73
Paris,France,48.8566,2.3522,2026-06-28 06:00:00+00:00,1.0,3.27,4.15,2.45,39.49
Antananarivo,Madagascar,-18.8792,47.5079,2026-06-28 07:00:00+00:00,1.0,1.39,3.16,0.18,47.36
Buenos Aires,Argentina,-34.6037,-58.3816,2026-06-28 07:00:00+00:00,2.0,18.09,26.49,5.35,15.2
London,England,51.5074,-0.1278,2026-06-28 07:00:00+00:00,2.0,5.38,11.85,8.39,62.13
Madrid,Spain,40.4168,-3.7038,2026-06-28 07:00:00+00:00,1.0,1.24,3.31,1.46,34.75
Paris,France,48.8566,2.3522,2026-06-28 07:00:00+00:00,1.0,3.33,4.07,2.25,45.61
Antananarivo,Madagascar,-18.8792,47.5079,2026-06-28 08:00:00+00:00,1.0,1.31,2.94,0.11,49.24
Buenos Aires,Argentina,-34.6037,-58.3816,2026-06-28 08:00:00+00:00,2.0,17.12,24.93,4.01,15.95
London,England,51.5074,-0.1278,2026-06-28 08:00:00+00:00,2.0,4.75,10.87,6.79,63.35
Madrid,Spain,40.4168,-3.7038,2026-06-28 08:00:00+00:00,1.0,1.25,3.31,1.19,36.21
Paris,France,48.8566,2.3522,2026-06-28 08:00:00+00:00,1.0,3.27,3.85,1.8,48.26
Antananarivo,Madagascar,-18.8792,47.5079,2026-06-28 09:00:00+00:00,1.0,1.27,2.72,0.08,49.46
Buenos Aires,Argentina,-34.6037,-58.3816,2026-06-28 09:00:00+00:00,2.0,15.99,23.76,2.98,17.76
London,England,51.5074,-0.1278,2026-06-28 09:00:00+00:00,2.0,4.23,9.77,5.54,66.15
Madrid,Spain,40.4168,-3.7038,2026-06-28 09:00:00+00:00,1.0,1.29,3.37,0.93,42.86
Paris,France,48.8566,2.3522,2026-06-28 09:00:00+00:00,1.0,3.29,3.8,1.3,52.77
Antananarivo,Madagascar,-18.8792,47.5079,2026-06-28 10:00:00+00:00,1.0,0.92,1.93,0.06,54.43
Buenos Aires,Argentina,-34.6037,-58.3816,2026-06-28 10:00:00+00:00,2.0,14.2,22.66,2.09,23.09
London,England,51.5074,-0.1278,2026-06-28 10:00:00+00:00,2.0,3.87,8.82,4.48,70.9
Madrid,Spain,40.4168,-3.7038,2026-06-28 10:00:00+00:00,2.0,1.67,4.57,0.26,69.86
Paris,France,48.8566,2.3522,2026-06-28 10:00:00+00:00,2.0,3.24,3.72,0.78,61.65
Antananarivo,Madagascar,-18.8792,47.5079,2026-06-28 11:00:00+00:00,1.0,0.78,1.57,0.06,56.19
Buenos Aires,Argentina,-34.6037,-58.3816,2026-06-28 11:00:00+00:00,2.0,12.32,20.43,1.77,24.94
London,England,51.5074,-0.1278,2026-06-28 11:00:00+00:00,2.0,3.87,8.67,3.94,76.6
Madrid,Spain,40.4168,-3.7038,2026-06-28 11:00:00+00:00,2.0,2.44,6.48,0.17,75.2
Paris,France,48.8566,2.3522,2026-06-28 11:00:00+00:00,2.0,3.2,3.72,0.56,67.4
Antananarivo,Madagascar,-18.8792,47.5079,2026-06-28 12:00:00+00:00,1.0,0.72,1.45,0.08,56.13
Buenos Aires,Argentina,-34.6037,-58.3816,2026-06-28 12:00:00+00:00,2.0,10.33,17.6,1.61,26.21
London,England,51.5074,-0.1278,2026-06-28 12:00:00+00:00,2.0,4.15,9.28,3.61,82.38
Madrid,Spain,40.4168,-3.7038,2026-06-28 12:00:00+00:00,2.0,2.65,6.89,0.15,76.65
Paris,France,48.8566,2.3522,2026-06-28 12:00:00+00:00,2.0,3.2,3.8,0.48,71.16
Antananarivo,Madagascar,-18.8792,47.5079,2026-06-28 13:00:00+00:00,1.0,0.74,1.54,0.12,55.31
Buenos Aires,Argentina,-34.6037,-58.3816,2026-06-28 13:00:00+00:00,1.0,8.1,14.35,1.33,28.71
London,England,51.5074,-0.1278,2026-06-28 13:00:00+00:00,2.0,4.4,10.05,3.47,87.13
Madrid,Spain,40.4168,-3.7038,2026-06-28 13:00:00+00:00,2.0,2.6,6.62,0.15,77.73
Paris,France,48.8566,2.3522,2026-06-28 13:00:00+00:00,2.0,2.43,3.01,0.38,75.38
Antananarivo,Madagascar,-18.8792,47.5079,2026-06-28 14:00:00+00:00,1.0,0.84,1.8,0.19,53.24
Buenos Aires,Argentina,-34.6037,-58.3816,2026-06-28 14:00:00+00:00,1.0,6.29,11.69,0.98,31.33
London,England,51.5074,-0.1278,2026-06-28 14:00:00+00:00,2.0,4.43,10.49,3.52,89.37
Madrid,Spain,40.4168,-3.7038,2026-06-28 14:00:00+00:00,2.0,2.45,6.12,0.17,77.7
Paris,France,48.8566,2.3522,2026-06-28 14:00:00+00:00,2.0,1.89,2.44,0.37,75.75
Antananarivo,Madagascar,-18.8792,47.5079,2026-06-28 15:00:00+00:00,1.0,0.97,2.1,0.29,50.97
Buenos Aires,Argentina,-34.6037,-58.3816,2026-06-28 15:00:00+00:00,1.0,5.01,9.6,0.73,33.86
London,England,51.5074,-0.1278,2026-06-28 15:00:00+00:00,2.0,4.18,10.32,3.73,88.85
Madrid,Spain,40.4168,-3.7038,2026-06-28 15:00:00+00:00,2.0,2.28,5.6,0.18,77.65
Paris,France,48.8566,2.3522,2026-06-28 15:00:00+00:00,2.0,1.83,2.45,0.45,75.46
Antananarivo,Madagascar,-18.8792,47.5079,2026-06-28 16:00:00+00:00,1.0,1.23,2.62,0.39,46.74
Buenos Aires,Argentina,-34.6037,-58.3816,2026-06-28 16:00:00+00:00,1.0,3.97,7.9,0.51,38.94
London,England,51.5074,-0.1278,2026-06-28 16:00:00+00:00,2.0,3.66,9.28,4.4,85.02
Madrid,Spain,40.4168,-3.7038,2026-06-28 16:00:00+00:00,2.0,2.13,5.08,0.2,78.16
Paris,France,48.8566,2.3522,2026-06-28 16:00:00+00:00,2.0,1.9,2.66,0.65,74.99
Antananarivo,Madagascar,-18.8792,47.5079,2026-06-28 17:00:00+00:00,1.0,1.64,3.42,0.52,43.04
Buenos Aires,Argentina,-34.6037,-58.3816,2026-06-28 17:00:00+00:00,1.0,3.21,6.64,0.39,42.93
London,England,51.5074,-0.1278,2026-06-28 17:00:00+00:00,2.0,3.15,8.12,5.21,81.18
Madrid,Spain,40.4168,-3.7038,2026-06-28 17:00:00+00:00,2.0,1.94,4.49,0.23,77.15
Paris,France,48.8566,2.3522,2026-06-28 17:00:00+00:00,2.0,1.98,2.81,0.9,72.7
Antananarivo,Madagascar,-18.8792,47.5079,2026-06-28 18:00:00+00:00,1.0,2.04,4.14,0.62,40.2
Buenos Aires,Argentina,-34.6037,-58.3816,2026-06-28 18:00:00+00:00,1.0,2.71,5.88,0.33,45.7
London,England,51.5074,-0.1278,2026-06-28 18:00:00+00:00,2.0,2.72,7.21,5.95,79.0
Madrid,Spain,40.4168,-3.7038,2026-06-28 18:00:00+00:00,2.0,1.72,3.88,0.26,76.51
Paris,France,48.8566,2.3522,2026-06-28 18:00:00+00:00,2.0,1.98,2.8,1.1,70.1
Antananarivo,Madagascar,-18.8792,47.5079,2026-06-28 19:00:00+00:00,1.0,2.33,4.6,0.69,37.6
Buenos Aires,Argentina,-34.6037,-58.3816,2026-06-28 19:00:00+00:00,1.0,2.55,5.51,0.47,43.32
London,England,51.5074,-0.1278,2026-06-28 19:00:00+00:00,2.0,2.39,6.44,6.42,77.62
Madrid,Spain,40.4168,-3.7038,2026-06-28 19:00:00+00:00,2.0,1.5,3.33,0.34,75.24
Paris,France,48.8566,2.3522,2026-06-28 19:00:00+00:00,2.0,1.92,2.65,1.48,62.31
Antananarivo,Madagascar,-18.8792,47.5079,2026-06-28 20:00:00+00:00,1.0,2.44,4.73,0.71,36.39
Buenos Aires,Argentina,-34.6037,-58.3816,2026-06-28 20:00:00+00:00,1.0,2.61,5.44,0.93,37.38
London,England,51.5074,-0.1278,2026-06-28 20:00:00+00:00,2.0,2.17,5.94,6.89,76.25
Madrid,Spain,40.4168,-3.7038,2026-06-28 20:00:00+00:00,2.0,1.3,2.89,0.46,72.57
Paris,France,48.8566,2.3522,2026-06-28 20:00:00+00:00,1.0,1.89,2.55,1.94,52.91
Antananarivo,Madagascar,-18.8792,47.5079,2026-06-28 21:00:00+00:00,1.0,2.27,4.36,0.66,36.19
Buenos Aires,Argentina,-34.6037,-58.3816,2026-06-28 21:00:00+00:00,1.0,2.66,5.51,1.64,33.33
London,England,51.5074,-0.1278,2026-06-28 21:00:00+00:00,2.0,2.08,5.76,6.95,74.49
Madrid,Spain,40.4168,-3.7038,2026-06-28 21:00:00+00:00,2.0,1.1,2.55,0.54,70.43
Paris,France,48.8566,2.3522,2026-06-28 21:00:00+00:00,1.0,1.86,2.46,2.28,45.92
Antananarivo,Madagascar,-18.8792,47.5079,2026-06-28 22:00:00+00:00,1.0,2.15,4.1,0.64,35.84
Buenos Aires,Argentina,-34.6037,-58.3816,2026-06-28 22:00:00+00:00,1.0,2.71,5.66,2.04,31.18
London,England,51.5074,-0.1278,2026-06-28 22:00:00+00:00,2.0,2.06,5.74,6.85,72.22
Madrid,Spain,40.4168,-3.7038,2026-06-28 22:00:00+00:00,2.0,0.97,2.27,0.64,65.97
Paris,France,48.8566,2.3522,2026-06-28 22:00:00+00:00,1.0,1.81,2.39,2.41,40.14
Antananarivo,Madagascar,-18.8792,47.5079,2026-06-28 23:00:00+00:00,1.0,2.15,4.07,0.64,35.21
Buenos Aires,Argentina,-34.6037,-58.3816,2026-06-28 23:00:00+00:00,1.0,2.75,5.81,2.11,30.32
London,England,51.5074,-0.1278,2026-06-28 23:00:00+00:00,2.0,2.05,5.66,7.05,68.74
Madrid,Spain,40.4168,-3.7038,2026-06-28 23:00:00+00:00,2.0,0.9,2.13,0.78,61.12
Paris,France,48.8566,2.3522,2026-06-28 23:00:00+00:00,1.0,1.82,2.44,2.41,36.04
Antananarivo,Madagascar,-18.8792,47.5079,2026-06-29 00:00:00+00:00,1.0,2.14,4.05,0.63,35.18
Buenos Aires,Argentina,-34.6037,-58.3816,2026-06-29 00:00:00+00:00,1.0,2.77,5.99,2.06,30.82
London,England,51.5074,-0.1278,2026-06-29 00:00:00+00:00,2.0,1.98,5.39,7.16,65.49
Madrid,Spain,40.4168,-3.7038,2026-06-29 00:00:00+00:00,1.0,0.87,2.08,0.94,56.83
Paris,France,48.8566,2.3522,2026-06-29 00:00:00+00:00,1.0,1.87,2.61,2.35,33.06
Antananarivo,Madagascar,-18.8792,47.5079,2026-06-29 01:00:00+00:00,1.0,2.17,4.11,0.64,34.87
Buenos Aires,Argentina,-34.6037,-58.3816,2026-06-29 01:00:00+00:00,1.0,2.74,6.17,1.89,32.29
London,England,51.5074,-0.1278,2026-06-29 01:00:00+00:00,2.0,1.76,4.85,5.26,67.29
Madrid,Spain,40.4168,-3.7038,2026-06-29 01:00:00+00:00,1.0,0.86,2.07,1.08,52.54
Paris,France,48.8566,2.3522,2026-06-29 01:00:00+00:00,1.0,1.98,2.89,2.25,31.88
Antananarivo,Madagascar,-18.8792,47.5079,2026-06-29 02:00:00+00:00,1.0,2.29,4.25,0.68,33.84
Buenos Aires,Argentina,-34.6037,-58.3816,2026-06-29 02:00:00+00:00,1.0,2.82,6.53,1.84,32.56
London,England,51.5074,-0.1278,2026-06-29 02:00:00+00:00,2.0,1.7,4.88,4.32,69.31
Madrid,Spain,40.4168,-3.7038,2026-06-29 02:00:00+00:00,1.0,0.89,2.13,1.21,48.8
Paris,France,48.8566,2.3522,2026-06-29 02:00:00+00:00,1.0,2.15,3.24,2.18,32.41
Antananarivo,Madagascar,-18.8792,47.5079,2026-06-29 03:00:00+00:00,1.0,2.45,4.44,0.73,33.29
Buenos Aires,Argentina,-34.6037,-58.3816,2026-06-29 03:00:00+00:00,1.0,2.99,7.13,1.74,33.13
London,England,51.5074,-0.1278,2026-06-29 03:00:00+00:00,2.0,1.68,4.99,3.98,70.62
Madrid,Spain,40.4168,-3.7038,2026-06-29 03:00:00+00:00,1.0,0.95,2.28,1.37,45.72
Paris,France,48.8566,2.3522,2026-06-29 03:00:00+00:00,1.0,2.35,3.66,2.21,34.45
Antananarivo,Madagascar,-18.8792,47.5079,2026-06-29 04:00:00+00:00,1.0,2.94,5.42,0.9,33.07
Buenos Aires,Argentina,-34.6037,-58.3816,2026-06-29 04:00:00+00:00,1.0,3.22,7.93,1.57,34.14
London,England,51.5074,-0.1278,2026-06-29 04:00:00+00:00,2.0,1.59,4.85,3.76,70.55
Madrid,Spain,40.4168,-3.7038,2026-06-29 04:00:00+00:00,1.0,1.04,2.47,1.54,43.07
Paris,France,48.8566,2.3522,2026-06-29 04:00:00+00:00,1.0,2.78,4.73,2.31,48.07
Antananarivo,Madagascar,-18.8792,47.5079,2026-06-29 05:00:00+00:00,1.0,3.49,6.6,0.95,33.37
Buenos Aires,Argentina,-34.6037,-58.3816,2026-06-29 05:00:00+00:00,1.0,3.53,8.72,1.46,34.94
London,England,51.5074,-0.1278,2026-06-29 05:00:00+00:00,2.0,1.49,4.54,3.75,69.35
Madrid,Spain,40.4168,-3.7038,2026-06-29 05:00:00+00:00,1.0,1.2,2.78,1.87,41.47
Paris,France,48.8566,2.3522,2026-06-29 05:00:00+00:00,1.0,2.97,5.34,2.6,52.27
Antananarivo,Madagascar,-18.8792,47.5079,2026-06-29 06:00:00+00:00,1.0,3.73,7.08,0.72,36.31
Buenos Aires,Argentina,-34.6037,-58.3816,2026-06-29 06:00:00+00:00,1.0,3.82,9.51,1.34,36.16
London,England,51.5074,-0.1278,2026-06-29 06:00:00+00:00,2.0,1.4,4.2,3.58,68.3
Madrid,Spain,40.4168,-3.7038,2026-06-29 06:00:00+00:00,1.0,1.49,3.29,2.23,42.19
Paris,France,48.8566,2.3522,2026-06-29 06:00:00+00:00,1.0,2.85,5.39,2.89,54.74
Antananarivo,Madagascar,-18.8792,47.5079,2026-06-29 07:00:00+00:00,1.0,1.0,2.14,0.18,52.33
Buenos Aires,Argentina,-34.6037,-58.3816,2026-06-29 07:00:00+00:00,1.0,4.02,10.3,1.23,37.94
London,England,51.5074,-0.1278,2026-06-29 07:00:00+00:00,2.0,1.37,3.98,3.29,67.37
Madrid,Spain,40.4168,-3.7038,2026-06-29 07:00:00+00:00,1.0,2.11,4.31,1.89,50.31
Paris,France,48.8566,2.3522,2026-06-29 07:00:00+00:00,1.0,2.61,5.2,2.84,56.53
Antananarivo,Madagascar,-18.8792,47.5079,2026-06-29 08:00:00+00:00,1.0,0.74,1.56,0.11,53.36
Buenos Aires,Argentina,-34.6037,-58.3816,2026-06-29 08:00:00+00:00,1.0,4.13,10.82,1.2,38.2
London,England,51.5074,-0.1278,2026-06-29 08:00:00+00:00,2.0,1.42,4.01,3.16,67.45
Madrid,Spain,40.4168,-3.7038,2026-06-29 08:00:00+00:00,1.0,2.64,5.06,1.63,54.78
Paris,France,48.8566,2.3522,2026-06-29 08:00:00+00:00,1.0,2.42,5.05,2.62,59.04
Antananarivo,Madagascar,-18.8792,47.5079,2026-06-29 09:00:00+00:00,1.0,0.74,1.46,0.08,51.99
Buenos Aires,Argentina,-34.6037,-58.3816,2026-06-29 09:00:00+00:00,1.0,4.23,11.45,1.21,38.06
London,England,51.5074,-0.1278,2026-06-29 09:00:00+00:00,2.0,1.57,4.28,3.01,69.04
Madrid,Spain,40.4168,-3.7038,2026-06-29 09:00:00+00:00,2.0,3.2,5.81,1.37,61.83
Paris,France,48.8566,2.3522,2026-06-29 09:00:00+00:00,2.0,2.4,5.12,2.31,62.77
Antananarivo,Madagascar,-18.8792,47.5079,2026-06-29 10:00:00+00:00,1.0,0.69,1.29,0.07,52.73
Buenos Aires,Argentina,-34.6037,-58.3816,2026-06-29 10:00:00+00:00,1.0,4.35,12.21,1.31,37.75
London,England,51.5074,-0.1278,2026-06-29 10:00:00+00:00,2.0,1.92,4.96,4.13,68.95
Madrid,Spain,40.4168,-3.7038,2026-06-29 10:00:00+00:00,2.0,3.57,6.8,0.49,81.47
Paris,France,48.8566,2.3522,2026-06-29 10:00:00+00:00,2.0,2.46,5.06,1.72,69.77
Antananarivo,Madagascar,-18.8792,47.5079,2026-06-29 11:00:00+00:00,1.0,0.68,1.22,0.07,52.95
Buenos Aires,Argentina,-34.6037,-58.3816,2026-06-29 11:00:00+00:00,1.0,4.52,13.21,1.47,37.26
London,England,51.5074,-0.1278,2026-06-29 11:00:00+00:00,2.0,2.49,6.1,6.23,67.02
Madrid,Spain,40.4168,-3.7038,2026-06-29 11:00:00+00:00,2.0,3.36,6.44,0.27,84.15
Paris,France,48.8566,2.3522,2026-06-29 11:00:00+00:00,2.0,2.8,5.3,1.17,76.55
Antananarivo,Madagascar,-18.8792,47.5079,2026-06-29 12:00:00+00:00,1.0,0.69,1.23,0.08,52.27
Buenos Aires,Argentina,-34.6037,-58.3816,2026-06-29 12:00:00+00:00,1.0,4.72,14.3,1.53,36.92
London,England,51.5074,-0.1278,2026-06-29 12:00:00+00:00,2.0,3.11,7.49,7.91,65.98
Madrid,Spain,40.4168,-3.7038,2026-06-29 12:00:00+00:00,2.0,3.41,6.51,0.24,84.63
Paris,France,48.8566,2.3522,2026-06-29 12:00:00+00:00,2.0,3.55,6.19,0.85,82.51
Antananarivo,Madagascar,-18.8792,47.5079,2026-06-29 13:00:00+00:00,1.0,0.83,1.56,0.15,50.54
Buenos Aires,Argentina,-34.6037,-58.3816,2026-06-29 13:00:00+00:00,1.0,4.83,15.19,1.25,36.72
London,England,51.5074,-0.1278,2026-06-29 13:00:00+00:00,2.0,3.68,8.87,8.89,66.03
Madrid,Spain,40.4168,-3.7038,2026-06-29 13:00:00+00:00,2.0,3.42,6.53,0.23,86.14
Paris,France,48.8566,2.3522,2026-06-29 13:00:00+00:00,2.0,3.55,5.97,0.68,84.91
Antananarivo,Madagascar,-18.8792,47.5079,2026-06-29 14:00:00+00:00,1.0,1.12,2.18,0.31,47.56
Buenos Aires,Argentina,-34.6037,-58.3816,2026-06-29 14:00:00+00:00,1.0,4.89,16.01,0.94,36.94
London,England,51.5074,-0.1278,2026-06-29 14:00:00+00:00,2.0,4.02,9.65,9.05,67.59
Madrid,Spain,40.4168,-3.7038,2026-06-29 14:00:00+00:00,2.0,3.26,6.22,0.23,86.87
Paris,France,48.8566,2.3522,2026-06-29 14:00:00+00:00,2.0,3.07,5.11,0.59,83.33
Antananarivo,Madagascar,-18.8792,47.5079,2026-06-29 15:00:00+00:00,1.0,1.42,2.8,0.5,44.71
Buenos Aires,Argentina,-34.6037,-58.3816,2026-06-29 15:00:00+00:00,1.0,4.99,17.11,0.76,38.42
London,England,51.5074,-0.1278,2026-06-29 15:00:00+00:00,2.0,3.95,9.53,8.11,72.33
Madrid,Spain,40.4168,-3.7038,2026-06-29 15:00:00+00:00,2.0,3.13,6.0,0.25,87.44
Paris,France,48.8566,2.3522,2026-06-29 15:00:00+00:00,2.0,2.86,4.76,0.61,82.66
Antananarivo,Madagascar,-18.8792,47.5079,2026-06-29 16:00:00+00:00,1.0,1.82,3.56,0.66,41.13
Buenos Aires,Argentina,-34.6037,-58.3816,2026-06-29 16:00:00+00:00,1.0,5.04,18.33,0.6,43.0
London,England,51.5074,-0.1278,2026-06-29 16:00:00+00:00,2.0,3.08,7.85,4.05,81.67
Madrid,Spain,40.4168,-3.7038,2026-06-29 16:00:00+00:00,2.0,3.06,5.85,0.31,88.37
Paris,France,48.8566,2.3522,2026-06-29 16:00:00+00:00,2.0,2.73,4.57,0.63,82.95
Antananarivo,Madagascar,-18.8792,47.5079,2026-06-29 17:00:00+00:00,1.0,2.38,4.55,0.82,38.06
Buenos Aires,Argentina,-34.6037,-58.3816,2026-06-29 17:00:00+00:00,1.0,4.95,17.83,0.5,45.84
London,England,51.5074,-0.1278,2026-06-29 17:00:00+00:00,2.0,2.89,7.42,4.07,83.3
Madrid,Spain,40.4168,-3.7038,2026-06-29 17:00:00+00:00,2.0,3.0,5.71,0.39,88.45
Paris,France,48.8566,2.3522,2026-06-29 17:00:00+00:00,2.0,2.67,4.51,0.64,83.45
Antananarivo,Madagascar,-18.8792,47.5079,2026-06-29 18:00:00+00:00,1.0,2.94,5.49,0.94,35.6
Buenos Aires,Argentina,-34.6037,-58.3816,2026-06-29 18:00:00+00:00,1.0,4.77,16.63,0.45,47.88
London,England,51.5074,-0.1278,2026-06-29 18:00:00+00:00,2.0,2.72,7.07,4.94,82.86
Madrid,Spain,40.4168,-3.7038,2026-06-29 18:00:00+00:00,2.0,2.96,5.6,0.47,88.47
Paris,France,48.8566,2.3522,2026-06-29 18:00:00+00:00,2.0,2.64,4.5,0.67,84.33
Antananarivo,Madagascar,-18.8792,47.5079,2026-06-29 19:00:00+00:00,1.0,3.5,6.3,1.06,32.96
Buenos Aires,Argentina,-34.6037,-58.3816,2026-06-29 19:00:00+00:00,1.0,4.5,14.53,0.58,46.72
London,England,51.5074,-0.1278,2026-06-29 19:00:00+00:00,2.0,2.53,6.67,6.23,81.01
Madrid,Spain,40.4168,-3.7038,2026-06-29 19:00:00+00:00,2.0,2.99,5.59,0.68,86.41
Paris,France,48.8566,2.3522,2026-06-29 19:00:00+00:00,2.0,2.72,4.67,1.06,79.35
Antananarivo,Madagascar,-18.8792,47.5079,2026-06-29 20:00:00+00:00,1.0,3.86,6.78,1.14,31.2
Buenos Aires,Argentina,-34.6037,-58.3816,2026-06-29 20:00:00+00:00,1.0,4.31,12.78,1.09,41.79
London,England,51.5074,-0.1278,2026-06-29 20:00:00+00:00,2.0,2.35,6.18,7.48,77.99
Madrid,Spain,40.4168,-3.7038,2026-06-29 20:00:00+00:00,2.0,3.05,5.61,1.01,82.19
Paris,France,48.8566,2.3522,2026-06-29 20:00:00+00:00,2.0,2.89,4.97,1.68,71.41
Antananarivo,Madagascar,-18.8792,47.5079,2026-06-29 21:00:00+00:00,1.0,3.69,6.43,1.08,30.57
Buenos Aires,Argentina,-34.6037,-58.3816,2026-06-29 21:00:00+00:00,1.0,4.18,11.76,1.88,37.67
London,England,51.5074,-0.1278,2026-06-29 21:00:00+00:00,2.0,2.2,5.7,8.01,74.97
Madrid,Spain,40.4168,-3.7038,2026-06-29 21:00:00+00:00,2.0,3.11,5.58,1.24,77.91
Paris,France,48.8566,2.3522,2026-06-29 21:00:00+00:00,2.0,3.05,5.29,2.14,65.54
Antananarivo,Madagascar,-18.8792,47.5079,2026-06-29 22:00:00+00:00,1.0,3.38,5.66,0.99,30.5
Buenos Aires,Argentina,-34.6037,-58.3816,2026-06-29 22:00:00+00:00,1.0,4.07,10.99,2.36,34.45
London,England,51.5074,-0.1278,2026-06-29 22:00:00+00:00,2.0,2.1,5.3,8.41,72.51
Madrid,Spain,40.4168,-3.7038,2026-06-29 22:00:00+00:00,2.0,3.14,5.43,1.49,70.43
Paris,France,48.8566,2.3522,2026-06-29 22:00:00+00:00,2.0,3.17,5.56,2.41,60.84
Antananarivo,Madagascar,-18.8792,47.5079,2026-06-29 23:00:00+00:00,1.0,3.24,5.47,0.95,29.68
Buenos Aires,Argentina,-34.6037,-58.3816,2026-06-29 23:00:00+00:00,1.0,4.03,10.44,2.64,31.4
London,England,51.5074,-0.1278,2026-06-29 23:00:00+00:00,2.0,2.02,5.0,8.59,70.6
Madrid,Spain,40.4168,-3.7038,2026-06-29 23:00:00+00:00,2.0,3.22,5.41,1.77,62.98
Paris,France,48.8566,2.3522,2026-06-29 23:00:00+00:00,1.0,3.37,5.96,2.45,58.62
Antananarivo,Madagascar,-18.8792,47.5079,2026-06-30 00:00:00+00:00,1.0,3.01,5.18,0.88,29.54
Buenos Aires,Argentina,-34.6037,-58.3816,2026-06-30 00:00:00+00:00,1.0,4.0,9.97,2.82,28.44
London,England,51.5074,-0.1278,2026-06-30 00:00:00+00:00,2.0,1.96,4.78,8.56,69.32
Madrid,Spain,40.4168,-3.7038,2026-06-30 00:00:00+00:00,1.0,3.29,5.43,1.96,56.99
Paris,France,48.8566,2.3522,2026-06-30 00:00:00+00:00,1.0,3.62,6.48,2.49,57.54
Antananarivo,Madagascar,-18.8792,47.5079,2026-06-30 01:00:00+00:00,1.0,2.75,4.77,0.8,30.12
Buenos Aires,Argentina,-34.6037,-58.3816,2026-06-30 01:00:00+00:00,1.0,3.88,9.39,2.91,25.47
London,England,51.5074,-0.1278,2026-06-30 01:00:00+00:00,2.0,1.83,4.25,7.76,69.32
Madrid,Spain,40.4168,-3.7038,2026-06-30 01:00:00+00:00,1.0,3.28,5.36,1.98,52.6
Paris,France,48.8566,2.3522,2026-06-30 01:00:00+00:00,1.0,3.82,6.94,2.66,56.69
Antananarivo,Madagascar,-18.8792,47.5079,2026-06-30 02:00:00+00:00,1.0,2.84,4.79,0.81,29.43
Buenos Aires,Argentina,-34.6037,-58.3816,2026-06-30 02:00:00+00:00,1.0,3.77,8.94,3.01,23.37
London,England,51.5074,-0.1278,2026-06-30 02:00:00+00:00,2.0,1.68,3.67,7.22,69.17
Madrid,Spain,40.4168,-3.7038,2026-06-30 02:00:00+00:00,1.0,3.23,5.25,1.89,49.8
Paris,France,48.8566,2.3522,2026-06-30 02:00:00+00:00,1.0,3.99,7.29,2.89,54.9
Antananarivo,Madagascar,-18.8792,47.5079,2026-06-30 03:00:00+00:00,1.0,3.04,5.11,0.85,28.67
Buenos Aires,Argentina,-34.6037,-58.3816,2026-06-30 03:00:00+00:00,1.0,3.66,8.51,3.03,21.84
London,England,51.5074,-0.1278,2026-06-30 03:00:00+00:00,2.0,1.54,3.22,6.95,68.94
Madrid,Spain,40.4168,-3.7038,2026-06-30 03:00:00+00:00,1.0,3.17,5.14,1.84,48.16
Paris,France,48.8566,2.3522,2026-06-30 03:00:00+00:00,1.0,4.11,7.48,3.16,52.72
Antananarivo,Madagascar,-18.8792,47.5079,2026-06-30 04:00:00+00:00,1.0,3.66,6.23,1.04,27.79
Buenos Aires,Argentina,-34.6037,-58.3816,2026-06-30 04:00:00+00:00,1.0,3.55,8.14,2.93,20.6
London,England,51.5074,-0.1278,2026-06-30 04:00:00+00:00,2.0,1.42,2.97,6.79,68.63
Madrid,Spain,40.4168,-3.7038,2026-06-30 04:00:00+00:00,1.0,3.09,5.12,1.85,47.75
Paris,France,48.8566,2.3522,2026-06-30 04:00:00+00:00,1.0,4.1,7.47,3.48,49.93
Antananarivo,Madagascar,-18.8792,47.5079,2026-06-30 05:00:00+00:00,1.0,4.38,7.58,1.06,27.8
Buenos Aires,Argentina,-34.6037,-58.3816,2026-06-30 05:00:00+00:00,1.0,3.53,7.99,2.83,19.57
London,England,51.5074,-0.1278,2026-06-30 05:00:00+00:00,2.0,1.34,2.84,6.67,68.07
Madrid,Spain,40.4168,-3.7038,2026-06-30 05:00:00+00:00,1.0,3.07,5.16,2.09,45.58
Paris,France,48.8566,2.3522,2026-06-30 05:00:00+00:00,1.0,4.03,7.45,4.25,47.19
Antananarivo,Madagascar,-18.8792,47.5079,2026-06-30 06:00:00+00:00,1.0,5.0,8.49,0.79,31.26
Buenos Aires,Argentina,-34.6037,-58.3816,2026-06-30 06:00:00+00:00,1.0,3.6,7.99,2.83,18.59
London,England,51.5074,-0.1278,2026-06-30 06:00:00+00:00,2.0,1.33,2.78,6.76,67.51
Madrid,Spain,40.4168,-3.7038,2026-06-30 06:00:00+00:00,1.0,3.08,5.25,2.53,42.51
Paris,France,48.8566,2.3522,2026-06-30 06:00:00+00:00,1.0,3.98,7.48,5.06,45.49
Antananarivo,Madagascar,-18.8792,47.5079,2026-06-30 07:00:00+00:00,1.0,1.41,3.11,0.18,50.94
Buenos Aires,Argentina,-34.6037,-58.3816,2026-06-30 07:00:00+00:00,1.0,3.75,8.16,3.1,17.24
London,England,51.5074,-0.1278,2026-06-30 07:00:00+00:00,2.0,1.38,2.7,6.44,67.44
Madrid,Spain,40.4168,-3.7038,2026-06-30 07:00:00+00:00,1.0,3.06,5.29,2.43,40.74
Paris,France,48.8566,2.3522,2026-06-30 07:00:00+00:00,1.0,3.98,7.54,4.93,46.7
Antananarivo,Madagascar,-18.8792,47.5079,2026-06-30 08:00:00+00:00,1.0,1.13,2.63,0.11,52.82
Buenos Aires,Argentina,-34.6037,-58.3816,2026-06-30 08:00:00+00:00,1.0,4.01,8.48,3.79,15.5
London,England,51.5074,-0.1278,2026-06-30 08:00:00+00:00,2.0,1.5,2.66,6.14,67.7
Madrid,Spain,40.4168,-3.7038,2026-06-30 08:00:00+00:00,1.0,3.06,5.37,2.07,43.22
Paris,France,48.8566,2.3522,2026-06-30 08:00:00+00:00,1.0,4.14,7.77,4.24,50.38
Antananarivo,Madagascar,-18.8792,47.5079,2026-06-30 09:00:00+00:00,1.0,1.13,2.5,0.09,52.28
Buenos Aires,Argentina,-34.6037,-58.3816,2026-06-30 09:00:00+00:00,1.0,4.4,8.98,5.15,13.25
London,England,51.5074,-0.1278,2026-06-30 09:00:00+00:00,2.0,1.7,2.77,5.8,68.75
Madrid,Spain,40.4168,-3.7038,2026-06-30 09:00:00+00:00,1.0,3.17,5.64,1.7,52.18
Paris,France,48.8566,2.3522,2026-06-30 09:00:00+00:00,2.0,4.76,8.45,3.45,60.55
Antananarivo,Madagascar,-18.8792,47.5079,2026-06-30 10:00:00+00:00,1.0,1.04,2.19,0.08,53.5
Buenos Aires,Argentina,-34.6037,-58.3816,2026-06-30 10:00:00+00:00,1.0,4.84,9.55,7.17,10.82
London,England,51.5074,-0.1278,2026-06-30 10:00:00+00:00,2.0,2.0,3.11,5.31,70.57
Madrid,Spain,40.4168,-3.7038,2026-06-30 10:00:00+00:00,2.0,3.63,6.82,0.54,86.58
Paris,France,48.8566,2.3522,2026-06-30 10:00:00+00:00,2.0,5.19,8.24,1.82,85.17
Antananarivo,Madagascar,-18.8792,47.5079,2026-06-30 11:00:00+00:00,1.0,0.97,1.97,0.08,53.6
Buenos Aires,Argentina,-34.6037,-58.3816,2026-06-30 11:00:00+00:00,1.0,5.38,10.27,9.52,9.17
London,England,51.5074,-0.1278,2026-06-30 11:00:00+00:00,2.0,2.44,3.75,5.16,72.68
Madrid,Spain,40.4168,-3.7038,2026-06-30 11:00:00+00:00,2.0,3.43,6.15,0.33,90.53
Paris,France,48.8566,2.3522,2026-06-30 11:00:00+00:00,2.0,5.74,8.4,0.97,94.83
Antananarivo,Madagascar,-18.8792,47.5079,2026-06-30 12:00:00+00:00,1.0,0.93,1.86,0.1,53.08
Buenos Aires,Argentina,-34.6037,-58.3816,2026-06-30 12:00:00+00:00,1.0,5.99,11.26,11.48,9.48
London,England,51.5074,-0.1278,2026-06-30 12:00:00+00:00,2.0,2.99,4.54,4.87,76.21
Madrid,Spain,40.4168,-3.7038,2026-06-30 12:00:00+00:00,2.0,3.3,5.8,0.29,91.22
Paris,France,48.8566,2.3522,2026-06-30 12:00:00+00:00,2.0,6.36,8.89,0.7,98.67
Antananarivo,Madagascar,-18.8792,47.5079,2026-06-30 13:00:00+00:00,1.0,1.33,2.58,0.29,49.89
Buenos Aires,Argentina,-34.6037,-58.3816,2026-06-30 13:00:00+00:00,1.0,6.28,12.61,10.33,17.42
London,England,51.5074,-0.1278,2026-06-30 13:00:00+00:00,2.0,3.64,5.33,4.47,81.15
Madrid,Spain,40.4168,-3.7038,2026-06-30 13:00:00+00:00,2.0,3.25,5.66,0.28,92.9
Paris,France,48.8566,2.3522,2026-06-30 13:00:00+00:00,2.0,5.73,7.91,0.55,98.19
Antananarivo,Madagascar,-18.8792,47.5079,2026-06-30 14:00:00+00:00,1.0,2.13,3.98,0.7,44.72
Buenos Aires,Argentina,-34.6037,-58.3816,2026-06-30 14:00:00+00:00,1.0,6.88,13.92,10.2,20.1
London,England,51.5074,-0.1278,2026-06-30 14:00:00+00:00,2.0,4.2,6.02,3.96,86.55
Madrid,Spain,40.4168,-3.7038,2026-06-30 14:00:00+00:00,2.0,3.12,5.38,0.27,93.29
Paris,France,48.8566,2.3522,2026-06-30 14:00:00+00:00,2.0,5.12,7.05,0.51,96.2
Antananarivo,Madagascar,-18.8792,47.5079,2026-06-30 15:00:00+00:00,1.0,3.04,5.45,1.16,40.34
Buenos Aires,Argentina,-34.6037,-58.3816,2026-06-30 15:00:00+00:00,1.0,7.86,15.83,11.99,23.05
London,England,51.5074,-0.1278,2026-06-30 15:00:00+00:00,2.0,4.49,6.46,3.47,91.23
Madrid,Spain,40.4168,-3.7038,2026-06-30 15:00:00+00:00,2.0,3.0,5.14,0.28,93.29
Paris,France,48.8566,2.3522,2026-06-30 15:00:00+00:00,2.0,4.99,6.86,0.55,95.64
Antananarivo,Madagascar,-18.8792,47.5079,2026-06-30 16:00:00+00:00,1.0,4.09,7.05,1.47,36.38
Buenos Aires,Argentina,-34.6037,-58.3816,2026-06-30 16:00:00+00:00,1.0,5.66,13.06,10.24,46.84
London,England,51.5074,-0.1278,2026-06-30 16:00:00+00:00,2.0,4.37,6.63,3.21,93.52
Madrid,Spain,40.4168,-3.7038,2026-06-30 16:00:00+00:00,2.0,2.93,5.0,0.31,93.73
Paris,France,48.8566,2.3522,2026-06-30 16:00:00+00:00,2.0,5.05,6.95,0.64,96.0
Antananarivo,Madagascar,-18.8792,47.5079,2026-06-30 17:00:00+00:00,1.0,5.12,8.5,1.64,34.11
Buenos Aires,Argentina,-34.6037,-58.3816,2026-06-30 17:00:00+00:00,1.0,5.24,11.85,9.09,52.07
London,England,51.5074,-0.1278,2026-06-30 17:00:00+00:00,2.0,4.0,6.73,3.43,92.02
Madrid,Spain,40.4168,-3.7038,2026-06-30 17:00:00+00:00,2.0,2.86,4.86,0.34,93.32
Paris,France,48.8566,2.3522,2026-06-30 17:00:00+00:00,2.0,5.19,7.15,0.77,95.49
Antananarivo,Madagascar,-18.8792,47.5079,2026-06-30 18:00:00+00:00,1.0,5.81,9.3,1.68,32.95
Buenos Aires,Argentina,-34.6037,-58.3816,2026-06-30 18:00:00+00:00,1.0,5.76,12.41,10.24,52.94
London,England,51.5074,-0.1278,2026-06-30 18:00:00+00:00,2.0,3.62,7.06,3.97,88.55
Madrid,Spain,40.4168,-3.7038,2026-06-30 18:00:00+00:00,2.0,2.79,4.73,0.38,92.8
Paris,France,48.8566,2.3522,2026-06-30 18:00:00+00:00,2.0,5.24,7.29,0.91,94.38
Antananarivo,Madagascar,-18.8792,47.5079,2026-06-30 19:00:00+00:00,1.0,5.51,8.79,1.51,32.75
Buenos Aires,Argentina,-34.6037,-58.3816,2026-06-30 19:00:00+00:00,1.0,6.38,12.89,11.63,48.39
London,England,51.5074,-0.1278,2026-06-30 19:00:00+00:00,2.0,3.27,7.55,4.56,84.73
Madrid,Spain,40.4168,-3.7038,2026-06-30 19:00:00+00:00,2.0,2.81,4.71,0.58,87.81
Paris,France,48.8566,2.3522,2026-06-30 19:00:00+00:00,2.0,5.3,7.41,1.47,85.09
Antananarivo,Madagascar,-18.8792,47.5079,2026-06-30 20:00:00+00:00,1.0,5.56,8.83,1.46,32.18
Buenos Aires,Argentina,-34.6037,-58.3816,2026-06-30 20:00:00+00:00,1.0,6.96,13.26,14.52,39.07
London,England,51.5074,-0.1278,2026-06-30 20:00:00+00:00,2.0,3.14,8.21,5.48,81.26
Madrid,Spain,40.4168,-3.7038,2026-06-30 20:00:00+00:00,2.0,2.89,4.81,0.88,80.36
Paris,France,48.8566,2.3522,2026-06-30 20:00:00+00:00,2.0,5.42,7.62,2.25,73.14
Antananarivo,Madagascar,-18.8792,47.5079,2026-06-30 21:00:00+00:00,1.0,5.13,8.03,1.3,31.98
Buenos Aires,Argentina,-34.6037,-58.3816,2026-06-30 21:00:00+00:00,1.0,7.44,13.74,19.89,29.62
London,England,51.5074,-0.1278,2026-06-30 21:00:00+00:00,2.0,3.11,8.38,5.68,78.98
Madrid,Spain,40.4168,-3.7038,2026-06-30 21:00:00+00:00,2.0,2.95,4.9,1.07,74.48
Paris,France,48.8566,2.3522,2026-06-30 21:00:00+00:00,2.0,5.48,7.76,2.9,65.31
Antananarivo,Madagascar,-18.8792,47.5079,2026-06-30 22:00:00+00:00,1.0,4.63,6.81,1.15,31.4
Buenos Aires,Argentina,-34.6037,-58.3816,2026-06-30 22:00:00+00:00,1.0,7.86,14.2,22.71,24.07
London,England,51.5074,-0.1278,2026-06-30 22:00:00+00:00,2.0,3.07,7.81,5.64,77.25
Madrid,Spain,40.4168,-3.7038,2026-06-30 22:00:00+00:00,2.0,2.93,4.86,1.21,68.51
Paris,France,48.8566,2.3522,2026-06-30 22:00:00+00:00,1.0,5.46,7.76,3.47,59.22
Antananarivo,Madagascar,-18.8792,47.5079,2026-06-30 23:00:00+00:00,1.0,4.33,6.18,1.07,29.95
Buenos Aires,Argentina,-34.6037,-58.3816,2026-06-30 23:00:00+00:00,1.0,8.36,14.79,24.97,20.29
London,England,51.5074,-0.1278,2026-06-30 23:00:00+00:00,2.0,2.98,6.8,5.62,74.89
Madrid,Spain,40.4168,-3.7038,2026-06-30 23:00:00+00:00,2.0,2.92,4.83,1.28,63.76
Paris,France,48.8566,2.3522,2026-06-30 23:00:00+00:00,1.0,5.42,7.72,3.72,56.21
Antananarivo,Madagascar,-18.8792,47.5079,2026-07-01 00:00:00+00:00,1.0,4.06,5.76,1.01,28.8
Buenos Aires,Argentina,-34.6037,-58.3816,2026-07-01 00:00:00+00:00,1.0,8.91,15.42,27.48,16.94
London,England,51.5074,-0.1278,2026-07-01 00:00:00+00:00,2.0,2.86,5.76,5.52,71.58
Madrid,Spain,40.4168,-3.7038,2026-07-01 00:00:00+00:00,2.0,2.89,4.81,1.33,60.41
Paris,France,48.8566,2.3522,2026-07-01 00:00:00+00:00,1.0,5.27,7.48,3.7,55.92
Antananarivo,Madagascar,-18.8792,47.5079,2026-07-01 01:00:00+00:00,1.0,3.98,5.55,0.99,27.69
Buenos Aires,Argentina,-34.6037,-58.3816,2026-07-01 01:00:00+00:00,1.0,9.33,15.79,29.55,13.9
London,England,51.5074,-0.1278,2026-07-01 01:00:00+00:00,2.0,2.69,4.78,5.09,68.19
Madrid,Spain,40.4168,-3.7038,2026-07-01 01:00:00+00:00,1.0,2.84,4.76,1.39,58.24
Paris,France,48.8566,2.3522,2026-07-01 01:00:00+00:00,2.0,4.92,7.06,3.48,63.84
Antananarivo,Madagascar,-18.8792,47.5079,2026-07-01 02:00:00+00:00,1.0,4.09,5.58,1.02,26.25
Buenos Aires,Argentina,-34.6037,-58.3816,2026-07-01 02:00:00+00:00,1.0,9.92,16.39,31.86,11.6
London,England,51.5074,-0.1278,2026-07-01 02:00:00+00:00,2.0,2.42,3.93,4.57,65.03
Madrid,Spain,40.4168,-3.7038,2026-07-01 02:00:00+00:00,1.0,2.84,4.81,1.49,57.16
Paris,France,48.8566,2.3522,2026-07-01 02:00:00+00:00,2.0,4.45,6.36,3.43,63.07
Antananarivo,Madagascar,-18.8792,47.5079,2026-07-01 03:00:00+00:00,1.0,4.38,5.85,1.1,25.07
Buenos Aires,Argentina,-34.6037,-58.3816,2026-07-01 03:00:00+00:00,2.0,10.67,17.2,33.76,10.07
London,England,51.5074,-0.1278,2026-07-01 03:00:00+00:00,2.0,2.21,3.48,4.32,61.79
Madrid,Spain,40.4168,-3.7038,2026-07-01 03:00:00+00:00,1.0,2.87,4.94,1.64,56.35
Paris,France,48.8566,2.3522,2026-07-01 03:00:00+00:00,2.0,3.87,5.52,3.33,61.37
Antananarivo,Madagascar,-18.8792,47.5079,2026-07-01 04:00:00+00:00,1.0,5.3,7.37,1.37,24.05
Buenos Aires,Argentina,-34.6037,-58.3816,2026-07-01 04:00:00+00:00,2.0,11.5,17.94,34.97,8.65
London,England,51.5074,-0.1278,2026-07-01 04:00:00+00:00,1.0,2.11,3.44,4.42,59.22
Madrid,Spain,40.4168,-3.7038,2026-07-01 04:00:00+00:00,1.0,2.91,5.06,1.84,54.79
Paris,France,48.8566,2.3522,2026-07-01 04:00:00+00:00,2.0,3.23,4.62,3.05,60.07
Antananarivo,Madagascar,-18.8792,47.5079,2026-07-01 05:00:00+00:00,1.0,6.51,9.62,1.47,23.87
Buenos Aires,Argentina,-34.6037,-58.3816,2026-07-01 05:00:00+00:00,2.0,12.52,18.84,36.14,7.02
London,England,51.5074,-0.1278,2026-07-01 05:00:00+00:00,1.0,2.3,3.96,5.51,55.75
Madrid,Spain,40.4168,-3.7038,2026-07-01 05:00:00+00:00,1.0,2.97,5.23,2.19,52.0
Paris,France,48.8566,2.3522,2026-07-01 05:00:00+00:00,1.0,2.93,4.22,3.01,59.2
Antananarivo,Madagascar,-18.8792,47.5079,2026-07-01 06:00:00+00:00,1.0,7.67,11.36,1.16,28.07
Buenos Aires,Argentina,-34.6037,-58.3816,2026-07-01 06:00:00+00:00,2.0,13.62,20.07,37.66,5.52
London,England,51.5074,-0.1278,2026-07-01 06:00:00+00:00,1.0,2.62,4.68,6.27,53.19
Madrid,Spain,40.4168,-3.7038,2026-07-01 06:00:00+00:00,1.0,3.05,5.41,2.67,49.31
Paris,France,48.8566,2.3522,2026-07-01 06:00:00+00:00,1.0,2.91,4.32,2.99,59.06
Antananarivo,Madagascar,-18.8792,47.5079,2026-07-01 07:00:00+00:00,1.0,1.9,3.4,0.24,49.61
Buenos Aires,Argentina,-34.6037,-58.3816,2026-07-01 07:00:00+00:00,2.0,14.58,21.41,39.18,4.17
London,England,51.5074,-0.1278,2026-07-01 07:00:00+00:00,1.0,2.97,5.43,6.59,50.8
Madrid,Spain,40.4168,-3.7038,2026-07-01 07:00:00+00:00,1.0,3.09,5.57,2.56,49.04
Paris,France,48.8566,2.3522,2026-07-01 07:00:00+00:00,2.0,3.02,4.7,2.57,60.21
Antananarivo,Madagascar,-18.8792,47.5079,2026-07-01 08:00:00+00:00,1.0,1.46,2.75,0.13,52.18
Buenos Aires,Argentina,-34.6037,-58.3816,2026-07-01 08:00:00+00:00,2.0,15.34,22.74,40.56,3.17
London,England,51.5074,-0.1278,2026-07-01 08:00:00+00:00,1.0,3.35,6.18,7.05,48.46
Madrid,Spain,40.4168,-3.7038,2026-07-01 08:00:00+00:00,1.0,3.12,5.69,2.21,52.7
Paris,France,48.8566,2.3522,2026-07-01 08:00:00+00:00,2.0,3.25,5.27,1.98,63.52
Antananarivo,Madagascar,-18.8792,47.5079,2026-07-01 09:00:00+00:00,1.0,1.53,2.81,0.1,51.83
Buenos Aires,Argentina,-34.6037,-58.3816,2026-07-01 09:00:00+00:00,2.0,15.85,23.91,41.3,2.5
London,England,51.5074,-0.1278,2026-07-01 09:00:00+00:00,1.0,3.68,6.79,7.24,47.43
Madrid,Spain,40.4168,-3.7038,2026-07-01 09:00:00+00:00,2.0,3.22,5.87,1.73,63.41
Paris,France,48.8566,2.3522,2026-07-01 09:00:00+00:00,2.0,3.62,6.0,1.36,68.65
Antananarivo,Madagascar,-18.8792,47.5079,2026-07-01 10:00:00+00:00,1.0,1.46,2.58,0.08,53.91
Buenos Aires,Argentina,-34.6037,-58.3816,2026-07-01 10:00:00+00:00,2.0,15.95,24.54,40.57,2.24
London,England,51.5074,-0.1278,2026-07-01 10:00:00+00:00,1.0,4.02,7.42,7.54,47.62
Madrid,Spain,40.4168,-3.7038,2026-07-01 10:00:00+00:00,2.0,3.18,5.95,0.82,90.87
Paris,France,48.8566,2.3522,2026-07-01 10:00:00+00:00,2.0,2.99,5.09,0.6,77.91
Antananarivo,Madagascar,-18.8792,47.5079,2026-07-01 11:00:00+00:00,1.0,1.49,2.53,0.09,54.8
Buenos Aires,Argentina,-34.6037,-58.3816,2026-07-01 11:00:00+00:00,2.0,15.66,24.39,38.32,2.37
London,England,51.5074,-0.1278,2026-07-01 11:00:00+00:00,1.0,4.48,8.36,7.96,47.81
Madrid,Spain,40.4168,-3.7038,2026-07-01 11:00:00+00:00,2.0,3.26,5.77,0.54,97.45
Paris,France,48.8566,2.3522,2026-07-01 11:00:00+00:00,2.0,2.44,4.18,0.4,78.33
Antananarivo,Madagascar,-18.8792,47.5079,2026-07-01 12:00:00+00:00,1.0,1.55,2.61,0.1,54.4
Buenos Aires,Argentina,-34.6037,-58.3816,2026-07-01 12:00:00+00:00,2.0,14.99,23.42,33.78,4.36
London,England,51.5074,-0.1278,2026-07-01 12:00:00+00:00,1.0,4.96,9.32,7.61,50.85
Madrid,Spain,40.4168,-3.7038,2026-07-01 12:00:00+00:00,3.0,3.4,5.8,0.47,100.56
Paris,France,48.8566,2.3522,2026-07-01 12:00:00+00:00,2.0,2.06,3.53,0.37,75.78
Antananarivo,Madagascar,-18.8792,47.5079,2026-07-01 13:00:00+00:00,1.0,2.2,3.61,0.29,51.52
Buenos Aires,Argentina,-34.6037,-58.3816,2026-07-01 13:00:00+00:00,2.0,14.05,23.66,21.54,17.12
London,England,51.5074,-0.1278,2026-07-01 13:00:00+00:00,1.0,5.3,9.87,6.73,57.94
Madrid,Spain,40.4168,-3.7038,2026-07-01 13:00:00+00:00,3.0,3.0,4.91,0.34,100.82
Paris,France,48.8566,2.3522,2026-07-01 13:00:00+00:00,2.0,1.73,2.91,0.37,74.06
Antananarivo,Madagascar,-18.8792,47.5079,2026-07-01 14:00:00+00:00,1.0,3.35,5.36,0.7,47.08
Buenos Aires,Argentina,-34.6037,-58.3816,2026-07-01 14:00:00+00:00,2.0,11.91,20.58,12.65,24.6
London,England,51.5074,-0.1278,2026-07-01 14:00:00+00:00,2.0,5.18,9.55,6.01,66.5
Madrid,Spain,40.4168,-3.7038,2026-07-01 14:00:00+00:00,2.0,2.61,4.14,0.28,98.52
Paris,France,48.8566,2.3522,2026-07-01 14:00:00+00:00,2.0,1.44,2.36,0.39,72.34
Antananarivo,Madagascar,-18.8792,47.5079,2026-07-01 15:00:00+00:00,1.0,4.49,7.11,1.26,43.13
Buenos Aires,Argentina,-34.6037,-58.3816,2026-07-01 15:00:00+00:00,1.0,9.68,17.14,7.52,29.76
London,England,51.5074,-0.1278,2026-07-01 15:00:00+00:00,2.0,4.64,8.68,5.81,72.2
Madrid,Spain,40.4168,-3.7038,2026-07-01 15:00:00+00:00,2.0,2.46,3.85,0.28,97.66
Paris,France,48.8566,2.3522,2026-07-01 15:00:00+00:00,2.0,1.25,1.98,0.45,71.01
Antananarivo,Madagascar,-18.8792,47.5079,2026-07-01 16:00:00+00:00,1.0,6.12,9.6,1.77,38.77
Buenos Aires,Argentina,-34.6037,-58.3816,2026-07-01 16:00:00+00:00,1.0,5.99,12.57,3.21,43.93
London,England,51.5074,-0.1278,2026-07-01 16:00:00+00:00,2.0,4.02,7.83,6.0,73.81
Madrid,Spain,40.4168,-3.7038,2026-07-01 16:00:00+00:00,2.0,2.35,3.62,0.31,97.74
Paris,France,48.8566,2.3522,2026-07-01 16:00:00+00:00,2.0,1.14,1.74,0.52,70.45
Antananarivo,Madagascar,-18.8792,47.5079,2026-07-01 17:00:00+00:00,1.0,8.58,13.23,2.32,34.13
Buenos Aires,Argentina,-34.6037,-58.3816,2026-07-01 17:00:00+00:00,1.0,3.54,8.02,1.31,48.38
London,England,51.5074,-0.1278,2026-07-01 17:00:00+00:00,2.0,3.55,7.16,6.26,73.46
Madrid,Spain,40.4168,-3.7038,2026-07-01 17:00:00+00:00,2.0,2.2,3.37,0.33,97.27
Paris,France,48.8566,2.3522,2026-07-01 17:00:00+00:00,2.0,1.09,1.62,0.58,69.97
Antananarivo,Madagascar,-18.8792,47.5079,2026-07-01 18:00:00+00:00,2.0,11.17,16.81,2.75,30.25
Buenos Aires,Argentina,-34.6037,-58.3816,2026-07-01 18:00:00+00:00,1.0,2.18,5.29,0.7,49.78
London,England,51.5074,-0.1278,2026-07-01 18:00:00+00:00,2.0,3.18,6.53,6.38,73.04
Madrid,Spain,40.4168,-3.7038,2026-07-01 18:00:00+00:00,2.0,2.1,3.21,0.35,96.52
Paris,France,48.8566,2.3522,2026-07-01 18:00:00+00:00,2.0,1.07,1.6,0.65,69.43
Antananarivo,Madagascar,-18.8792,47.5079,2026-07-01 19:00:00+00:00,2.0,13.32,19.64,3.03,26.91
Buenos Aires,Argentina,-34.6037,-58.3816,2026-07-01 19:00:00+00:00,1.0,1.33,3.57,0.44,50.57
London,England,51.5074,-0.1278,2026-07-01 19:00:00+00:00,2.0,2.81,5.82,6.49,71.83
Madrid,Spain,40.4168,-3.7038,2026-07-01 19:00:00+00:00,2.0,2.09,3.2,0.46,94.5
Paris,France,48.8566,2.3522,2026-07-01 19:00:00+00:00,2.0,1.11,1.69,0.85,67.63
Antananarivo,Madagascar,-18.8792,47.5079,2026-07-01 20:00:00+00:00,2.0,14.76,21.41,3.19,24.73
Buenos Aires,Argentina,-34.6037,-58.3816,2026-07-01 20:00:00+00:00,1.0,0.9,2.75,0.42,50.28
London,England,51.5074,-0.1278,2026-07-01 20:00:00+00:00,2.0,2.6,5.49,7.52,67.87
Madrid,Spain,40.4168,-3.7038,2026-07-01 20:00:00+00:00,2.0,2.14,3.28,0.67,91.15
Paris,France,48.8566,2.3522,2026-07-01 20:00:00+00:00,2.0,1.19,1.87,1.15,65.19
Antananarivo,Madagascar,-18.8792,47.5079,2026-07-01 21:00:00+00:00,2.0,14.84,21.21,3.09,23.2
Buenos Aires,Argentina,-34.6037,-58.3816,2026-07-01 21:00:00+00:00,1.0,0.71,2.37,0.47,49.53
London,England,51.5074,-0.1278,2026-07-01 21:00:00+00:00,2.0,2.46,5.26,8.25,63.04
Madrid,Spain,40.4168,-3.7038,2026-07-01 21:00:00+00:00,2.0,2.2,3.36,0.95,87.94
Paris,France,48.8566,2.3522,2026-07-01 21:00:00+00:00,2.0,1.29,2.07,1.34,63.33
Antananarivo,Madagascar,-18.8792,47.5079,2026-07-01 22:00:00+00:00,2.0,14.39,20.17,2.9,21.8
Buenos Aires,Argentina,-34.6037,-58.3816,2026-07-01 22:00:00+00:00,1.0,0.6,2.13,0.52,48.31
London,England,51.5074,-0.1278,2026-07-01 22:00:00+00:00,1.0,2.37,5.09,8.77,58.9
Madrid,Spain,40.4168,-3.7038,2026-07-01 22:00:00+00:00,2.0,2.25,3.42,1.29,84.37
Paris,France,48.8566,2.3522,2026-07-01 22:00:00+00:00,2.0,1.39,2.26,1.45,61.42
Antananarivo,Madagascar,-18.8792,47.5079,2026-07-01 23:00:00+00:00,2.0,13.95,19.15,2.72,20.77
Buenos Aires,Argentina,-34.6037,-58.3816,2026-07-01 23:00:00+00:00,1.0,0.57,1.99,0.58,47.47
London,England,51.5074,-0.1278,2026-07-01 23:00:00+00:00,1.0,2.3,5.13,8.81,55.97
Madrid,Spain,40.4168,-3.7038,2026-07-01 23:00:00+00:00,2.0,2.34,3.51,1.56,83.54
Paris,France,48.8566,2.3522,2026-07-01 23:00:00+00:00,2.0,1.54,2.49,1.45,60.79
Antananarivo,Madagascar,-18.8792,47.5079,2026-07-02 00:00:00+00:00,2.0,13.3,17.96,2.51,20.48
Buenos Aires,Argentina,-34.6037,-58.3816,2026-07-02 00:00:00+00:00,1.0,0.55,1.9,0.6,47.1
London,England,51.5074,-0.1278,2026-07-02 00:00:00+00:00,1.0,2.28,5.4,8.24,54.84
Madrid,Spain,40.4168,-3.7038,2026-07-02 00:00:00+00:00,2.0,2.26,3.39,1.6,83.4
Paris,France,48.8566,2.3522,2026-07-02 00:00:00+00:00,2.0,1.7,2.73,1.4,60.22
Antananarivo,Madagascar,-18.8792,47.5079,2026-07-02 01:00:00+00:00,2.0,12.23,16.43,2.23,21.34
Buenos Aires,Argentina,-34.6037,-58.3816,2026-07-02 01:00:00+00:00,1.0,0.53,1.88,0.63,46.81
London,England,51.5074,-0.1278,2026-07-02 01:00:00+00:00,1.0,2.29,5.77,6.9,55.43
Madrid,Spain,40.4168,-3.7038,2026-07-02 01:00:00+00:00,2.0,1.88,2.95,1.27,82.74
Paris,France,48.8566,2.3522,2026-07-02 01:00:00+00:00,1.0,1.84,2.92,1.35,57.7
Antananarivo,Madagascar,-18.8792,47.5079,2026-07-02 02:00:00+00:00,2.0,11.36,15.42,2.06,21.57
Buenos Aires,Argentina,-34.6037,-58.3816,2026-07-02 02:00:00+00:00,1.0,0.52,1.92,0.66,46.93
London,England,51.5074,-0.1278,2026-07-02 02:00:00+00:00,1.0,2.43,6.55,6.12,55.1
Madrid,Spain,40.4168,-3.7038,2026-07-02 02:00:00+00:00,2.0,1.72,2.88,1.04,81.65
Paris,France,48.8566,2.3522,2026-07-02 02:00:00+00:00,1.0,1.98,3.1,1.35,53.79
Antananarivo,Madagascar,-18.8792,47.5079,2026-07-02 03:00:00+00:00,2.0,10.92,14.99,2.0,21.83
Buenos Aires,Argentina,-34.6037,-58.3816,2026-07-02 03:00:00+00:00,1.0,0.51,2.01,0.68,47.32
London,England,51.5074,-0.1278,2026-07-02 03:00:00+00:00,1.0,2.66,7.6,5.64,53.6
Madrid,Spain,40.4168,-3.7038,2026-07-02 03:00:00+00:00,2.0,1.77,3.2,0.95,80.71
Paris,France,48.8566,2.3522,2026-07-02 03:00:00+00:00,1.0,2.11,3.28,1.39,49.38
Antananarivo,Madagascar,-18.8792,47.5079,2026-07-02 04:00:00+00:00,2.0,11.43,16.08,2.22,21.89
Buenos Aires,Argentina,-34.6037,-58.3816,2026-07-02 04:00:00+00:00,1.0,0.53,2.11,0.67,46.99
London,England,51.5074,-0.1278,2026-07-02 04:00:00+00:00,1.0,2.93,8.71,5.16,51.96
Madrid,Spain,40.4168,-3.7038,2026-07-02 04:00:00+00:00,2.0,1.82,3.49,0.96,78.61
Paris,France,48.8566,2.3522,2026-07-02 04:00:00+00:00,1.0,2.21,3.44,1.51,44.54
Antananarivo,Madagascar,-18.8792,47.5079,2026-07-02 05:00:00+00:00,2.0,12.39,17.69,1.95,23.44
Buenos Aires,Argentina,-34.6037,-58.3816,2026-07-02 05:00:00+00:00,1.0,0.58,2.23,0.65,46.91
London,England,51.5074,-0.1278,2026-07-02 05:00:00+00:00,1.0,3.26,9.34,5.12,50.43
Madrid,Spain,40.4168,-3.7038,2026-07-02 05:00:00+00:00,2.0,1.81,3.61,1.09,77.12
Paris,France,48.8566,2.3522,2026-07-02 05:00:00+00:00,1.0,2.33,3.67,1.96,41.02
Antananarivo,Madagascar,-18.8792,47.5079,2026-07-02 06:00:00+00:00,2.0,14.4,19.95,1.37,31.5
Buenos Aires,Argentina,-34.6037,-58.3816,2026-07-02 06:00:00+00:00,1.0,0.62,2.33,0.64,46.72
London,England,51.5074,-0.1278,2026-07-02 06:00:00+00:00,1.0,3.69,9.22,5.29,48.55
Madrid,Spain,40.4168,-3.7038,2026-07-02 06:00:00+00:00,2.0,1.73,3.53,1.42,75.97
Paris,France,48.8566,2.3522,2026-07-02 06:00:00+00:00,1.0,2.46,4.02,2.26,40.41
Antananarivo,Madagascar,-18.8792,47.5079,2026-07-02 07:00:00+00:00,1.0,5.26,7.86,0.37,51.32
Buenos Aires,Argentina,-34.6037,-58.3816,2026-07-02 07:00:00+00:00,1.0,0.65,2.38,0.62,46.22
London,England,51.5074,-0.1278,2026-07-02 07:00:00+00:00,1.0,4.1,8.74,5.24,46.4
Madrid,Spain,40.4168,-3.7038,2026-07-02 07:00:00+00:00,2.0,1.58,3.32,1.57,74.69
Paris,France,48.8566,2.3522,2026-07-02 07:00:00+00:00,1.0,2.61,4.53,1.85,44.37
Antananarivo,Madagascar,-18.8792,47.5079,2026-07-02 08:00:00+00:00,1.0,4.57,6.75,0.21,55.27
Buenos Aires,Argentina,-34.6037,-58.3816,2026-07-02 08:00:00+00:00,1.0,0.68,2.41,0.61,46.19
London,England,51.5074,-0.1278,2026-07-02 08:00:00+00:00,1.0,4.29,8.07,4.57,44.7
Madrid,Spain,40.4168,-3.7038,2026-07-02 08:00:00+00:00,2.0,1.46,3.11,1.49,76.46
Paris,France,48.8566,2.3522,2026-07-02 08:00:00+00:00,1.0,2.78,5.0,1.56,45.88
Antananarivo,Madagascar,-18.8792,47.5079,2026-07-02 09:00:00+00:00,1.0,4.21,6.18,0.15,56.71
Buenos Aires,Argentina,-34.6037,-58.3816,2026-07-02 09:00:00+00:00,1.0,0.69,2.4,0.61,46.08
London,England,51.5074,-0.1278,2026-07-02 09:00:00+00:00,1.0,4.13,7.17,3.6,45.04
Madrid,Spain,40.4168,-3.7038,2026-07-02 09:00:00+00:00,2.0,1.42,3.01,1.24,81.91
Paris,France,48.8566,2.3522,2026-07-02 09:00:00+00:00,1.0,3.15,5.75,1.29,49.07
Antananarivo,Madagascar,-18.8792,47.5079,2026-07-02 10:00:00+00:00,2.0,3.29,4.8,0.12,61.01
Buenos Aires,Argentina,-34.6037,-58.3816,2026-07-02 10:00:00+00:00,1.0,0.69,2.34,0.7,45.52
London,England,51.5074,-0.1278,2026-07-02 10:00:00+00:00,1.0,3.95,6.81,3.05,48.27
Madrid,Spain,40.4168,-3.7038,2026-07-02 10:00:00+00:00,2.0,1.67,3.45,0.79,90.57
Paris,France,48.8566,2.3522,2026-07-02 10:00:00+00:00,2.0,2.75,5.04,0.68,65.4
Antananarivo,Madagascar,-18.8792,47.5079,2026-07-02 11:00:00+00:00,2.0,3.29,4.64,0.13,62.2
Buenos Aires,Argentina,-34.6037,-58.3816,2026-07-02 11:00:00+00:00,1.0,0.69,2.3,0.88,45.09
London,England,51.5074,-0.1278,2026-07-02 11:00:00+00:00,1.0,4.35,8.01,3.35,52.82
Madrid,Spain,40.4168,-3.7038,2026-07-02 11:00:00+00:00,2.0,1.94,3.82,0.56,95.88
Paris,France,48.8566,2.3522,2026-07-02 11:00:00+00:00,2.0,2.35,4.35,0.47,69.84
Antananarivo,Madagascar,-18.8792,47.5079,2026-07-02 12:00:00+00:00,2.0,3.52,4.87,0.15,61.84
Buenos Aires,Argentina,-34.6037,-58.3816,2026-07-02 12:00:00+00:00,1.0,0.69,2.27,1.04,44.65
London,England,51.5074,-0.1278,2026-07-02 12:00:00+00:00,1.0,4.97,9.61,3.44,59.06
Madrid,Spain,40.4168,-3.7038,2026-07-02 12:00:00+00:00,3.0,2.04,3.82,0.49,100.26
Paris,France,48.8566,2.3522,2026-07-02 12:00:00+00:00,2.0,2.2,4.18,0.43,68.65
Antananarivo,Madagascar,-18.8792,47.5079,2026-07-02 13:00:00+00:00,1.0,4.22,5.91,0.31,59.7
Buenos Aires,Argentina,-34.6037,-58.3816,2026-07-02 13:00:00+00:00,1.0,0.67,2.23,0.93,44.47
London,England,51.5074,-0.1278,2026-07-02 13:00:00+00:00,2.0,5.59,11.21,3.43,65.81
Madrid,Spain,40.4168,-3.7038,2026-07-02 13:00:00+00:00,3.0,1.79,3.06,0.37,104.12
Paris,France,48.8566,2.3522,2026-07-02 13:00:00+00:00,2.0,1.98,3.88,0.42,64.65
Antananarivo,Madagascar,-18.8792,47.5079,2026-07-02 14:00:00+00:00,1.0,5.47,7.78,0.73,55.67
Buenos Aires,Argentina,-34.6037,-58.3816,2026-07-02 14:00:00+00:00,1.0,0.64,2.19,0.72,44.6
London,England,51.5074,-0.1278,2026-07-02 14:00:00+00:00,2.0,5.97,12.29,3.71,71.96
Madrid,Spain,40.4168,-3.7038,2026-07-02 14:00:00+00:00,3.0,1.33,2.13,0.31,104.68
Paris,France,48.8566,2.3522,2026-07-02 14:00:00+00:00,1.0,1.66,3.3,0.43,58.26
Antananarivo,Madagascar,-18.8792,47.5079,2026-07-02 15:00:00+00:00,1.0,6.85,9.82,1.34,51.49
Buenos Aires,Argentina,-34.6037,-58.3816,2026-07-02 15:00:00+00:00,1.0,0.63,2.17,0.58,45.55
London,England,51.5074,-0.1278,2026-07-02 15:00:00+00:00,2.0,5.91,12.41,4.14,77.48
Madrid,Spain,40.4168,-3.7038,2026-07-02 15:00:00+00:00,3.0,1.07,1.67,0.31,105.46
Paris,France,48.8566,2.3522,2026-07-02 15:00:00+00:00,1.0,1.39,2.72,0.5,53.53
Antananarivo,Madagascar,-18.8792,47.5079,2026-07-02 16:00:00+00:00,1.0,8.63,12.47,1.86,46.88
Buenos Aires,Argentina,-34.6037,-58.3816,2026-07-02 16:00:00+00:00,1.0,0.5,1.1,0.21,55.65
London,England,51.5074,-0.1278,2026-07-02 16:00:00+00:00,2.0,5.53,11.84,4.88,81.53
Madrid,Spain,40.4168,-3.7038,2026-07-02 16:00:00+00:00,3.0,0.91,1.39,0.35,107.43
Paris,France,48.8566,2.3522,2026-07-02 16:00:00+00:00,1.0,1.19,2.18,0.61,51.11
Antananarivo,Madagascar,-18.8792,47.5079,2026-07-02 17:00:00+00:00,2.0,11.1,16.04,2.41,43.06
Buenos Aires,Argentina,-34.6037,-58.3816,2026-07-02 17:00:00+00:00,1.0,0.5,0.69,0.12,57.08
London,England,51.5074,-0.1278,2026-07-02 17:00:00+00:00,2.0,5.03,10.97,6.16,83.18
Madrid,Spain,40.4168,-3.7038,2026-07-02 17:00:00+00:00,3.0,0.78,1.19,0.41,108.13
Paris,France,48.8566,2.3522,2026-07-02 17:00:00+00:00,1.0,1.05,1.75,0.68,50.41
Antananarivo,Madagascar,-18.8792,47.5079,2026-07-02 18:00:00+00:00,2.0,13.58,19.45,2.82,39.93
Buenos Aires,Argentina,-34.6037,-58.3816,2026-07-02 18:00:00+00:00,1.0,0.5,0.61,0.12,57.02
London,England,51.5074,-0.1278,2026-07-02 18:00:00+00:00,2.0,4.54,9.98,7.99,82.22
Madrid,Spain,40.4168,-3.7038,2026-07-02 18:00:00+00:00,3.0,0.7,1.07,0.49,107.79
Paris,France,48.8566,2.3522,2026-07-02 18:00:00+00:00,1.0,0.97,1.46,0.75,50.78
Antananarivo,Madagascar,-18.8792,47.5079,2026-07-02 19:00:00+00:00,2.0,15.68,22.33,3.15,36.73
Buenos Aires,Argentina,-34.6037,-58.3816,2026-07-02 19:00:00+00:00,1.0,0.5,0.67,0.23,55.52
London,England,51.5074,-0.1278,2026-07-02 19:00:00+00:00,2.0,4.05,8.86,10.17,79.62
Madrid,Spain,40.4168,-3.7038,2026-07-02 19:00:00+00:00,3.0,0.66,1.06,0.69,105.91
Paris,France,48.8566,2.3522,2026-07-02 19:00:00+00:00,1.0,0.96,1.37,0.89,50.93
Antananarivo,Madagascar,-18.8792,47.5079,2026-07-02 20:00:00+00:00,2.0,17.02,24.15,3.37,35.23
Buenos Aires,Argentina,-34.6037,-58.3816,2026-07-02 20:00:00+00:00,1.0,0.5,0.84,0.57,51.7
London,England,51.5074,-0.1278,2026-07-02 20:00:00+00:00,2.0,3.58,7.77,12.17,75.14
Madrid,Spain,40.4168,-3.7038,2026-07-02 20:00:00+00:00,3.0,0.66,1.14,1.0,102.38
Paris,France,48.8566,2.3522,2026-07-02 20:00:00+00:00,1.0,1.09,1.58,1.14,50.72
Antananarivo,Madagascar,-18.8792,47.5079,2026-07-02 21:00:00+00:00,2.0,16.91,23.84,3.31,34.83
Buenos Aires,Argentina,-34.6037,-58.3816,2026-07-02 21:00:00+00:00,1.0,0.5,1.01,1.08,48.67
London,England,51.5074,-0.1278,2026-07-02 21:00:00+00:00,2.0,3.2,6.92,13.24,69.5
Madrid,Spain,40.4168,-3.7038,2026-07-02 21:00:00+00:00,2.0,0.68,1.25,1.23,97.26
Paris,France,48.8566,2.3522,2026-07-02 21:00:00+00:00,1.0,1.35,2.1,1.32,50.64
Antananarivo,Madagascar,-18.8792,47.5079,2026-07-02 22:00:00+00:00,2.0,16.4,22.93,3.13,34.69
Buenos Aires,Argentina,-34.6037,-58.3816,2026-07-02 22:00:00+00:00,1.0,0.5,1.17,1.48,45.62
London,England,51.5074,-0.1278,2026-07-02 22:00:00+00:00,2.0,2.94,6.37,14.5,64.21
Madrid,Spain,40.4168,-3.7038,2026-07-02 22:00:00+00:00,2.0,0.74,1.42,1.37,90.52
Paris,France,48.8566,2.3522,2026-07-02 22:00:00+00:00,1.0,1.7,2.83,1.47,49.7
Antananarivo,Madagascar,-18.8792,47.5079,2026-07-02 23:00:00+00:00,2.0,16.23,22.41,2.96,33.73
Buenos Aires,Argentina,-34.6037,-58.3816,2026-07-02 23:00:00+00:00,1.0,0.52,1.35,1.8,42.35
London,England,51.5074,-0.1278,2026-07-02 23:00:00+00:00,1.0,2.75,5.98,15.55,58.74
Madrid,Spain,40.4168,-3.7038,2026-07-02 23:00:00+00:00,2.0,0.84,1.64,1.35,86.14
Paris,France,48.8566,2.3522,2026-07-02 23:00:00+00:00,1.0,2.1,3.63,1.58,48.42
Antananarivo,Madagascar,-18.8792,47.5079,2026-07-03 00:00:00+00:00,2.0,16.16,22.0,2.82,32.14
Buenos Aires,Argentina,-34.6037,-58.3816,2026-07-03 00:00:00+00:00,1.0,0.54,1.53,1.97,39.43
London,England,51.5074,-0.1278,2026-07-03 00:00:00+00:00,1.0,2.56,5.55,15.61,54.3
Madrid,Spain,40.4168,-3.7038,2026-07-03 00:00:00+00:00,2.0,0.94,1.79,1.24,83.47
Paris,France,48.8566,2.3522,2026-07-03 00:00:00+00:00,1.0,2.51,4.44,1.62,47.33
Antananarivo,Madagascar,-18.8792,47.5079,2026-07-03 01:00:00+00:00,2.0,15.79,21.21,2.68,30.1
Buenos Aires,Argentina,-34.6037,-58.3816,2026-07-03 01:00:00+00:00,1.0,0.59,1.69,2.02,36.96
London,England,51.5074,-0.1278,2026-07-03 01:00:00+00:00,1.0,2.31,4.99,14.19,51.78
Madrid,Spain,40.4168,-3.7038,2026-07-03 01:00:00+00:00,2.0,0.99,1.86,1.1,80.38
Paris,France,48.8566,2.3522,2026-07-03 01:00:00+00:00,1.0,2.85,5.13,1.6,45.85
Antananarivo,Madagascar,-18.8792,47.5079,2026-07-03 02:00:00+00:00,2.0,15.57,20.74,2.59,28.89
Buenos Aires,Argentina,-34.6037,-58.3816,2026-07-03 02:00:00+00:00,1.0,0.63,1.83,2.03,35.63
London,England,51.5074,-0.1278,2026-07-03 02:00:00+00:00,1.0,2.18,4.64,13.43,49.72
Madrid,Spain,40.4168,-3.7038,2026-07-03 02:00:00+00:00,2.0,1.15,2.16,1.05,77.67
Paris,France,48.8566,2.3522,2026-07-03 02:00:00+00:00,1.0,3.17,5.76,1.6,45.51
Antananarivo,Madagascar,-18.8792,47.5079,2026-07-03 03:00:00+00:00,2.0,15.69,20.86,2.6,28.11
Buenos Aires,Argentina,-34.6037,-58.3816,2026-07-03 03:00:00+00:00,1.0,0.67,1.97,1.95,34.87
London,England,51.5074,-0.1278,2026-07-03 03:00:00+00:00,1.0,2.1,4.4,12.52,49.09
Madrid,Spain,40.4168,-3.7038,2026-07-03 03:00:00+00:00,2.0,1.51,2.95,1.04,74.49
Paris,France,48.8566,2.3522,2026-07-03 03:00:00+00:00,1.0,3.43,6.32,1.59,46.35
Antananarivo,Madagascar,-18.8792,47.5079,2026-07-03 04:00:00+00:00,2.0,16.51,22.27,2.87,27.14
Buenos Aires,Argentina,-34.6037,-58.3816,2026-07-03 04:00:00+00:00,1.0,0.71,2.09,1.82,34.03
London,England,51.5074,-0.1278,2026-07-03 04:00:00+00:00,1.0,2.03,4.25,11.14,49.78
Madrid,Spain,40.4168,-3.7038,2026-07-03 04:00:00+00:00,2.0,2.09,4.22,1.04,70.46
Paris,France,48.8566,2.3522,2026-07-03 04:00:00+00:00,1.0,3.62,6.8,1.62,48.76
Antananarivo,Madagascar,-18.8792,47.5079,2026-07-03 05:00:00+00:00,2.0,17.68,24.16,2.51,28.06
Buenos Aires,Argentina,-34.6037,-58.3816,2026-07-03 05:00:00+00:00,1.0,0.76,2.21,1.72,33.2
London,England,51.5074,-0.1278,2026-07-03 05:00:00+00:00,1.0,2.06,4.2,10.73,49.5
Madrid,Spain,40.4168,-3.7038,2026-07-03 05:00:00+00:00,2.0,2.75,5.74,1.14,67.59
Paris,France,48.8566,2.3522,2026-07-03 05:00:00+00:00,1.0,3.81,7.34,2.0,50.05
Antananarivo,Madagascar,-18.8792,47.5079,2026-07-03 06:00:00+00:00,2.0,20.45,27.3,1.7,36.65
Buenos Aires,Argentina,-34.6037,-58.3816,2026-07-03 06:00:00+00:00,1.0,0.79,2.31,1.62,33.16
London,England,51.5074,-0.1278,2026-07-03 06:00:00+00:00,1.0,2.1,4.15,10.37,49.46
Madrid,Spain,40.4168,-3.7038,2026-07-03 06:00:00+00:00,2.0,3.32,7.08,1.41,65.66
Paris,France,48.8566,2.3522,2026-07-03 06:00:00+00:00,1.0,4.04,7.93,2.58,49.85
Antananarivo,Madagascar,-18.8792,47.5079,2026-07-03 07:00:00+00:00,1.0,8.55,12.14,0.42,54.07
Buenos Aires,Argentina,-34.6037,-58.3816,2026-07-03 07:00:00+00:00,1.0,0.81,2.37,1.5,33.47
London,England,51.5074,-0.1278,2026-07-03 07:00:00+00:00,1.0,2.2,4.2,9.88,49.02
Madrid,Spain,40.4168,-3.7038,2026-07-03 07:00:00+00:00,2.0,3.69,8.02,1.51,65.08
Paris,France,48.8566,2.3522,2026-07-03 07:00:00+00:00,1.0,4.28,8.5,2.78,49.41
Antananarivo,Madagascar,-18.8792,47.5079,2026-07-03 08:00:00+00:00,1.0,7.92,11.1,0.25,56.58
Buenos Aires,Argentina,-34.6037,-58.3816,2026-07-03 08:00:00+00:00,1.0,0.83,2.41,1.44,33.09
London,England,51.5074,-0.1278,2026-07-03 08:00:00+00:00,1.0,2.42,4.43,9.69,48.88
Madrid,Spain,40.4168,-3.7038,2026-07-03 08:00:00+00:00,2.0,3.9,8.63,1.34,68.21
Paris,France,48.8566,2.3522,2026-07-03 08:00:00+00:00,1.0,4.57,9.04,2.66,51.05
Antananarivo,Madagascar,-18.8792,47.5079,2026-07-03 09:00:00+00:00,1.0,7.62,10.53,0.19,57.44
Buenos Aires,Argentina,-34.6037,-58.3816,2026-07-03 09:00:00+00:00,1.0,0.85,2.45,1.43,32.53
London,England,51.5074,-0.1278,2026-07-03 09:00:00+00:00,1.0,2.72,4.77,9.66,50.09
Madrid,Spain,40.4168,-3.7038,2026-07-03 09:00:00+00:00,2.0,4.05,9.07,1.02,75.32
Paris,France,48.8566,2.3522,2026-07-03 09:00:00+00:00,1.0,5.02,9.67,2.27,57.49
Antananarivo,Madagascar,-18.8792,47.5079,2026-07-03 10:00:00+00:00,2.0,6.07,8.25,0.16,61.02
Buenos Aires,Argentina,-34.6037,-58.3816,2026-07-03 10:00:00+00:00,1.0,0.88,2.5,1.58,31.99
London,England,51.5074,-0.1278,2026-07-03 10:00:00+00:00,1.0,3.16,5.3,10.01,52.44
Madrid,Spain,40.4168,-3.7038,2026-07-03 10:00:00+00:00,2.0,3.77,8.44,0.5,87.22
Paris,France,48.8566,2.3522,2026-07-03 10:00:00+00:00,2.0,4.77,8.51,1.11,76.29
Antananarivo,Madagascar,-18.8792,47.5079,2026-07-03 11:00:00+00:00,2.0,6.09,8.05,0.17,61.8
Buenos Aires,Argentina,-34.6037,-58.3816,2026-07-03 11:00:00+00:00,1.0,0.91,2.59,1.93,31.36
London,England,51.5074,-0.1278,2026-07-03 11:00:00+00:00,1.0,4.2,6.49,11.05,55.38
Madrid,Spain,40.4168,-3.7038,2026-07-03 11:00:00+00:00,2.0,3.29,7.14,0.33,91.43
Paris,France,48.8566,2.3522,2026-07-03 11:00:00+00:00,2.0,4.49,7.45,0.64,83.92
Antananarivo,Madagascar,-18.8792,47.5079,2026-07-03 12:00:00+00:00,2.0,6.44,8.39,0.2,61.59
Buenos Aires,Argentina,-34.6037,-58.3816,2026-07-03 12:00:00+00:00,1.0,0.96,2.72,2.19,30.47
London,England,51.5074,-0.1278,2026-07-03 12:00:00+00:00,1.0,6.34,8.73,12.48,58.67
Madrid,Spain,40.4168,-3.7038,2026-07-03 12:00:00+00:00,2.0,3.03,6.43,0.29,92.8
Paris,France,48.8566,2.3522,2026-07-03 12:00:00+00:00,2.0,4.73,7.49,0.54,88.97
Antananarivo,Madagascar,-18.8792,47.5079,2026-07-03 13:00:00+00:00,1.0,7.27,9.54,0.38,59.48
Buenos Aires,Argentina,-34.6037,-58.3816,2026-07-03 13:00:00+00:00,1.0,0.99,2.85,1.77,29.91
London,England,51.5074,-0.1278,2026-07-03 13:00:00+00:00,2.0,8.96,11.37,14.23,61.71
Madrid,Spain,40.4168,-3.7038,2026-07-03 13:00:00+00:00,2.0,2.82,5.83,0.28,95.06
Paris,France,48.8566,2.3522,2026-07-03 13:00:00+00:00,2.0,4.89,7.47,0.51,94.67
Antananarivo,Madagascar,-18.8792,47.5079,2026-07-03 14:00:00+00:00,1.0,8.49,11.3,0.79,55.17
Buenos Aires,Argentina,-34.6037,-58.3816,2026-07-03 14:00:00+00:00,1.0,1.01,2.95,1.33,29.69
London,England,51.5074,-0.1278,2026-07-03 14:00:00+00:00,2.0,10.97,13.44,15.84,63.58
Madrid,Spain,40.4168,-3.7038,2026-07-03 14:00:00+00:00,2.0,2.56,5.14,0.26,95.68
Paris,France,48.8566,2.3522,2026-07-03 14:00:00+00:00,2.0,4.73,7.02,0.53,98.38
Antananarivo,Madagascar,-18.8792,47.5079,2026-07-03 15:00:00+00:00,1.0,9.59,12.97,1.36,50.46
Buenos Aires,Argentina,-34.6037,-58.3816,2026-07-03 15:00:00+00:00,1.0,1.02,3.09,1.09,31.77
London,England,51.5074,-0.1278,2026-07-03 15:00:00+00:00,2.0,11.05,13.66,16.44,67.23
Madrid,Spain,40.4168,-3.7038,2026-07-03 15:00:00+00:00,2.0,2.39,4.69,0.27,96.26
Paris,France,48.8566,2.3522,2026-07-03 15:00:00+00:00,3.0,4.74,6.9,0.6,101.69
Antananarivo,Madagascar,-18.8792,47.5079,2026-07-03 16:00:00+00:00,2.0,11.09,15.25,1.86,44.81
Buenos Aires,Argentina,-34.6037,-58.3816,2026-07-03 16:00:00+00:00,1.0,0.65,2.57,0.37,53.7
London,England,51.5074,-0.1278,2026-07-03 16:00:00+00:00,2.0,9.68,12.48,15.35,73.82
Madrid,Spain,40.4168,-3.7038,2026-07-03 16:00:00+00:00,2.0,2.29,4.42,0.3,97.86
Paris,France,48.8566,2.3522,2026-07-03 16:00:00+00:00,3.0,4.91,7.09,0.69,105.59
Antananarivo,Madagascar,-18.8792,47.5079,2026-07-03 17:00:00+00:00,2.0,13.45,18.63,2.41,39.85
Buenos Aires,Argentina,-34.6037,-58.3816,2026-07-03 17:00:00+00:00,1.0,0.58,2.33,0.24,56.95
London,England,51.5074,-0.1278,2026-07-03 17:00:00+00:00,2.0,8.96,12.17,15.54,76.45
Madrid,Spain,40.4168,-3.7038,2026-07-03 17:00:00+00:00,2.0,2.2,4.19,0.32,98.85
Paris,France,48.8566,2.3522,2026-07-03 17:00:00+00:00,3.0,5.16,7.42,0.77,108.29
Antananarivo,Madagascar,-18.8792,47.5079,2026-07-03 18:00:00+00:00,2.0,15.77,21.79,2.8,35.98
Buenos Aires,Argentina,-34.6037,-58.3816,2026-07-03 18:00:00+00:00,1.0,0.59,2.33,0.23,57.19
London,England,51.5074,-0.1278,2026-07-03 18:00:00+00:00,2.0,8.12,11.74,15.6,78.52
Madrid,Spain,40.4168,-3.7038,2026-07-03 18:00:00+00:00,2.0,2.12,3.99,0.36,99.66
Paris,France,48.8566,2.3522,2026-07-03 18:00:00+00:00,3.0,5.35,7.7,0.87,109.79
Antananarivo,Madagascar,-18.8792,47.5079,2026-07-03 19:00:00+00:00,2.0,17.85,24.58,3.09,32.85
Buenos Aires,Argentina,-34.6037,-58.3816,2026-07-03 19:00:00+00:00,1.0,0.66,2.46,0.5,53.97
London,England,51.5074,-0.1278,2026-07-03 19:00:00+00:00,2.0,7.56,11.46,16.01,79.19
Madrid,Spain,40.4168,-3.7038,2026-07-03 19:00:00+00:00,2.0,2.08,3.86,0.65,94.88
Paris,France,48.8566,2.3522,2026-07-03 19:00:00+00:00,3.0,5.47,7.89,1.23,105.46
Antananarivo,Madagascar,-18.8792,47.5079,2026-07-03 20:00:00+00:00,2.0,19.74,27.01,3.36,30.95
Buenos Aires,Argentina,-34.6037,-58.3816,2026-07-03 20:00:00+00:00,1.0,0.77,2.67,1.21,50.08
London,England,51.5074,-0.1278,2026-07-03 20:00:00+00:00,2.0,6.9,10.86,16.26,77.83
Madrid,Spain,40.4168,-3.7038,2026-07-03 20:00:00+00:00,2.0,2.06,3.8,1.1,86.84
Paris,France,48.8566,2.3522,2026-07-03 20:00:00+00:00,2.0,5.5,7.93,1.73,97.66
Antananarivo,Madagascar,-18.8792,47.5079,2026-07-03 21:00:00+00:00,2.0,20.42,27.25,3.42,30.01
Buenos Aires,Argentina,-34.6037,-58.3816,2026-07-03 21:00:00+00:00,1.0,0.87,2.89,2.23,47.96
London,England,51.5074,-0.1278,2026-07-03 21:00:00+00:00,2.0,6.34,10.23,15.13,76.4
Madrid,Spain,40.4168,-3.7038,2026-07-03 21:00:00+00:00,2.0,2.05,3.79,1.41,80.39
Paris,France,48.8566,2.3522,2026-07-03 21:00:00+00:00,2.0,5.3,7.68,2.08,91.31
Antananarivo,Madagascar,-18.8792,47.5079,2026-07-03 22:00:00+00:00,2.0,20.28,26.21,3.29,29.64
Buenos Aires,Argentina,-34.6037,-58.3816,2026-07-03 22:00:00+00:00,1.0,0.96,3.11,2.91,47.06
London,England,51.5074,-0.1278,2026-07-03 22:00:00+00:00,2.0,6.14,9.94,14.65,76.08
Madrid,Spain,40.4168,-3.7038,2026-07-03 22:00:00+00:00,2.0,2.05,3.8,1.58,75.07
Paris,France,48.8566,2.3522,2026-07-03 22:00:00+00:00,2.0,4.88,7.1,2.27,85.05
Antananarivo,Madagascar,-18.8792,47.5079,2026-07-03 23:00:00+00:00,2.0,20.12,25.69,3.12,29.33
Buenos Aires,Argentina,-34.6037,-58.3816,2026-07-03 23:00:00+00:00,1.0,1.06,3.35,3.22,46.17
London,England,51.5074,-0.1278,2026-07-03 23:00:00+00:00,2.0,6.38,10.27,14.83,76.09
Madrid,Spain,40.4168,-3.7038,2026-07-03 23:00:00+00:00,2.0,2.13,4.0,1.57,72.2
Paris,France,48.8566,2.3522,2026-07-03 23:00:00+00:00,2.0,4.42,6.47,2.18,80.74
Antananarivo,Madagascar,-18.8792,47.5079,2026-07-04 00:00:00+00:00,2.0,19.99,25.45,2.96,28.93
Buenos Aires,Argentina,-34.6037,-58.3816,2026-07-04 00:00:00+00:00,1.0,1.16,3.59,3.44,44.89
London,England,51.5074,-0.1278,2026-07-04 00:00:00+00:00,2.0,6.84,11.11,15.35,74.76
Madrid,Spain,40.4168,-3.7038,2026-07-04 00:00:00+00:00,2.0,2.27,4.37,1.5,71.4
Paris,France,48.8566,2.3522,2026-07-04 00:00:00+00:00,2.0,3.85,5.74,2.05,77.62
Antananarivo,Madagascar,-18.8792,47.5079,2026-07-04 01:00:00+00:00,2.0,19.55,24.82,2.76,28.63
Buenos Aires,Argentina,-34.6037,-58.3816,2026-07-04 01:00:00+00:00,1.0,1.3,3.86,4.27,42.45
London,England,51.5074,-0.1278,2026-07-04 01:00:00+00:00,2.0,7.04,11.86,15.16,71.04
Madrid,Spain,40.4168,-3.7038,2026-07-04 01:00:00+00:00,2.0,2.48,5.1,1.36,74.04
Paris,France,48.8566,2.3522,2026-07-04 01:00:00+00:00,2.0,3.31,5.04,2.03,74.23
Antananarivo,Madagascar,-18.8792,47.5079,2026-07-04 02:00:00+00:00,2.0,18.99,24.13,2.57,28.43
Buenos Aires,Argentina,-34.6037,-58.3816,2026-07-04 02:00:00+00:00,1.0,1.5,4.22,5.31,40.6
London,England,51.5074,-0.1278,2026-07-04 02:00:00+00:00,2.0,6.71,12.04,14.26,65.57
Madrid,Spain,40.4168,-3.7038,2026-07-04 02:00:00+00:00,2.0,2.66,5.61,1.4,72.12
Paris,France,48.8566,2.3522,2026-07-04 02:00:00+00:00,2.0,3.08,4.73,2.14,67.65
Antananarivo,Madagascar,-18.8792,47.5079,2026-07-04 03:00:00+00:00,2.0,18.58,23.73,2.45,28.36
Buenos Aires,Argentina,-34.6037,-58.3816,2026-07-04 03:00:00+00:00,1.0,1.77,4.65,6.11,39.24
London,England,51.5074,-0.1278,2026-07-04 03:00:00+00:00,1.0,5.91,11.41,13.07,58.96
Madrid,Spain,40.4168,-3.7038,2026-07-04 03:00:00+00:00,2.0,2.79,5.98,1.47,69.92
Paris,France,48.8566,2.3522,2026-07-04 03:00:00+00:00,2.0,2.98,4.58,2.29,61.89
Antananarivo,Madagascar,-18.8792,47.5079,2026-07-04 04:00:00+00:00,2.0,18.47,23.98,2.53,28.07
Buenos Aires,Argentina,-34.6037,-58.3816,2026-07-04 04:00:00+00:00,1.0,2.06,5.1,7.1,37.34
London,England,51.5074,-0.1278,2026-07-04 04:00:00+00:00,1.0,4.71,9.58,11.04,53.65
Madrid,Spain,40.4168,-3.7038,2026-07-04 04:00:00+00:00,2.0,2.84,6.09,1.58,65.33
Paris,France,48.8566,2.3522,2026-07-04 04:00:00+00:00,1.0,2.9,4.47,2.49,55.92
Antananarivo,Madagascar,-18.8792,47.5079,2026-07-04 05:00:00+00:00,2.0,18.43,24.29,2.09,29.38
Buenos Aires,Argentina,-34.6037,-58.3816,2026-07-04 05:00:00+00:00,1.0,2.33,5.54,7.54,36.11
London,England,51.5074,-0.1278,2026-07-04 05:00:00+00:00,1.0,3.68,7.62,10.04,48.38
Madrid,Spain,40.4168,-3.7038,2026-07-04 05:00:00+00:00,1.0,2.9,6.15,1.89,59.37
Paris,France,48.8566,2.3522,2026-07-04 05:00:00+00:00,1.0,2.88,4.46,3.11,51.17
Antananarivo,Madagascar,-18.8792,47.5079,2026-07-04 06:00:00+00:00,2.0,19.45,25.32,1.33,37.36
Buenos Aires,Argentina,-34.6037,-58.3816,2026-07-04 06:00:00+00:00,1.0,2.55,5.88,7.54,35.19
London,England,51.5074,-0.1278,2026-07-04 06:00:00+00:00,1.0,2.94,6.01,9.05,44.46
Madrid,Spain,40.4168,-3.7038,2026-07-04 06:00:00+00:00,1.0,2.96,6.26,2.33,53.23
Paris,France,48.8566,2.3522,2026-07-04 06:00:00+00:00,1.0,2.92,4.53,3.6,47.55
Antananarivo,Madagascar,-18.8792,47.5079,2026-07-04 07:00:00+00:00,1.0,7.16,9.55,0.28,56.22
Buenos Aires,Argentina,-34.6037,-58.3816,2026-07-04 07:00:00+00:00,1.0,2.71,6.13,7.36,33.53
London,England,51.5074,-0.1278,2026-07-04 07:00:00+00:00,1.0,2.39,4.76,7.46,42.67
Madrid,Spain,40.4168,-3.7038,2026-07-04 07:00:00+00:00,1.0,2.97,6.32,2.25,48.21
Paris,France,48.8566,2.3522,2026-07-04 07:00:00+00:00,1.0,2.99,4.65,3.46,45.76
Antananarivo,Madagascar,-18.8792,47.5079,2026-07-04 08:00:00+00:00,1.0,5.95,7.93,0.16,59.8
Buenos Aires,Argentina,-34.6037,-58.3816,2026-07-04 08:00:00+00:00,1.0,2.87,6.38,7.2,31.0
London,England,51.5074,-0.1278,2026-07-04 08:00:00+00:00,1.0,1.98,3.89,6.06,42.57
Madrid,Spain,40.4168,-3.7038,2026-07-04 08:00:00+00:00,1.0,2.99,6.43,1.85,50.25
Paris,France,48.8566,2.3522,2026-07-04 08:00:00+00:00,1.0,3.11,4.81,3.12,47.28
Antananarivo,Madagascar,-18.8792,47.5079,2026-07-04 09:00:00+00:00,2.0,5.73,7.61,0.12,60.97
Buenos Aires,Argentina,-34.6037,-58.3816,2026-07-04 09:00:00+00:00,1.0,3.01,6.6,7.09,28.03
London,England,51.5074,-0.1278,2026-07-04 09:00:00+00:00,1.0,1.82,3.55,5.23,43.03
Madrid,Spain,40.4168,-3.7038,2026-07-04 09:00:00+00:00,2.0,3.05,6.69,1.36,61.27
Paris,France,48.8566,2.3522,2026-07-04 09:00:00+00:00,1.0,3.55,5.29,2.65,54.27
Antananarivo,Madagascar,-18.8792,47.5079,2026-07-04 10:00:00+00:00,2.0,4.81,6.41,0.1,65.64
Buenos Aires,Argentina,-34.6037,-58.3816,2026-07-04 10:00:00+00:00,1.0,3.03,6.62,6.9,24.88
London,England,51.5074,-0.1278,2026-07-04 10:00:00+00:00,1.0,1.9,3.7,4.48,45.0
Madrid,Spain,40.4168,-3.7038,2026-07-04 10:00:00+00:00,2.0,2.89,6.63,0.37,92.83
Paris,France,48.8566,2.3522,2026-07-04 10:00:00+00:00,2.0,4.26,6.08,1.13,90.99
Antananarivo,Madagascar,-18.8792,47.5079,2026-07-04 11:00:00+00:00,2.0,4.51,5.91,0.1,68.97
Buenos Aires,Argentina,-34.6037,-58.3816,2026-07-04 11:00:00+00:00,1.0,2.96,6.51,6.73,22.29
London,England,51.5074,-0.1278,2026-07-04 11:00:00+00:00,1.0,2.32,4.57,4.15,49.07
Madrid,Spain,40.4168,-3.7038,2026-07-04 11:00:00+00:00,2.0,2.69,5.9,0.25,96.24
Paris,France,48.8566,2.3522,2026-07-04 11:00:00+00:00,2.0,3.85,5.25,0.64,97.69
Antananarivo,Madagascar,-18.8792,47.5079,2026-07-04 12:00:00+00:00,2.0,4.52,5.84,0.11,69.99
Buenos Aires,Argentina,-34.6037,-58.3816,2026-07-04 12:00:00+00:00,1.0,2.86,6.45,6.33,21.35
London,England,51.5074,-0.1278,2026-07-04 12:00:00+00:00,1.0,2.91,5.81,3.82,55.87
Madrid,Spain,40.4168,-3.7038,2026-07-04 12:00:00+00:00,2.0,2.63,5.62,0.23,96.88
Paris,France,48.8566,2.3522,2026-07-04 12:00:00+00:00,2.0,3.45,4.54,0.53,98.4
Antananarivo,Madagascar,-18.8792,47.5079,2026-07-04 13:00:00+00:00,2.0,5.21,6.76,0.27,66.05
Buenos Aires,Argentina,-34.6037,-58.3816,2026-07-04 13:00:00+00:00,1.0,2.37,6.3,4.6,24.03
London,England,51.5074,-0.1278,2026-07-04 13:00:00+00:00,2.0,3.49,7.07,3.54,63.57
Madrid,Spain,40.4168,-3.7038,2026-07-04 13:00:00+00:00,2.0,2.63,5.49,0.22,98.8
Paris,France,48.8566,2.3522,2026-07-04 13:00:00+00:00,2.0,2.97,3.79,0.47,99.15
Antananarivo,Madagascar,-18.8792,47.5079,2026-07-04 14:00:00+00:00,1.0,6.51,8.52,0.65,59.27
Buenos Aires,Argentina,-34.6037,-58.3816,2026-07-04 14:00:00+00:00,1.0,2.03,6.25,3.35,25.34
London,England,51.5074,-0.1278,2026-07-04 14:00:00+00:00,2.0,3.92,8.17,3.39,69.79
Madrid,Spain,40.4168,-3.7038,2026-07-04 14:00:00+00:00,2.0,2.56,5.21,0.22,99.49
Paris,France,48.8566,2.3522,2026-07-04 14:00:00+00:00,2.0,2.32,2.87,0.42,96.71
Antananarivo,Madagascar,-18.8792,47.5079,2026-07-04 15:00:00+00:00,1.0,7.82,10.33,1.13,53.42
Buenos Aires,Argentina,-34.6037,-58.3816,2026-07-04 15:00:00+00:00,1.0,2.02,6.61,2.96,26.4
London,England,51.5074,-0.1278,2026-07-04 15:00:00+00:00,2.0,4.34,9.38,3.49,74.1
Madrid,Spain,40.4168,-3.7038,2026-07-04 15:00:00+00:00,2.0,2.51,5.01,0.23,99.82
Paris,France,48.8566,2.3522,2026-07-04 15:00:00+00:00,2.0,1.94,2.33,0.43,93.53
Antananarivo,Madagascar,-18.8792,47.5079,2026-07-04 16:00:00+00:00,1.0,9.37,12.5,1.54,47.23
Buenos Aires,Argentina,-34.6037,-58.3816,2026-07-04 16:00:00+00:00,1.0,2.84,8.06,2.96,47.86
London,England,51.5074,-0.1278,2026-07-04 16:00:00+00:00,2.0,4.66,10.43,3.88,76.5
Madrid,Spain,40.4168,-3.7038,2026-07-04 16:00:00+00:00,3.0,2.53,4.99,0.25,100.58
Paris,France,48.8566,2.3522,2026-07-04 16:00:00+00:00,2.0,1.72,2.03,0.48,90.94
Antananarivo,Madagascar,-18.8792,47.5079,2026-07-04 17:00:00+00:00,2.0,11.49,15.38,1.97,41.49
Buenos Aires,Argentina,-34.6037,-58.3816,2026-07-04 17:00:00+00:00,1.0,3.5,8.59,3.76,49.78
London,England,51.5074,-0.1278,2026-07-04 17:00:00+00:00,2.0,4.6,10.43,4.59,76.36
Madrid,Spain,40.4168,-3.7038,2026-07-04 17:00:00+00:00,2.0,2.58,5.07,0.28,99.98
Paris,France,48.8566,2.3522,2026-07-04 17:00:00+00:00,2.0,1.64,1.94,0.55,88.25
Antananarivo,Madagascar,-18.8792,47.5079,2026-07-04 18:00:00+00:00,2.0,13.61,18.14,2.31,36.59
Buenos Aires,Argentina,-34.6037,-58.3816,2026-07-04 18:00:00+00:00,1.0,3.91,8.94,4.76,48.98
London,England,51.5074,-0.1278,2026-07-04 18:00:00+00:00,2.0,4.17,9.35,5.58,73.7
Madrid,Spain,40.4168,-3.7038,2026-07-04 18:00:00+00:00,2.0,2.63,5.17,0.31,98.93
Paris,France,48.8566,2.3522,2026-07-04 18:00:00+00:00,2.0,1.68,2.04,0.62,85.03
Antananarivo,Madagascar,-18.8792,47.5079,2026-07-04 19:00:00+00:00,2.0,14.92,19.79,2.47,32.6
Buenos Aires,Argentina,-34.6037,-58.3816,2026-07-04 19:00:00+00:00,1.0,4.28,9.18,5.95,44.88
London,England,51.5074,-0.1278,2026-07-04 19:00:00+00:00,2.0,3.58,7.89,7.07,68.49
Madrid,Spain,40.4168,-3.7038,2026-07-04 19:00:00+00:00,2.0,2.7,5.3,0.42,95.79
Paris,France,48.8566,2.3522,2026-07-04 19:00:00+00:00,2.0,1.86,2.36,0.89,78.77
Antananarivo,Madagascar,-18.8792,47.5079,2026-07-04 20:00:00+00:00,2.0,15.34,20.23,2.46,30.34
Buenos Aires,Argentina,-34.6037,-58.3816,2026-07-04 20:00:00+00:00,1.0,4.5,9.3,7.63,38.03
London,England,51.5074,-0.1278,2026-07-04 20:00:00+00:00,2.0,3.0,6.59,8.76,60.48
Madrid,Spain,40.4168,-3.7038,2026-07-04 20:00:00+00:00,2.0,2.78,5.44,0.59,90.32
Paris,France,48.8566,2.3522,2026-07-04 20:00:00+00:00,2.0,2.15,2.85,1.29,70.92
Antananarivo,Madagascar,-18.8792,47.5079,2026-07-04 21:00:00+00:00,2.0,14.6,18.96,2.22,29.49
Buenos Aires,Argentina,-34.6037,-58.3816,2026-07-04 21:00:00+00:00,1.0,4.59,9.35,9.59,32.64
London,England,51.5074,-0.1278,2026-07-04 21:00:00+00:00,1.0,2.49,5.52,9.35,51.59
Madrid,Spain,40.4168,-3.7038,2026-07-04 21:00:00+00:00,2.0,2.86,5.55,0.71,85.29
Paris,France,48.8566,2.3522,2026-07-04 21:00:00+00:00,2.0,2.5,3.46,1.57,65.18
Antananarivo,Madagascar,-18.8792,47.5079,2026-07-04 22:00:00+00:00,2.0,12.66,16.39,1.77,30.51
Buenos Aires,Argentina,-34.6037,-58.3816,2026-07-04 22:00:00+00:00,1.0,4.53,9.23,10.58,29.2
London,England,51.5074,-0.1278,2026-07-04 22:00:00+00:00,1.0,2.15,4.85,9.62,44.08
Madrid,Spain,40.4168,-3.7038,2026-07-04 22:00:00+00:00,2.0,2.88,5.55,0.78,79.88
Paris,France,48.8566,2.3522,2026-07-04 22:00:00+00:00,2.0,2.8,4.01,1.69,60.13
Antananarivo,Madagascar,-18.8792,47.5079,2026-07-04 23:00:00+00:00,2.0,12.12,15.61,1.63,29.41
Buenos Aires,Argentina,-34.6037,-58.3816,2026-07-04 23:00:00+00:00,1.0,4.49,9.09,11.33,26.04
London,England,51.5074,-0.1278,2026-07-04 23:00:00+00:00,1.0,1.93,4.44,9.62,38.64
Madrid,Spain,40.4168,-3.7038,2026-07-04 23:00:00+00:00,2.0,2.92,5.62,0.8,76.42
Paris,France,48.8566,2.3522,2026-07-04 23:00:00+00:00,1.0,3.11,4.57,1.62,57.46
Antananarivo,Madagascar,-18.8792,47.5079,2026-07-05 00:00:00+00:00,2.0,11.61,14.45,1.52,28.34
Buenos Aires,Argentina,-34.6037,-58.3816,2026-07-05 00:00:00+00:00,1.0,4.5,9.0,12.23,22.71
London,England,51.5074,-0.1278,2026-07-05 00:00:00+00:00,1.0,1.75,4.05,9.05,36.43
Madrid,Spain,40.4168,-3.7038,2026-07-05 00:00:00+00:00,2.0,2.95,5.75,0.84,74.05
Paris,France,48.8566,2.3522,2026-07-05 00:00:00+00:00,1.0,3.37,5.06,1.47,55.89
Antananarivo,Madagascar,-18.8792,47.5079,2026-07-05 01:00:00+00:00,2.0,10.94,13.05,1.43,27.67
Buenos Aires,Argentina,-34.6037,-58.3816,2026-07-05 01:00:00+00:00,1.0,4.43,8.76,12.77,19.46
London,England,51.5074,-0.1278,2026-07-05 01:00:00+00:00,1.0,1.57,3.58,7.62,37.69
Madrid,Spain,40.4168,-3.7038,2026-07-05 01:00:00+00:00,2.0,2.95,5.8,0.9,71.03
Paris,France,48.8566,2.3522,2026-07-05 01:00:00+00:00,1.0,3.5,5.35,1.37,53.23
Antananarivo,Madagascar,-18.8792,47.5079,2026-07-05 02:00:00+00:00,2.0,10.27,12.1,1.34,26.94
Buenos Aires,Argentina,-34.6037,-58.3816,2026-07-05 02:00:00+00:00,1.0,4.3,8.48,12.37,17.25
London,England,51.5074,-0.1278,2026-07-05 02:00:00+00:00,1.0,1.63,3.64,7.7,38.29
Madrid,Spain,40.4168,-3.7038,2026-07-05 02:00:00+00:00,2.0,2.97,5.83,1.01,67.6
Paris,France,48.8566,2.3522,2026-07-05 02:00:00+00:00,1.0,3.58,5.53,1.35,49.1
Antananarivo,Madagascar,-18.8792,47.5079,2026-07-05 03:00:00+00:00,1.0,9.72,11.47,1.3,26.72
Buenos Aires,Argentina,-34.6037,-58.3816,2026-07-05 03:00:00+00:00,1.0,4.07,8.11,11.0,15.91
London,England,51.5074,-0.1278,2026-07-05 03:00:00+00:00,1.0,1.79,3.92,8.18,38.3
Madrid,Spain,40.4168,-3.7038,2026-07-05 03:00:00+00:00,2.0,2.99,5.85,1.17,64.28
Paris,France,48.8566,2.3522,2026-07-05 03:00:00+00:00,1.0,3.6,5.62,1.39,44.94
Antananarivo,Madagascar,-18.8792,47.5079,2026-07-05 04:00:00+00:00,1.0,9.31,11.58,1.36,28.38
Buenos Aires,Argentina,-34.6037,-58.3816,2026-07-05 04:00:00+00:00,1.0,3.73,7.58,9.17,15.06
London,England,51.5074,-0.1278,2026-07-05 04:00:00+00:00,1.0,1.97,4.28,8.75,37.72
Madrid,Spain,40.4168,-3.7038,2026-07-05 04:00:00+00:00,2.0,2.99,5.8,1.33,60.14
Paris,France,48.8566,2.3522,2026-07-05 04:00:00+00:00,1.0,3.54,5.57,1.49,40.54
Antananarivo,Madagascar,-18.8792,47.5079,2026-07-05 05:00:00+00:00,1.0,9.26,12.36,1.25,29.46
Buenos Aires,Argentina,-34.6037,-58.3816,2026-07-05 05:00:00+00:00,1.0,3.44,7.25,7.59,14.97
London,England,51.5074,-0.1278,2026-07-05 05:00:00+00:00,1.0,2.16,4.65,9.29,36.85
Madrid,Spain,40.4168,-3.7038,2026-07-05 05:00:00+00:00,1.0,3.05,5.86,1.57,56.42
Paris,France,48.8566,2.3522,2026-07-05 05:00:00+00:00,1.0,3.49,5.57,1.81,37.25
Antananarivo,Madagascar,-18.8792,47.5079,2026-07-05 06:00:00+00:00,1.0,9.52,12.93,0.83,34.1
Buenos Aires,Argentina,-34.6037,-58.3816,2026-07-05 06:00:00+00:00,1.0,3.17,6.86,6.16,15.57
London,England,51.5074,-0.1278,2026-07-05 06:00:00+00:00,1.0,2.34,4.97,8.69,37.13
Madrid,Spain,40.4168,-3.7038,2026-07-05 06:00:00+00:00,1.0,3.15,5.99,1.9,52.95
Paris,France,48.8566,2.3522,2026-07-05 06:00:00+00:00,1.0,3.42,5.56,2.01,36.21
Antananarivo,Madagascar,-18.8792,47.5079,2026-07-05 07:00:00+00:00,1.0,6.03,8.58,0.27,48.48
Buenos Aires,Argentina,-34.6037,-58.3816,2026-07-05 07:00:00+00:00,1.0,2.97,6.6,4.92,16.37
London,England,51.5074,-0.1278,2026-07-05 07:00:00+00:00,1.0,2.51,5.25,7.84,37.65
Madrid,Spain,40.4168,-3.7038,2026-07-05 07:00:00+00:00,1.0,3.2,6.08,1.85,50.7
Paris,France,48.8566,2.3522,2026-07-05 07:00:00+00:00,1.0,3.22,5.39,1.66,39.72
Antananarivo,Madagascar,-18.8792,47.5079,2026-07-05 08:00:00+00:00,1.0,5.71,8.16,0.16,50.75
Buenos Aires,Argentina,-34.6037,-58.3816,2026-07-05 08:00:00+00:00,1.0,2.83,6.12,4.04,16.49
London,England,51.5074,-0.1278,2026-07-05 08:00:00+00:00,1.0,2.7,5.54,7.61,37.83
Madrid,Spain,40.4168,-3.7038,2026-07-05 08:00:00+00:00,1.0,3.26,6.2,1.54,53.08
Paris,France,48.8566,2.3522,2026-07-05 08:00:00+00:00,1.0,3.21,5.38,1.4,41.84
Antananarivo,Madagascar,-18.8792,47.5079,2026-07-05 09:00:00+00:00,1.0,5.91,8.29,0.13,50.65
Buenos Aires,Argentina,-34.6037,-58.3816,2026-07-05 09:00:00+00:00,1.0,2.72,5.81,3.45,16.32
London,England,51.5074,-0.1278,2026-07-05 09:00:00+00:00,1.0,2.9,5.83,7.51,38.38
Madrid,Spain,40.4168,-3.7038,2026-07-05 09:00:00+00:00,2.0,3.35,6.43,1.16,61.81
Paris,France,48.8566,2.3522,2026-07-05 09:00:00+00:00,1.0,3.43,5.6,1.14,46.19
Antananarivo,Madagascar,-18.8792,47.5079,2026-07-05 10:00:00+00:00,1.0,3.99,5.47,0.09,54.15
Buenos Aires,Argentina,-34.6037,-58.3816,2026-07-05 10:00:00+00:00,1.0,2.63,5.73,3.18,16.09
London,England,51.5074,-0.1278,2026-07-05 10:00:00+00:00,1.0,3.21,6.43,7.82,39.32
Madrid,Spain,40.4168,-3.7038,2026-07-05 10:00:00+00:00,2.0,3.46,6.95,0.52,84.52
Paris,France,48.8566,2.3522,2026-07-05 10:00:00+00:00,1.0,2.56,4.11,0.62,51.64
Antananarivo,Madagascar,-18.8792,47.5079,2026-07-05 11:00:00+00:00,1.0,3.18,4.25,0.09,54.39
Buenos Aires,Argentina,-34.6037,-58.3816,2026-07-05 11:00:00+00:00,1.0,2.59,5.77,3.32,15.95
London,England,51.5074,-0.1278,2026-07-05 11:00:00+00:00,1.0,3.83,7.72,8.46,40.9
Madrid,Spain,40.4168,-3.7038,2026-07-05 11:00:00+00:00,2.0,3.45,6.92,0.37,89.26
Paris,France,48.8566,2.3522,2026-07-05 11:00:00+00:00,1.0,2.16,3.41,0.44,53.2
Antananarivo,Madagascar,-18.8792,47.5079,2026-07-05 12:00:00+00:00,1.0,3.25,4.25,0.11,54.21
Buenos Aires,Argentina,-34.6037,-58.3816,2026-07-05 12:00:00+00:00,1.0,2.59,5.86,3.54,16.35
London,England,51.5074,-0.1278,2026-07-05 12:00:00+00:00,1.0,4.7,9.73,8.84,43.87
Madrid,Spain,40.4168,-3.7038,2026-07-05 12:00:00+00:00,2.0,3.5,6.94,0.34,91.57
Paris,France,48.8566,2.3522,2026-07-05 12:00:00+00:00,1.0,2.24,3.46,0.4,55.26
Antananarivo,Madagascar,-18.8792,47.5079,2026-07-05 13:00:00+00:00,1.0,3.54,4.6,0.19,52.91
Buenos Aires,Argentina,-34.6037,-58.3816,2026-07-05 13:00:00+00:00,1.0,2.58,6.11,3.43,18.44
London,England,51.5074,-0.1278,2026-07-05 13:00:00+00:00,1.0,5.72,12.21,8.8,48.96
Madrid,Spain,40.4168,-3.7038,2026-07-05 13:00:00+00:00,2.0,3.19,6.01,0.29,96.71
Paris,France,48.8566,2.3522,2026-07-05 13:00:00+00:00,1.0,1.99,3.05,0.35,56.6
Antananarivo,Madagascar,-18.8792,47.5079,2026-07-05 14:00:00+00:00,1.0,3.96,5.18,0.33,50.82
Buenos Aires,Argentina,-34.6037,-58.3816,2026-07-05 14:00:00+00:00,1.0,2.54,6.46,3.02,19.88
London,England,51.5074,-0.1278,2026-07-05 14:00:00+00:00,1.0,6.57,14.24,8.45,55.8
Madrid,Spain,40.4168,-3.7038,2026-07-05 14:00:00+00:00,2.0,2.79,5.03,0.27,98.62
Paris,France,48.8566,2.3522,2026-07-05 14:00:00+00:00,1.0,1.68,2.54,0.33,56.37
Antananarivo,Madagascar,-18.8792,47.5079,2026-07-05 15:00:00+00:00,1.0,4.44,5.83,0.5,49.17
Buenos Aires,Argentina,-34.6037,-58.3816,2026-07-05 15:00:00+00:00,1.0,2.49,6.95,2.53,21.71
London,England,51.5074,-0.1278,2026-07-05 15:00:00+00:00,2.0,6.95,15.12,7.67,63.75
Madrid,Spain,40.4168,-3.7038,2026-07-05 15:00:00+00:00,2.0,2.6,4.61,0.28,99.1
Paris,France,48.8566,2.3522,2026-07-05 15:00:00+00:00,1.0,1.6,2.41,0.36,57.86
Antananarivo,Madagascar,-18.8792,47.5079,2026-07-05 16:00:00+00:00,1.0,4.77,6.29,0.63,46.85
Buenos Aires,Argentina,-34.6037,-58.3816,2026-07-05 16:00:00+00:00,1.0,2.33,6.94,2.03,27.74
London,England,51.5074,-0.1278,2026-07-05 16:00:00+00:00,2.0,6.82,14.72,6.9,69.86
Madrid,Spain,40.4168,-3.7038,2026-07-05 16:00:00+00:00,2.0,2.5,4.41,0.32,99.84
Paris,France,48.8566,2.3522,2026-07-05 16:00:00+00:00,2.0,1.58,2.38,0.42,60.47
Antananarivo,Madagascar,-18.8792,47.5079,2026-07-05 17:00:00+00:00,1.0,4.98,6.58,0.72,45.57
Buenos Aires,Argentina,-34.6037,-58.3816,2026-07-05 17:00:00+00:00,1.0,2.29,6.53,1.94,27.4
London,England,51.5074,-0.1278,2026-07-05 17:00:00+00:00,2.0,6.88,14.89,7.73,71.54
Madrid,Spain,40.4168,-3.7038,2026-07-05 17:00:00+00:00,2.0,2.46,4.31,0.37,99.78
Paris,France,48.8566,2.3522,2026-07-05 17:00:00+00:00,2.0,1.62,2.43,0.47,62.66
Antananarivo,Madagascar,-18.8792,47.5079,2026-07-05 18:00:00+00:00,1.0,5.05,6.65,0.76,44.89
Buenos Aires,Argentina,-34.6037,-58.3816,2026-07-05 18:00:00+00:00,1.0,2.29,6.03,2.0,25.71
London,England,51.5074,-0.1278,2026-07-05 18:00:00+00:00,2.0,7.06,15.27,9.52,70.93
Madrid,Spain,40.4168,-3.7038,2026-07-05 18:00:00+00:00,2.0,2.37,4.15,0.42,99.71
Paris,France,48.8566,2.3522,2026-07-05 18:00:00+00:00,2.0,1.68,2.52,0.53,64.63
Antananarivo,Madagascar,-18.8792,47.5079,2026-07-05 19:00:00+00:00,1.0,5.09,6.83,0.85,42.36
Buenos Aires,Argentina,-34.6037,-58.3816,2026-07-05 19:00:00+00:00,1.0,2.28,5.4,2.14,24.62
London,England,51.5074,-0.1278,2026-07-05 19:00:00+00:00,2.0,7.22,15.37,11.99,68.45
Madrid,Spain,40.4168,-3.7038,2026-07-05 19:00:00+00:00,2.0,2.34,4.08,0.58,95.75
Paris,France,48.8566,2.3522,2026-07-05 19:00:00+00:00,2.0,1.78,2.66,0.79,64.05
Antananarivo,Madagascar,-18.8792,47.5079,2026-07-05 20:00:00+00:00,1.0,5.31,7.33,0.97,38.75
Buenos Aires,Argentina,-34.6037,-58.3816,2026-07-05 20:00:00+00:00,1.0,2.26,4.74,2.3,24.84
London,England,51.5074,-0.1278,2026-07-05 20:00:00+00:00,2.0,7.22,14.9,13.54,65.51
Madrid,Spain,40.4168,-3.7038,2026-07-05 20:00:00+00:00,2.0,2.39,4.14,0.8,88.69
Paris,France,48.8566,2.3522,2026-07-05 20:00:00+00:00,2.0,1.93,2.88,1.19,61.51
Antananarivo,Madagascar,-18.8792,47.5079,2026-07-05 21:00:00+00:00,1.0,5.23,7.34,1.0,35.66
Buenos Aires,Argentina,-34.6037,-58.3816,2026-07-05 21:00:00+00:00,1.0,2.22,4.1,2.34,26.41
London,England,51.5074,-0.1278,2026-07-05 21:00:00+00:00,2.0,7.05,13.98,13.8,63.21
Madrid,Spain,40.4168,-3.7038,2026-07-05 21:00:00+00:00,2.0,2.43,4.21,0.94,82.56
Paris,France,48.8566,2.3522,2026-07-05 21:00:00+00:00,1.0,2.08,3.11,1.49,59.31
Antananarivo,Madagascar,-18.8792,47.5079,2026-07-05 22:00:00+00:00,1.0,5.16,7.33,0.99,33.07
Buenos Aires,Argentina,-34.6037,-58.3816,2026-07-05 22:00:00+00:00,1.0,2.17,3.54,2.23,28.35
London,England,51.5074,-0.1278,2026-07-05 22:00:00+00:00,2.0,6.93,13.23,14.54,60.35
Madrid,Spain,40.4168,-3.7038,2026-07-05 22:00:00+00:00,2.0,2.44,4.23,1.01,77.29
Paris,France,48.8566,2.3522,2026-07-05 22:00:00+00:00,1.0,2.19,3.29,1.67,56.32
Antananarivo,Madagascar,-18.8792,47.5079,2026-07-05 23:00:00+00:00,1.0,5.14,7.25,0.97,31.2
Buenos Aires,Argentina,-34.6037,-58.3816,2026-07-05 23:00:00+00:00,1.0,2.16,3.2,2.14,29.43
London,England,51.5074,-0.1278,2026-07-05 23:00:00+00:00,1.0,6.99,12.94,16.27,55.77
Madrid,Spain,40.4168,-3.7038,2026-07-05 23:00:00+00:00,2.0,2.49,4.34,1.04,74.7
Paris,France,48.8566,2.3522,2026-07-05 23:00:00+00:00,1.0,2.33,3.51,1.79,54.06
Antananarivo,Madagascar,-18.8792,47.5079,2026-07-06 00:00:00+00:00,1.0,5.03,6.95,0.92,29.93
Buenos Aires,Argentina,-34.6037,-58.3816,2026-07-06 00:00:00+00:00,1.0,2.16,3.01,2.04,30.14
London,England,51.5074,-0.1278,2026-07-06 00:00:00+00:00,1.0,6.99,12.58,18.09,50.09
Madrid,Spain,40.4168,-3.7038,2026-07-06 00:00:00+00:00,2.0,2.56,4.53,1.02,73.12
Paris,France,48.8566,2.3522,2026-07-06 00:00:00+00:00,1.0,2.47,3.73,1.83,51.73
Antananarivo,Madagascar,-18.8792,47.5079,2026-07-06 01:00:00+00:00,1.0,4.88,6.68,0.88,28.81
Buenos Aires,Argentina,-34.6037,-58.3816,2026-07-06 01:00:00+00:00,1.0,2.17,2.88,1.96,30.37
London,England,51.5074,-0.1278,2026-07-06 01:00:00+00:00,1.0,6.89,12.12,19.84,44.03
Madrid,Spain,40.4168,-3.7038,2026-07-06 01:00:00+00:00,2.0,2.63,4.79,0.99,71.47
Paris,France,48.8566,2.3522,2026-07-06 01:00:00+00:00,1.0,2.55,3.85,1.86,47.47
Antananarivo,Madagascar,-18.8792,47.5079,2026-07-06 02:00:00+00:00,1.0,4.81,6.61,0.86,27.6
Buenos Aires,Argentina,-34.6037,-58.3816,2026-07-06 02:00:00+00:00,1.0,2.2,2.8,1.92,30.23
London,England,51.5074,-0.1278,2026-07-06 02:00:00+00:00,1.0,6.79,11.67,21.53,37.71
Madrid,Spain,40.4168,-3.7038,2026-07-06 02:00:00+00:00,2.0,2.71,5.01,1.04,68.6
Paris,France,48.8566,2.3522,2026-07-06 02:00:00+00:00,1.0,2.64,4.0,1.94,42.45
Antananarivo,Madagascar,-18.8792,47.5079,2026-07-06 03:00:00+00:00,1.0,4.78,6.76,0.85,27.13
Buenos Aires,Argentina,-34.6037,-58.3816,2026-07-06 03:00:00+00:00,1.0,2.3,2.84,1.89,30.0
London,England,51.5074,-0.1278,2026-07-06 03:00:00+00:00,1.0,6.7,11.24,23.2,31.74
Madrid,Spain,40.4168,-3.7038,2026-07-06 03:00:00+00:00,2.0,2.78,5.21,1.16,65.49
Paris,France,48.8566,2.3522,2026-07-06 03:00:00+00:00,1.0,2.75,4.16,2.06,37.83
Antananarivo,Madagascar,-18.8792,47.5079,2026-07-06 04:00:00+00:00,1.0,4.56,6.95,0.83,29.16
Buenos Aires,Argentina,-34.6037,-58.3816,2026-07-06 04:00:00+00:00,1.0,2.51,3.07,1.88,29.99
London,England,51.5074,-0.1278,2026-07-06 04:00:00+00:00,1.0,6.59,10.78,24.65,26.41
Madrid,Spain,40.4168,-3.7038,2026-07-06 04:00:00+00:00,2.0,2.81,5.36,1.33,61.4
Paris,France,48.8566,2.3522,2026-07-06 04:00:00+00:00,1.0,2.83,4.29,2.26,33.5
Antananarivo,Madagascar,-18.8792,47.5079,2026-07-06 05:00:00+00:00,1.0,4.87,7.71,0.85,30.44
Buenos Aires,Argentina,-34.6037,-58.3816,2026-07-06 05:00:00+00:00,1.0,2.8,3.43,1.86,29.95
London,England,51.5074,-0.1278,2026-07-06 05:00:00+00:00,1.0,6.49,10.39,25.82,22.28
Madrid,Spain,40.4168,-3.7038,2026-07-06 05:00:00+00:00,1.0,2.88,5.56,1.66,58.3
Paris,France,48.8566,2.3522,2026-07-06 05:00:00+00:00,1.0,2.96,4.51,2.88,30.0
Antananarivo,Madagascar,-18.8792,47.5079,2026-07-06 06:00:00+00:00,1.0,5.17,8.2,0.64,34.11
Buenos Aires,Argentina,-34.6037,-58.3816,2026-07-06 06:00:00+00:00,1.0,3.12,3.83,1.83,30.73
London,England,51.5074,-0.1278,2026-07-06 06:00:00+00:00,1.0,6.42,10.09,23.05,23.01
Madrid,Spain,40.4168,-3.7038,2026-07-06 06:00:00+00:00,1.0,2.97,5.81,2.14,55.82
Paris,France,48.8566,2.3522,2026-07-06 06:00:00+00:00,1.0,3.13,4.8,3.38,27.82
Antananarivo,Madagascar,-18.8792,47.5079,2026-07-06 07:00:00+00:00,1.0,3.2,4.96,0.25,46.62
Buenos Aires,Argentina,-34.6037,-58.3816,2026-07-06 07:00:00+00:00,1.0,3.5,4.38,1.73,34.5
London,England,51.5074,-0.1278,2026-07-06 07:00:00+00:00,1.0,6.48,10.04,18.66,26.3
Madrid,Spain,40.4168,-3.7038,2026-07-06 07:00:00+00:00,1.0,3.03,6.02,2.22,54.19
Paris,France,48.8566,2.3522,2026-07-06 07:00:00+00:00,1.0,3.32,5.14,3.23,28.36
Antananarivo,Madagascar,-18.8792,47.5079,2026-07-06 08:00:00+00:00,1.0,2.87,4.41,0.17,48.45
Buenos Aires,Argentina,-34.6037,-58.3816,2026-07-06 08:00:00+00:00,1.0,3.82,4.88,1.7,35.83
London,England,51.5074,-0.1278,2026-07-06 08:00:00+00:00,1.0,6.76,10.39,16.39,28.45
Madrid,Spain,40.4168,-3.7038,2026-07-06 08:00:00+00:00,1.0,3.13,6.25,1.94,56.45
Paris,France,48.8566,2.3522,2026-07-06 08:00:00+00:00,1.0,3.57,5.51,2.97,32.37
Antananarivo,Madagascar,-18.8792,47.5079,2026-07-06 09:00:00+00:00,1.0,2.62,3.98,0.14,47.99
Buenos Aires,Argentina,-34.6037,-58.3816,2026-07-06 09:00:00+00:00,1.0,4.1,5.37,1.71,36.31
London,England,51.5074,-0.1278,2026-07-06 09:00:00+00:00,1.0,7.25,11.15,15.26,30.26
Madrid,Spain,40.4168,-3.7038,2026-07-06 09:00:00+00:00,2.0,3.37,6.68,1.54,64.49
Paris,France,48.8566,2.3522,2026-07-06 09:00:00+00:00,1.0,4.19,6.22,2.59,42.97
Antananarivo,Madagascar,-18.8792,47.5079,2026-07-06 10:00:00+00:00,1.0,1.99,2.88,0.11,48.31
Buenos Aires,Argentina,-34.6037,-58.3816,2026-07-06 10:00:00+00:00,1.0,4.36,5.84,1.82,35.74
London,England,51.5074,-0.1278,2026-07-06 10:00:00+00:00,1.0,7.91,12.18,14.46,32.63
Madrid,Spain,40.4168,-3.7038,2026-07-06 10:00:00+00:00,2.0,5.56,9.14,0.53,93.62
Paris,France,48.8566,2.3522,2026-07-06 10:00:00+00:00,2.0,3.24,4.53,1.02,65.25
Antananarivo,Madagascar,-18.8792,47.5079,2026-07-06 11:00:00+00:00,1.0,1.7,2.37,0.1,47.11
Buenos Aires,Argentina,-34.6037,-58.3816,2026-07-06 11:00:00+00:00,1.0,4.66,6.37,2.16,34.23
London,England,51.5074,-0.1278,2026-07-06 11:00:00+00:00,1.0,8.55,13.0,13.68,35.8
Madrid,Spain,40.4168,-3.7038,2026-07-06 11:00:00+00:00,2.0,5.56,8.68,0.35,98.35
Paris,France,48.8566,2.3522,2026-07-06 11:00:00+00:00,2.0,2.79,3.71,0.6,68.93
Antananarivo,Madagascar,-18.8792,47.5079,2026-07-06 12:00:00+00:00,1.0,1.48,2.06,0.1,45.67
Buenos Aires,Argentina,-34.6037,-58.3816,2026-07-06 12:00:00+00:00,1.0,5.02,7.12,2.53,32.35
London,England,51.5074,-0.1278,2026-07-06 12:00:00+00:00,1.0,9.02,13.62,12.79,39.87
Madrid,Spain,40.4168,-3.7038,2026-07-06 12:00:00+00:00,2.0,5.47,8.43,0.31,99.01
Paris,France,48.8566,2.3522,2026-07-06 12:00:00+00:00,2.0,2.78,3.55,0.53,71.3
Antananarivo,Madagascar,-18.8792,47.5079,2026-07-06 13:00:00+00:00,1.0,1.31,1.85,0.14,43.97
Buenos Aires,Argentina,-34.6037,-58.3816,2026-07-06 13:00:00+00:00,1.0,5.38,8.29,2.42,30.87
London,England,51.5074,-0.1278,2026-07-06 13:00:00+00:00,1.0,9.47,14.26,12.11,44.82
Madrid,Spain,40.4168,-3.7038,2026-07-06 13:00:00+00:00,3.0,5.0,7.71,0.28,100.73
Paris,France,48.8566,2.3522,2026-07-06 13:00:00+00:00,2.0,1.85,2.31,0.37,73.59
Antananarivo,Madagascar,-18.8792,47.5079,2026-07-06 14:00:00+00:00,1.0,1.16,1.71,0.23,42.16
Buenos Aires,Argentina,-34.6037,-58.3816,2026-07-06 14:00:00+00:00,1.0,5.84,9.9,1.96,30.2
London,England,51.5074,-0.1278,2026-07-06 14:00:00+00:00,2.0,10.06,15.09,12.09,49.0
Madrid,Spain,40.4168,-3.7038,2026-07-06 14:00:00+00:00,3.0,4.59,7.07,0.28,100.2
Paris,France,48.8566,2.3522,2026-07-06 14:00:00+00:00,2.0,1.26,1.52,0.31,76.61
Antananarivo,Madagascar,-18.8792,47.5079,2026-07-06 15:00:00+00:00,1.0,1.05,1.64,0.34,40.96
Buenos Aires,Argentina,-34.6037,-58.3816,2026-07-06 15:00:00+00:00,1.0,6.62,12.22,1.68,31.31
London,England,51.5074,-0.1278,2026-07-06 15:00:00+00:00,2.0,10.39,15.5,12.49,52.93
Madrid,Spain,40.4168,-3.7038,2026-07-06 15:00:00+00:00,2.0,4.54,6.95,0.3,99.6
Paris,France,48.8566,2.3522,2026-07-06 15:00:00+00:00,2.0,1.1,1.3,0.35,78.28
Antananarivo,Madagascar,-18.8792,47.5079,2026-07-06 16:00:00+00:00,1.0,1.01,1.63,0.39,40.49
Buenos Aires,Argentina,-34.6037,-58.3816,2026-07-06 16:00:00+00:00,1.0,8.29,17.54,1.4,43.01
London,England,51.5074,-0.1278,2026-07-06 16:00:00+00:00,2.0,10.36,15.42,13.27,56.5
Madrid,Spain,40.4168,-3.7038,2026-07-06 16:00:00+00:00,3.0,4.7,6.99,0.35,100.05
Paris,France,48.8566,2.3522,2026-07-06 16:00:00+00:00,2.0,1.02,1.19,0.42,79.77
Antananarivo,Madagascar,-18.8792,47.5079,2026-07-06 17:00:00+00:00,1.0,1.04,1.7,0.4,42.44
Buenos Aires,Argentina,-34.6037,-58.3816,2026-07-06 17:00:00+00:00,1.0,9.12,19.99,1.19,47.25
London,England,51.5074,-0.1278,2026-07-06 17:00:00+00:00,2.0,10.04,14.89,14.19,58.78
Madrid,Spain,40.4168,-3.7038,2026-07-06 17:00:00+00:00,3.0,4.78,6.82,0.39,100.06
Paris,France,48.8566,2.3522,2026-07-06 17:00:00+00:00,2.0,0.97,1.13,0.51,79.9
Antananarivo,Madagascar,-18.8792,47.5079,2026-07-06 18:00:00+00:00,1.0,1.08,1.77,0.39,45.35
Buenos Aires,Argentina,-34.6037,-58.3816,2026-07-06 18:00:00+00:00,2.0,9.95,22.35,1.05,50.66
London,England,51.5074,-0.1278,2026-07-06 18:00:00+00:00,1.0,9.58,14.11,15.47,59.96
Madrid,Spain,40.4168,-3.7038,2026-07-06 18:00:00+00:00,3.0,4.66,6.37,0.4,100.64
Paris,France,48.8566,2.3522,2026-07-06 18:00:00+00:00,2.0,0.94,1.1,0.59,79.6
Antananarivo,Madagascar,-18.8792,47.5079,2026-07-06 19:00:00+00:00,1.0,1.08,1.75,0.37,47.74
Buenos Aires,Argentina,-34.6037,-58.3816,2026-07-06 19:00:00+00:00,2.0,10.79,25.13,0.99,54.42
London,England,51.5074,-0.1278,2026-07-06 19:00:00+00:00,1.0,8.84,13.0,17.68,59.53
Madrid,Spain,40.4168,-3.7038,2026-07-06 19:00:00+00:00,2.0,4.51,5.86,0.56,94.5
Paris,France,48.8566,2.3522,2026-07-06 19:00:00+00:00,2.0,1.0,1.2,1.52,69.11
Antananarivo,Madagascar,-18.8792,47.5079,2026-07-06 20:00:00+00:00,1.0,1.09,1.76,0.34,49.7
Buenos Aires,Argentina,-34.6037,-58.3816,2026-07-06 20:00:00+00:00,2.0,11.53,26.9,1.17,53.64
London,England,51.5074,-0.1278,2026-07-06 20:00:00+00:00,1.0,8.13,11.83,19.82,57.32
Madrid,Spain,40.4168,-3.7038,2026-07-06 20:00:00+00:00,2.0,4.5,5.66,0.77,85.94
Paris,France,48.8566,2.3522,2026-07-06 20:00:00+00:00,1.0,1.11,1.41,2.92,54.82
Antananarivo,Madagascar,-18.8792,47.5079,2026-07-06 21:00:00+00:00,1.0,1.07,1.71,0.29,50.93
Buenos Aires,Argentina,-34.6037,-58.3816,2026-07-06 21:00:00+00:00,2.0,12.1,28.23,1.44,51.87
London,England,51.5074,-0.1278,2026-07-06 21:00:00+00:00,1.0,7.68,10.99,19.72,55.9
Madrid,Spain,40.4168,-3.7038,2026-07-06 21:00:00+00:00,2.0,4.54,5.64,0.9,79.44
Paris,France,48.8566,2.3522,2026-07-06 21:00:00+00:00,1.0,1.2,1.58,3.87,44.97
Antananarivo,Madagascar,-18.8792,47.5079,2026-07-06 22:00:00+00:00,1.0,1.04,1.67,0.25,51.5
Buenos Aires,Argentina,-34.6037,-58.3816,2026-07-06 22:00:00+00:00,2.0,12.39,28.76,1.47,49.51
London,England,51.5074,-0.1278,2026-07-06 22:00:00+00:00,1.0,7.59,10.67,19.82,54.25
Madrid,Spain,40.4168,-3.7038,2026-07-06 22:00:00+00:00,2.0,4.49,5.59,0.97,74.01
Paris,France,48.8566,2.3522,2026-07-06 22:00:00+00:00,1.0,1.25,1.68,4.26,37.62
Antananarivo,Madagascar,-18.8792,47.5079,2026-07-06 23:00:00+00:00,1.0,1.0,1.64,0.22,51.6
Buenos Aires,Argentina,-34.6037,-58.3816,2026-07-06 23:00:00+00:00,2.0,12.67,29.08,1.51,47.15
London,England,51.5074,-0.1278,2026-07-06 23:00:00+00:00,1.0,7.76,10.77,20.4,51.73
Madrid,Spain,40.4168,-3.7038,2026-07-06 23:00:00+00:00,2.0,4.49,5.65,1.01,69.88
Paris,France,48.8566,2.3522,2026-07-06 23:00:00+00:00,1.0,1.31,1.78,4.1,32.92
Antananarivo,Madagascar,-18.8792,47.5079,2026-07-07 00:00:00+00:00,1.0,0.95,1.58,0.2,51.4
Buenos Aires,Argentina,-34.6037,-58.3816,2026-07-07 00:00:00+00:00,2.0,12.85,29.18,1.55,45.11
London,England,51.5074,-0.1278,2026-07-07 00:00:00+00:00,1.0,8.11,11.15,21.17,48.55
Madrid,Spain,40.4168,-3.7038,2026-07-07 00:00:00+00:00,2.0,4.51,5.76,1.03,65.83
Paris,France,48.8566,2.3522,2026-07-07 00:00:00+00:00,1.0,1.38,1.88,3.72,29.62
Antananarivo,Madagascar,-18.8792,47.5079,2026-07-07 01:00:00+00:00,1.0,0.92,1.56,0.18,50.87
Buenos Aires,Argentina,-34.6037,-58.3816,2026-07-07 01:00:00+00:00,2.0,12.76,28.69,1.58,42.79
London,England,51.5074,-0.1278,2026-07-07 01:00:00+00:00,1.0,8.4,11.49,22.02,44.54
Madrid,Spain,40.4168,-3.7038,2026-07-07 01:00:00+00:00,2.0,4.53,5.96,1.02,62.94
Paris,France,48.8566,2.3522,2026-07-07 01:00:00+00:00,1.0,1.45,1.96,3.38,27.68
Antananarivo,Madagascar,-18.8792,47.5079,2026-07-07 02:00:00+00:00,1.0,0.89,1.57,0.17,50.3
Buenos Aires,Argentina,-34.6037,-58.3816,2026-07-07 02:00:00+00:00,2.0,12.73,28.46,1.63,41.02
London,England,51.5074,-0.1278,2026-07-07 02:00:00+00:00,1.0,8.62,11.79,23.52,39.33
Madrid,Spain,40.4168,-3.7038,2026-07-07 02:00:00+00:00,2.0,4.58,6.23,1.01,60.84
Paris,France,48.8566,2.3522,2026-07-07 02:00:00+00:00,1.0,1.55,2.06,3.16,27.89
Antananarivo,Madagascar,-18.8792,47.5079,2026-07-07 03:00:00+00:00,1.0,0.85,1.6,0.18,50.05
Buenos Aires,Argentina,-34.6037,-58.3816,2026-07-07 03:00:00+00:00,2.0,12.75,28.51,1.64,39.33
London,England,51.5074,-0.1278,2026-07-07 03:00:00+00:00,1.0,8.7,11.87,25.02,33.88
Madrid,Spain,40.4168,-3.7038,2026-07-07 03:00:00+00:00,1.0,4.63,6.57,1.01,59.75
Paris,France,48.8566,2.3522,2026-07-07 03:00:00+00:00,1.0,1.63,2.14,3.08,30.18
Antananarivo,Madagascar,-18.8792,47.5079,2026-07-07 04:00:00+00:00,1.0,0.87,1.77,0.22,49.9
Buenos Aires,Argentina,-34.6037,-58.3816,2026-07-07 04:00:00+00:00,2.0,12.73,28.75,1.6,37.82
London,England,51.5074,-0.1278,2026-07-07 04:00:00+00:00,1.0,8.57,11.65,26.06,28.87
Madrid,Spain,40.4168,-3.7038,2026-07-07 04:00:00+00:00,1.0,4.71,7.04,1.04,59.84
Paris,France,48.8566,2.3522,2026-07-07 04:00:00+00:00,1.0,1.66,2.15,2.97,34.36
Antananarivo,Madagascar,-18.8792,47.5079,2026-07-07 05:00:00+00:00,1.0,0.9,1.93,0.26,50.25
Buenos Aires,Argentina,-34.6037,-58.3816,2026-07-07 05:00:00+00:00,2.0,12.76,29.07,1.53,36.53
London,England,51.5074,-0.1278,2026-07-07 05:00:00+00:00,1.0,8.21,11.09,26.31,25.11
Madrid,Spain,40.4168,-3.7038,2026-07-07 05:00:00+00:00,1.0,4.85,7.55,1.24,58.64
Paris,France,48.8566,2.3522,2026-07-07 05:00:00+00:00,1.0,1.72,2.21,3.69,32.14
Antananarivo,Madagascar,-18.8792,47.5079,2026-07-07 06:00:00+00:00,1.0,0.92,1.99,0.22,51.35
Buenos Aires,Argentina,-34.6037,-58.3816,2026-07-07 06:00:00+00:00,2.0,12.69,29.08,1.42,35.75
London,England,51.5074,-0.1278,2026-07-07 06:00:00+00:00,1.0,7.63,10.26,23.23,25.43
Madrid,Spain,40.4168,-3.7038,2026-07-07 06:00:00+00:00,1.0,5.01,8.04,1.61,57.18
Paris,France,48.8566,2.3522,2026-07-07 06:00:00+00:00,1.0,1.81,2.3,4.55,29.11
Antananarivo,Madagascar,-18.8792,47.5079,2026-07-07 07:00:00+00:00,1.0,0.97,2.0,0.17,52.98
Buenos Aires,Argentina,-34.6037,-58.3816,2026-07-07 07:00:00+00:00,2.0,12.35,28.18,1.31,35.4
London,England,51.5074,-0.1278,2026-07-07 07:00:00+00:00,1.0,6.97,9.35,18.13,28.45
Madrid,Spain,40.4168,-3.7038,2026-07-07 07:00:00+00:00,1.0,5.03,8.3,1.68,55.78
Paris,France,48.8566,2.3522,2026-07-07 07:00:00+00:00,1.0,1.82,2.29,4.24,29.99
Antananarivo,Madagascar,-18.8792,47.5079,2026-07-07 08:00:00+00:00,1.0,1.03,1.92,0.14,52.27
Buenos Aires,Argentina,-34.6037,-58.3816,2026-07-07 08:00:00+00:00,2.0,11.82,26.47,1.29,35.5
London,England,51.5074,-0.1278,2026-07-07 08:00:00+00:00,1.0,6.57,8.86,14.89,30.61
Madrid,Spain,40.4168,-3.7038,2026-07-07 08:00:00+00:00,1.0,5.11,8.67,1.45,58.07
Paris,France,48.8566,2.3522,2026-07-07 08:00:00+00:00,1.0,1.84,2.31,3.74,30.81
Antananarivo,Madagascar,-18.8792,47.5079,2026-07-07 09:00:00+00:00,1.0,1.0,1.7,0.12,50.52
Buenos Aires,Argentina,-34.6037,-58.3816,2026-07-07 09:00:00+00:00,2.0,11.11,24.34,1.37,36.06
London,England,51.5074,-0.1278,2026-07-07 09:00:00+00:00,1.0,6.46,8.78,13.1,32.34
Madrid,Spain,40.4168,-3.7038,2026-07-07 09:00:00+00:00,2.0,5.46,9.6,1.11,66.85
Paris,France,48.8566,2.3522,2026-07-07 09:00:00+00:00,1.0,1.98,2.44,3.18,37.94
Antananarivo,Madagascar,-18.8792,47.5079,2026-07-07 10:00:00+00:00,1.0,0.78,1.26,0.09,51.37
Buenos Aires,Argentina,-34.6037,-58.3816,2026-07-07 10:00:00+00:00,2.0,10.31,22.29,1.7,36.61
London,England,51.5074,-0.1278,2026-07-07 10:00:00+00:00,1.0,6.69,9.15,12.35,34.68
Madrid,Spain,40.4168,-3.7038,2026-07-07 10:00:00+00:00,2.0,7.5,12.51,0.37,94.33
Paris,France,48.8566,2.3522,2026-07-07 10:00:00+00:00,2.0,1.64,1.92,0.72,84.45
Antananarivo,Madagascar,-18.8792,47.5079,2026-07-07 11:00:00+00:00,1.0,0.7,1.1,0.09,50.86
Buenos Aires,Argentina,-34.6037,-58.3816,2026-07-07 11:00:00+00:00,2.0,9.58,20.94,2.36,37.37
London,England,51.5074,-0.1278,2026-07-07 11:00:00+00:00,1.0,7.14,9.86,11.79,38.32
Madrid,Spain,40.4168,-3.7038,2026-07-07 11:00:00+00:00,2.0,7.25,11.76,0.28,97.3
Paris,France,48.8566,2.3522,2026-07-07 11:00:00+00:00,2.0,1.52,1.76,0.4,91.28
Antananarivo,Madagascar,-18.8792,47.5079,2026-07-07 12:00:00+00:00,1.0,0.68,1.05,0.09,49.98
Buenos Aires,Argentina,-34.6037,-58.3816,2026-07-07 12:00:00+00:00,2.0,9.05,20.58,3.07,38.61
London,England,51.5074,-0.1278,2026-07-07 12:00:00+00:00,1.0,7.77,10.91,11.0,43.59
Madrid,Spain,40.4168,-3.7038,2026-07-07 12:00:00+00:00,2.0,6.93,11.23,0.28,97.71
Paris,France,48.8566,2.3522,2026-07-07 12:00:00+00:00,2.0,1.56,1.79,0.36,93.5
Antananarivo,Madagascar,-18.8792,47.5079,2026-07-07 13:00:00+00:00,1.0,0.7,1.12,0.12,49.21
Buenos Aires,Argentina,-34.6037,-58.3816,2026-07-07 13:00:00+00:00,2.0,8.79,21.08,3.11,40.57
London,England,51.5074,-0.1278,2026-07-07 13:00:00+00:00,1.0,8.67,12.36,10.18,50.7
Madrid,Spain,40.4168,-3.7038,2026-07-07 13:00:00+00:00,2.0,6.33,10.14,0.27,99.63
Paris,France,48.8566,2.3522,2026-07-07 13:00:00+00:00,2.0,1.66,1.9,0.36,96.59
Antananarivo,Madagascar,-18.8792,47.5079,2026-07-07 14:00:00+00:00,1.0,0.78,1.29,0.19,48.08
Buenos Aires,Argentina,-34.6037,-58.3816,2026-07-07 14:00:00+00:00,2.0,8.69,21.76,2.82,42.19
London,England,51.5074,-0.1278,2026-07-07 14:00:00+00:00,1.0,9.6,13.77,9.65,59.01
Madrid,Spain,40.4168,-3.7038,2026-07-07 14:00:00+00:00,2.0,5.77,9.31,0.27,99.43
Paris,France,48.8566,2.3522,2026-07-07 14:00:00+00:00,2.0,1.76,2.01,0.38,98.5
Antananarivo,Madagascar,-18.8792,47.5079,2026-07-07 15:00:00+00:00,1.0,0.88,1.49,0.27,47.58
Buenos Aires,Argentina,-34.6037,-58.3816,2026-07-07 15:00:00+00:00,2.0,8.78,22.64,2.57,45.79
London,England,51.5074,-0.1278,2026-07-07 15:00:00+00:00,2.0,10.12,14.55,9.62,66.73
Madrid,Spain,40.4168,-3.7038,2026-07-07 15:00:00+00:00,2.0,5.38,8.82,0.28,99.35
Paris,France,48.8566,2.3522,2026-07-07 15:00:00+00:00,2.0,1.9,2.19,0.44,99.68
Antananarivo,Madagascar,-18.8792,47.5079,2026-07-07 16:00:00+00:00,1.0,1.05,1.78,0.32,46.68
Buenos Aires,Argentina,-34.6037,-58.3816,2026-07-07 16:00:00+00:00,2.0,9.32,24.7,2.05,57.49
London,England,51.5074,-0.1278,2026-07-07 16:00:00+00:00,2.0,10.09,14.59,10.33,71.67
Madrid,Spain,40.4168,-3.7038,2026-07-07 16:00:00+00:00,3.0,5.11,8.6,0.3,100.05
Paris,France,48.8566,2.3522,2026-07-07 16:00:00+00:00,3.0,2.08,2.4,0.54,100.46
Antananarivo,Madagascar,-18.8792,47.5079,2026-07-07 17:00:00+00:00,1.0,1.29,2.23,0.37,46.49
Buenos Aires,Argentina,-34.6037,-58.3816,2026-07-07 17:00:00+00:00,2.0,10.11,25.62,1.98,58.97
London,England,51.5074,-0.1278,2026-07-07 17:00:00+00:00,2.0,9.68,14.13,11.66,73.44
Madrid,Spain,40.4168,-3.7038,2026-07-07 17:00:00+00:00,2.0,4.97,8.65,0.32,99.93
Paris,France,48.8566,2.3522,2026-07-07 17:00:00+00:00,2.0,2.22,2.58,0.64,99.89
Antananarivo,Madagascar,-18.8792,47.5079,2026-07-07 18:00:00+00:00,1.0,1.46,2.63,0.38,47.32
Buenos Aires,Argentina,-34.6037,-58.3816,2026-07-07 18:00:00+00:00,2.0,10.75,26.09,2.01,59.25
London,England,51.5074,-0.1278,2026-07-07 18:00:00+00:00,2.0,9.25,13.66,13.4,73.09
Madrid,Spain,40.4168,-3.7038,2026-07-07 18:00:00+00:00,2.0,4.97,8.97,0.35,99.65
Paris,France,48.8566,2.3522,2026-07-07 18:00:00+00:00,2.0,2.32,2.72,0.74,98.23
Antananarivo,Madagascar,-18.8792,47.5079,2026-07-07 19:00:00+00:00,1.0,1.68,3.2,0.42,47.35
Buenos Aires,Argentina,-34.6037,-58.3816,2026-07-07 19:00:00+00:00,2.0,11.03,25.86,1.96,61.32
London,England,51.5074,-0.1278,2026-07-07 19:00:00+00:00,2.0,9.04,13.48,15.27,72.01
Madrid,Spain,40.4168,-3.7038,2026-07-07 19:00:00+00:00,2.0,5.1,9.36,0.5,96.28
Paris,France,48.8566,2.3522,2026-07-07 19:00:00+00:00,2.0,2.39,2.82,1.01,93.11
Antananarivo,Madagascar,-18.8792,47.5079,2026-07-07 20:00:00+00:00,1.0,1.92,3.79,0.47,47.23
Buenos Aires,Argentina,-34.6037,-58.3816,2026-07-07 20:00:00+00:00,2.0,11.39,25.23,2.31,60.53
London,England,51.5074,-0.1278,2026-07-07 20:00:00+00:00,2.0,9.06,13.49,16.85,69.42
Madrid,Spain,40.4168,-3.7038,2026-07-07 20:00:00+00:00,2.0,5.32,9.7,0.73,90.98
Paris,France,48.8566,2.3522,2026-07-07 20:00:00+00:00,2.0,2.5,2.98,1.41,86.22
Antananarivo,Madagascar,-18.8792,47.5079,2026-07-07 21:00:00+00:00,1.0,1.89,3.9,0.45,47.5
Buenos Aires,Argentina,-34.6037,-58.3816,2026-07-07 21:00:00+00:00,2.0,11.83,24.7,2.92,58.87
London,England,51.5074,-0.1278,2026-07-07 21:00:00+00:00,2.0,8.99,13.25,17.18,66.05
Madrid,Spain,40.4168,-3.7038,2026-07-07 21:00:00+00:00,2.0,5.53,10.02,0.89,86.75
Paris,France,48.8566,2.3522,2026-07-07 21:00:00+00:00,2.0,2.7,3.24,1.75,80.12
Antananarivo,Madagascar,-18.8792,47.5079,2026-07-07 22:00:00+00:00,1.0,1.82,3.81,0.42,47.18
Buenos Aires,Argentina,-34.6037,-58.3816,2026-07-07 22:00:00+00:00,2.0,12.15,24.08,3.2,57.22
London,England,51.5074,-0.1278,2026-07-07 22:00:00+00:00,2.0,8.58,12.5,17.78,62.7
Madrid,Spain,40.4168,-3.7038,2026-07-07 22:00:00+00:00,2.0,5.58,9.94,1.02,82.24
Paris,France,48.8566,2.3522,2026-07-07 22:00:00+00:00,2.0,2.91,3.51,2.03,73.58
Antananarivo,Madagascar,-18.8792,47.5079,2026-07-07 23:00:00+00:00,1.0,1.74,3.59,0.39,46.38
Buenos Aires,Argentina,-34.6037,-58.3816,2026-07-07 23:00:00+00:00,2.0,12.44,23.77,3.32,56.78
London,England,51.5074,-0.1278,2026-07-07 23:00:00+00:00,1.0,7.77,11.22,18.47,59.14
Madrid,Spain,40.4168,-3.7038,2026-07-07 23:00:00+00:00,2.0,5.66,9.86,1.11,78.85
Paris,France,48.8566,2.3522,2026-07-07 23:00:00+00:00,2.0,3.11,3.81,2.2,68.85
Antananarivo,Madagascar,-18.8792,47.5079,2026-07-08 00:00:00+00:00,1.0,1.61,3.21,0.35,45.6
Buenos Aires,Argentina,-34.6037,-58.3816,2026-07-08 00:00:00+00:00,2.0,12.52,23.44,3.29,56.94
London,England,51.5074,-0.1278,2026-07-08 00:00:00+00:00,1.0,6.84,9.77,19.09,55.42
Madrid,Spain,40.4168,-3.7038,2026-07-08 00:00:00+00:00,2.0,5.68,9.7,1.14,75.23
Paris,France,48.8566,2.3522,2026-07-08 00:00:00+00:00,2.0,3.24,4.04,2.29,64.53
Antananarivo,Madagascar,-18.8792,47.5079,2026-07-08 01:00:00+00:00,1.0,1.44,2.79,0.32,45.37
Buenos Aires,Argentina,-34.6037,-58.3816,2026-07-08 01:00:00+00:00,2.0,12.2,22.7,3.17,56.96
London,England,51.5074,-0.1278,2026-07-08 01:00:00+00:00,1.0,6.18,8.68,20.04,50.83
Madrid,Spain,40.4168,-3.7038,2026-07-08 01:00:00+00:00,2.0,5.58,9.32,1.22,69.24
Paris,France,48.8566,2.3522,2026-07-08 01:00:00+00:00,1.0,3.25,4.11,2.38,57.93
Antananarivo,Madagascar,-18.8792,47.5079,2026-07-08 02:00:00+00:00,1.0,1.4,2.63,0.32,44.23
Buenos Aires,Argentina,-34.6037,-58.3816,2026-07-08 02:00:00+00:00,2.0,11.75,21.66,3.02,56.72
London,England,51.5074,-0.1278,2026-07-08 02:00:00+00:00,1.0,5.89,8.05,21.38,45.51
Madrid,Spain,40.4168,-3.7038,2026-07-08 02:00:00+00:00,2.0,5.53,9.1,1.37,64.12
Paris,France,48.8566,2.3522,2026-07-08 02:00:00+00:00,1.0,3.26,4.18,2.52,51.06
Antananarivo,Madagascar,-18.8792,47.5079,2026-07-08 03:00:00+00:00,1.0,1.41,2.57,0.35,43.23
Buenos Aires,Argentina,-34.6037,-58.3816,2026-07-08 03:00:00+00:00,2.0,11.19,20.58,2.75,56.78
London,England,51.5074,-0.1278,2026-07-08 03:00:00+00:00,1.0,5.67,7.53,22.51,40.45
Madrid,Spain,40.4168,-3.7038,2026-07-08 03:00:00+00:00,2.0,5.46,8.93,1.59,60.11
Paris,France,48.8566,2.3522,2026-07-08 03:00:00+00:00,1.0,3.27,4.22,2.73,45.0
Antananarivo,Madagascar,-18.8792,47.5079,2026-07-08 04:00:00+00:00,1.0,1.56,2.71,0.44,42.31
Buenos Aires,Argentina,-34.6037,-58.3816,2026-07-08 04:00:00+00:00,2.0,10.56,19.47,2.5,56.65
London,England,51.5074,-0.1278,2026-07-08 04:00:00+00:00,1.0,5.37,6.99,22.68,36.77
Madrid,Spain,40.4168,-3.7038,2026-07-08 04:00:00+00:00,1.0,5.31,8.69,1.88,56.08
Paris,France,48.8566,2.3522,2026-07-08 04:00:00+00:00,1.0,3.21,4.2,3.05,39.48
Antananarivo,Madagascar,-18.8792,47.5079,2026-07-08 05:00:00+00:00,1.0,1.65,2.74,0.52,41.36
Buenos Aires,Argentina,-34.6037,-58.3816,2026-07-08 05:00:00+00:00,2.0,10.01,18.5,2.4,56.19
London,England,51.5074,-0.1278,2026-07-08 05:00:00+00:00,1.0,5.09,6.63,22.38,34.41
Madrid,Spain,40.4168,-3.7038,2026-07-08 05:00:00+00:00,1.0,5.27,8.66,2.36,52.62
Paris,France,48.8566,2.3522,2026-07-08 05:00:00+00:00,1.0,3.22,4.27,3.92,35.55
Antananarivo,Madagascar,-18.8792,47.5079,2026-07-08 06:00:00+00:00,1.0,1.57,2.52,0.47,41.23
Buenos Aires,Argentina,-34.6037,-58.3816,2026-07-08 06:00:00+00:00,1.0,9.55,17.76,2.39,55.42
London,England,51.5074,-0.1278,2026-07-08 06:00:00+00:00,1.0,4.88,6.5,19.59,35.48
Madrid,Spain,40.4168,-3.7038,2026-07-08 06:00:00+00:00,1.0,5.34,8.8,3.03,48.87
Paris,France,48.8566,2.3522,2026-07-08 06:00:00+00:00,1.0,3.28,4.43,4.76,33.32
Antananarivo,Madagascar,-18.8792,47.5079,2026-07-08 07:00:00+00:00,1.0,1.2,1.91,0.31,43.98
Buenos Aires,Argentina,-34.6037,-58.3816,2026-07-08 07:00:00+00:00,1.0,9.16,17.19,2.38,54.25
London,England,51.5074,-0.1278,2026-07-08 07:00:00+00:00,1.0,4.77,6.59,15.61,38.42
Madrid,Spain,40.4168,-3.7038,2026-07-08 07:00:00+00:00,1.0,5.23,8.72,3.02,44.8
Paris,France,48.8566,2.3522,2026-07-08 07:00:00+00:00,1.0,3.34,4.64,4.54,34.66
Antananarivo,Madagascar,-18.8792,47.5079,2026-07-08 08:00:00+00:00,1.0,1.02,1.63,0.2,45.77
Buenos Aires,Argentina,-34.6037,-58.3816,2026-07-08 08:00:00+00:00,1.0,8.89,16.84,2.38,53.17
London,England,51.5074,-0.1278,2026-07-08 08:00:00+00:00,1.0,4.84,6.91,13.48,41.45
Madrid,Spain,40.4168,-3.7038,2026-07-08 08:00:00+00:00,1.0,5.2,8.76,2.56,46.37
Paris,France,48.8566,2.3522,2026-07-08 08:00:00+00:00,1.0,3.46,4.87,4.12,36.89
Antananarivo,Madagascar,-18.8792,47.5079,2026-07-08 09:00:00+00:00,1.0,0.92,1.46,0.13,46.95
Buenos Aires,Argentina,-34.6037,-58.3816,2026-07-08 09:00:00+00:00,1.0,8.66,16.62,2.4,52.28
London,England,51.5074,-0.1278,2026-07-08 09:00:00+00:00,1.0,5.13,7.46,12.51,45.84
Madrid,Spain,40.4168,-3.7038,2026-07-08 09:00:00+00:00,1.0,5.3,9.15,2.06,57.09
Paris,France,48.8566,2.3522,2026-07-08 09:00:00+00:00,1.0,3.83,5.3,3.72,43.26
Antananarivo,Madagascar,-18.8792,47.5079,2026-07-08 10:00:00+00:00,1.0,0.81,1.32,0.09,50.1
Buenos Aires,Argentina,-34.6037,-58.3816,2026-07-08 10:00:00+00:00,1.0,8.44,16.41,2.57,51.19
London,England,51.5074,-0.1278,2026-07-08 10:00:00+00:00,1.0,5.77,8.38,12.09,52.09
Madrid,Spain,40.4168,-3.7038,2026-07-08 10:00:00+00:00,2.0,6.96,15.2,0.42,99.71
Paris,France,48.8566,2.3522,2026-07-08 10:00:00+00:00,2.0,3.74,4.86,1.5,84.81
Antananarivo,Madagascar,-18.8792,47.5079,2026-07-08 11:00:00+00:00,1.0,0.81,1.37,0.09,51.46
Buenos Aires,Argentina,-34.6037,-58.3816,2026-07-08 11:00:00+00:00,1.0,8.27,16.25,3.01,49.49
London,England,51.5074,-0.1278,2026-07-08 11:00:00+00:00,1.0,6.94,9.78,12.0,59.82
Madrid,Spain,40.4168,-3.7038,2026-07-08 11:00:00+00:00,3.0,6.62,14.87,0.24,104.3
Paris,France,48.8566,2.3522,2026-07-08 11:00:00+00:00,2.0,3.98,4.84,0.79,95.99
Antananarivo,Madagascar,-18.8792,47.5079,2026-07-08 12:00:00+00:00,1.0,0.85,1.47,0.09,51.63
Buenos Aires,Argentina,-34.6037,-58.3816,2026-07-08 12:00:00+00:00,1.0,8.12,16.08,3.48,47.64
London,England,51.5074,-0.1278,2026-07-08 12:00:00+00:00,2.0,8.71,11.62,12.04,69.19
Madrid,Spain,40.4168,-3.7038,2026-07-08 12:00:00+00:00,3.0,6.34,14.36,0.23,105.55
Paris,France,48.8566,2.3522,2026-07-08 12:00:00+00:00,3.0,4.41,5.2,0.67,100.99
Antananarivo,Madagascar,-18.8792,47.5079,2026-07-08 13:00:00+00:00,1.0,1.1,1.96,0.17,50.77
Buenos Aires,Argentina,-34.6037,-58.3816,2026-07-08 13:00:00+00:00,1.0,7.86,15.8,3.17,46.68
London,England,51.5074,-0.1278,2026-07-08 13:00:00+00:00,2.0,10.9,13.78,12.44,78.54
Madrid,Spain,40.4168,-3.7038,2026-07-08 13:00:00+00:00,3.0,6.22,14.15,0.22,108.35
Paris,France,48.8566,2.3522,2026-07-08 13:00:00+00:00,3.0,4.9,5.54,0.54,108.35
Antananarivo,Madagascar,-18.8792,47.5079,2026-07-08 14:00:00+00:00,1.0,1.54,2.79,0.36,48.75
Buenos Aires,Argentina,-34.6037,-58.3816,2026-07-08 14:00:00+00:00,1.0,7.59,15.63,2.6,47.05
London,England,51.5074,-0.1278,2026-07-08 14:00:00+00:00,2.0,13.23,16.01,13.04,88.48
Madrid,Spain,40.4168,-3.7038,2026-07-08 14:00:00+00:00,3.0,6.02,13.71,0.23,109.69
Paris,France,48.8566,2.3522,2026-07-08 14:00:00+00:00,3.0,4.86,5.4,0.5,110.33
Antananarivo,Madagascar,-18.8792,47.5079,2026-07-08 15:00:00+00:00,1.0,2.01,3.65,0.6,46.56
Buenos Aires,Argentina,-34.6037,-58.3816,2026-07-08 15:00:00+00:00,1.0,7.38,15.66,2.17,49.93
London,England,51.5074,-0.1278,2026-07-08 15:00:00+00:00,2.0,15.72,18.34,13.83,99.43
Madrid,Spain,40.4168,-3.7038,2026-07-08 15:00:00+00:00,3.0,5.86,13.33,0.24,110.8
Paris,France,48.8566,2.3522,2026-07-08 15:00:00+00:00,3.0,4.79,5.35,0.57,110.98
Antananarivo,Madagascar,-18.8792,47.5079,2026-07-08 16:00:00+00:00,1.0,2.61,4.63,0.81,43.57
Buenos Aires,Argentina,-34.6037,-58.3816,2026-07-08 16:00:00+00:00,1.0,7.13,15.9,1.77,56.51
London,England,51.5074,-0.1278,2026-07-08 16:00:00+00:00,3.0,18.17,20.6,15.52,109.72
Madrid,Spain,40.4168,-3.7038,2026-07-08 16:00:00+00:00,3.0,5.86,13.28,0.27,111.98
Paris,France,48.8566,2.3522,2026-07-08 16:00:00+00:00,3.0,4.9,5.52,0.75,112.49
Antananarivo,Madagascar,-18.8792,47.5079,2026-07-08 17:00:00+00:00,1.0,3.38,5.82,1.02,41.54
Buenos Aires,Argentina,-34.6037,-58.3816,2026-07-08 17:00:00+00:00,1.0,7.08,15.93,1.63,58.22
London,England,51.5074,-0.1278,2026-07-08 17:00:00+00:00,3.0,19.73,21.98,18.51,114.91
Madrid,Spain,40.4168,-3.7038,2026-07-08 17:00:00+00:00,3.0,5.95,13.44,0.3,111.44
Paris,France,48.8566,2.3522,2026-07-08 17:00:00+00:00,3.0,5.19,5.91,1.0,113.54
Antananarivo,Madagascar,-18.8792,47.5079,2026-07-08 18:00:00+00:00,1.0,4.1,6.87,1.16,40.27
Buenos Aires,Argentina,-34.6037,-58.3816,2026-07-08 18:00:00+00:00,1.0,7.15,15.89,1.86,58.25
London,England,51.5074,-0.1278,2026-07-08 18:00:00+00:00,3.0,20.41,22.59,22.9,113.09
Madrid,Spain,40.4168,-3.7038,2026-07-08 18:00:00+00:00,3.0,6.12,13.82,0.33,110.19
Paris,France,48.8566,2.3522,2026-07-08 18:00:00+00:00,3.0,5.67,6.54,1.24,115.76
Antananarivo,Madagascar,-18.8792,47.5079,2026-07-08 19:00:00+00:00,1.0,4.87,7.93,1.28,38.31
Buenos Aires,Argentina,-34.6037,-58.3816,2026-07-08 19:00:00+00:00,1.0,7.33,15.95,2.6,58.21
London,England,51.5074,-0.1278,2026-07-08 19:00:00+00:00,3.0,20.86,23.07,29.34,105.29
Madrid,Spain,40.4168,-3.7038,2026-07-08 19:00:00+00:00,3.0,6.37,14.2,0.45,106.54
Paris,France,48.8566,2.3522,2026-07-08 19:00:00+00:00,3.0,6.36,7.41,1.99,109.42
Antananarivo,Madagascar,-18.8792,47.5079,2026-07-08 20:00:00+00:00,1.0,5.55,8.83,1.38,36.67
Buenos Aires,Argentina,-34.6037,-58.3816,2026-07-08 20:00:00+00:00,1.0,7.46,15.62,4.32,56.44
London,England,51.5074,-0.1278,2026-07-08 20:00:00+00:00,2.0,21.36,23.66,37.18,91.82
Madrid,Spain,40.4168,-3.7038,2026-07-08 20:00:00+00:00,3.0,6.67,14.57,0.61,101.14
Paris,France,48.8566,2.3522,2026-07-08 20:00:00+00:00,2.0,7.13,8.33,2.99,96.9
Antananarivo,Madagascar,-18.8792,47.5079,2026-07-08 21:00:00+00:00,1.0,5.46,8.68,1.32,35.84
Buenos Aires,Argentina,-34.6037,-58.3816,2026-07-08 21:00:00+00:00,1.0,7.55,15.02,7.5,53.75
London,England,51.5074,-0.1278,2026-07-08 21:00:00+00:00,2.0,22.24,24.67,41.08,76.32
Madrid,Spain,40.4168,-3.7038,2026-07-08 21:00:00+00:00,2.0,6.98,15.0,0.7,96.69
Paris,France,48.8566,2.3522,2026-07-08 21:00:00+00:00,2.0,7.83,9.17,3.8,86.72
Antananarivo,Madagascar,-18.8792,47.5079,2026-07-08 22:00:00+00:00,1.0,5.35,8.5,1.26,34.73
Buenos Aires,Argentina,-34.6037,-58.3816,2026-07-08 22:00:00+00:00,1.0,7.63,14.36,11.22,49.91
London,England,51.5074,-0.1278,2026-07-08 22:00:00+00:00,2.0,22.94,25.49,43.78,62.96
Madrid,Spain,40.4168,-3.7038,2026-07-08 22:00:00+00:00,2.0,7.1,15.0,0.74,91.79
Paris,France,48.8566,2.3522,2026-07-08 22:00:00+00:00,2.0,8.34,9.76,4.25,78.22
Antananarivo,Madagascar,-18.8792,47.5079,2026-07-08 23:00:00+00:00,1.0,5.58,8.77,1.28,32.56
Buenos Aires,Argentina,-34.6037,-58.3816,2026-07-08 23:00:00+00:00,1.0,7.85,14.13,14.45,45.56
London,England,51.5074,-0.1278,2026-07-08 23:00:00+00:00,2.0,23.45,26.02,45.31,53.71
Madrid,Spain,40.4168,-3.7038,2026-07-08 23:00:00+00:00,2.0,7.29,14.98,0.74,89.36
Paris,France,48.8566,2.3522,2026-07-08 23:00:00+00:00,2.0,8.95,10.43,4.06,74.84
Antananarivo,Madagascar,-18.8792,47.5079,2026-07-09 00:00:00+00:00,1.0,5.75,8.97,1.28,31.19
Buenos Aires,Argentina,-34.6037,-58.3816,2026-07-09 00:00:00+00:00,1.0,8.06,14.13,16.59,41.43
London,England,51.5074,-0.1278,2026-07-09 00:00:00+00:00,2.0,23.78,26.27,46.18,47.17
Madrid,Spain,40.4168,-3.7038,2026-07-09 00:00:00+00:00,2.0,7.52,14.86,0.71,87.6
Paris,France,48.8566,2.3522,2026-07-09 00:00:00+00:00,2.0,9.33,10.8,3.49,74.6
Antananarivo,Madagascar,-18.8792,47.5079,2026-07-09 01:00:00+00:00,1.0,5.84,9.05,1.28,30.57
Buenos Aires,Argentina,-34.6037,-58.3816,2026-07-09 01:00:00+00:00,1.0,8.2,14.04,17.71,36.44
London,England,51.5074,-0.1278,2026-07-09 01:00:00+00:00,2.0,23.95,26.3,46.86,41.93
Madrid,Spain,40.4168,-3.7038,2026-07-09 01:00:00+00:00,2.0,7.87,14.69,0.7,84.7
Paris,France,48.8566,2.3522,2026-07-09 01:00:00+00:00,2.0,8.95,10.32,2.76,75.77
Antananarivo,Madagascar,-18.8792,47.5079,2026-07-09 02:00:00+00:00,1.0,5.86,9.11,1.27,30.73
Buenos Aires,Argentina,-34.6037,-58.3816,2026-07-09 02:00:00+00:00,1.0,8.38,14.06,18.62,31.26
London,England,51.5074,-0.1278,2026-07-09 02:00:00+00:00,2.0,24.15,26.33,47.05,38.04
Madrid,Spain,40.4168,-3.7038,2026-07-09 02:00:00+00:00,2.0,8.39,14.73,0.74,81.75
Paris,France,48.8566,2.3522,2026-07-09 02:00:00+00:00,2.0,8.18,9.4,2.28,72.15
Antananarivo,Madagascar,-18.8792,47.5079,2026-07-09 03:00:00+00:00,1.0,5.95,9.37,1.3,31.79
Buenos Aires,Argentina,-34.6037,-58.3816,2026-07-09 03:00:00+00:00,1.0,8.54,14.19,18.89,27.09
London,England,51.5074,-0.1278,2026-07-09 03:00:00+00:00,2.0,24.25,26.23,46.32,35.95
Madrid,Spain,40.4168,-3.7038,2026-07-09 03:00:00+00:00,2.0,8.94,14.96,0.81,78.91
Paris,France,48.8566,2.3522,2026-07-09 03:00:00+00:00,2.0,7.26,8.33,1.98,68.22
Antananarivo,Madagascar,-18.8792,47.5079,2026-07-09 04:00:00+00:00,1.0,6.72,10.7,1.56,33.07
Buenos Aires,Argentina,-34.6037,-58.3816,2026-07-09 04:00:00+00:00,1.0,8.61,14.3,18.32,24.13
London,England,51.5074,-0.1278,2026-07-09 04:00:00+00:00,2.0,23.94,25.75,44.61,34.74
Madrid,Spain,40.4168,-3.7038,2026-07-09 04:00:00+00:00,2.0,9.4,15.1,0.9,75.17
Paris,France,48.8566,2.3522,2026-07-09 04:00:00+00:00,2.0,6.4,7.36,1.88,64.64
Antananarivo,Madagascar,-18.8792,47.5079,2026-07-09 05:00:00+00:00,1.0,7.75,12.33,1.6,35.06
Buenos Aires,Argentina,-34.6037,-58.3816,2026-07-09 05:00:00+00:00,1.0,8.69,14.5,17.52,22.39
London,England,51.5074,-0.1278,2026-07-09 05:00:00+00:00,2.0,23.4,25.11,43.79,33.56
Madrid,Spain,40.4168,-3.7038,2026-07-09 05:00:00+00:00,2.0,9.87,15.33,1.16,71.13
Paris,France,48.8566,2.3522,2026-07-09 05:00:00+00:00,2.0,5.91,6.8,2.25,61.28
Antananarivo,Madagascar,-18.8792,47.5079,2026-07-09 06:00:00+00:00,1.0,8.73,13.43,1.14,41.85
Buenos Aires,Argentina,-34.6037,-58.3816,2026-07-09 06:00:00+00:00,1.0,8.73,14.66,16.6,21.44
London,England,51.5074,-0.1278,2026-07-09 06:00:00+00:00,2.0,23.0,24.69,39.54,37.48
Madrid,Spain,40.4168,-3.7038,2026-07-09 06:00:00+00:00,2.0,10.25,15.51,1.61,66.67
Paris,France,48.8566,2.3522,2026-07-09 06:00:00+00:00,1.0,5.57,6.43,2.79,59.36
Antananarivo,Madagascar,-18.8792,47.5079,2026-07-09 07:00:00+00:00,1.0,3.46,5.47,0.29,55.38
Buenos Aires,Argentina,-34.6037,-58.3816,2026-07-09 07:00:00+00:00,1.0,8.68,14.63,15.28,21.24
London,England,51.5074,-0.1278,2026-07-09 07:00:00+00:00,2.0,22.57,24.27,33.37,43.69
Madrid,Spain,40.4168,-3.7038,2026-07-09 07:00:00+00:00,2.0,10.37,15.45,1.72,63.17
Paris,France,48.8566,2.3522,2026-07-09 07:00:00+00:00,2.0,5.18,6.0,2.7,60.92
Antananarivo,Madagascar,-18.8792,47.5079,2026-07-09 08:00:00+00:00,1.0,3.55,5.3,0.17,55.87
Buenos Aires,Argentina,-34.6037,-58.3816,2026-07-09 08:00:00+00:00,1.0,8.54,14.4,13.38,21.95
London,England,51.5074,-0.1278,2026-07-09 08:00:00+00:00,2.0,22.27,24.04,28.99,48.16
Madrid,Spain,40.4168,-3.7038,2026-07-09 08:00:00+00:00,2.0,10.6,15.64,1.42,64.79
Paris,France,48.8566,2.3522,2026-07-09 08:00:00+00:00,2.0,4.95,5.78,2.41,66.41
Antananarivo,Madagascar,-18.8792,47.5079,2026-07-09 09:00:00+00:00,1.0,3.56,5.18,0.13,55.61
Buenos Aires,Argentina,-34.6037,-58.3816,2026-07-09 09:00:00+00:00,1.0,8.31,14.09,11.1,23.71
London,England,51.5074,-0.1278,2026-07-09 09:00:00+00:00,2.0,21.91,23.79,26.03,51.33
Madrid,Spain,40.4168,-3.7038,2026-07-09 09:00:00+00:00,2.0,11.36,16.58,1.01,74.25
Paris,France,48.8566,2.3522,2026-07-09 09:00:00+00:00,2.0,5.22,6.11,2.17,76.61
Antananarivo,Madagascar,-18.8792,47.5079,2026-07-09 10:00:00+00:00,1.0,2.97,4.27,0.09,57.21
Buenos Aires,Argentina,-34.6037,-58.3816,2026-07-09 10:00:00+00:00,1.0,8.09,13.86,9.08,25.23
London,England,51.5074,-0.1278,2026-07-09 10:00:00+00:00,2.0,21.72,23.74,23.53,54.5
Madrid,Spain,40.4168,-3.7038,2026-07-09 10:00:00+00:00,3.0,14.25,21.81,0.37,112.12
Paris,France,48.8566,2.3522,2026-07-09 10:00:00+00:00,2.0,4.65,5.38,1.1,93.57
Antananarivo,Madagascar,-18.8792,47.5079,2026-07-09 11:00:00+00:00,1.0,3.1,4.31,0.1,57.32
Buenos Aires,Argentina,-34.6037,-58.3816,2026-07-09 11:00:00+00:00,1.0,8.03,13.8,7.97,24.5
London,England,51.5074,-0.1278,2026-07-09 11:00:00+00:00,2.0,21.62,23.79,20.81,58.52
Madrid,Spain,40.4168,-3.7038,2026-07-09 11:00:00+00:00,3.0,12.26,22.23,0.25,112.35
Paris,France,48.8566,2.3522,2026-07-09 11:00:00+00:00,2.0,4.14,4.75,0.7,95.1
Antananarivo,Madagascar,-18.8792,47.5079,2026-07-09 12:00:00+00:00,1.0,3.22,4.42,0.12,57.54
Buenos Aires,Argentina,-34.6037,-58.3816,2026-07-09 12:00:00+00:00,1.0,8.08,13.92,6.96,23.09
London,England,51.5074,-0.1278,2026-07-09 12:00:00+00:00,2.0,21.69,23.96,17.94,64.25
Madrid,Spain,40.4168,-3.7038,2026-07-09 12:00:00+00:00,3.0,10.95,21.38,0.23,111.89
Paris,France,48.8566,2.3522,2026-07-09 12:00:00+00:00,2.0,3.98,4.54,0.64,95.67
Antananarivo,Madagascar,-18.8792,47.5079,2026-07-09 13:00:00+00:00,1.0,3.71,5.14,0.27,55.89
Buenos Aires,Argentina,-34.6037,-58.3816,2026-07-09 13:00:00+00:00,1.0,8.1,14.14,5.28,22.31
London,England,51.5074,-0.1278,2026-07-09 13:00:00+00:00,2.0,21.79,24.08,15.34,71.88
Madrid,Spain,40.4168,-3.7038,2026-07-09 13:00:00+00:00,3.0,9.95,20.28,0.23,113.56
Paris,France,48.8566,2.3522,2026-07-09 13:00:00+00:00,2.0,3.92,4.47,0.63,97.62
Antananarivo,Madagascar,-18.8792,47.5079,2026-07-09 14:00:00+00:00,1.0,4.53,6.39,0.59,52.47
Buenos Aires,Argentina,-34.6037,-58.3816,2026-07-09 14:00:00+00:00,1.0,8.15,14.6,3.75,22.52
London,England,51.5074,-0.1278,2026-07-09 14:00:00+00:00,2.0,21.48,23.69,12.91,80.66
Madrid,Spain,40.4168,-3.7038,2026-07-09 14:00:00+00:00,3.0,8.91,18.24,0.23,114.08
Paris,France,48.8566,2.3522,2026-07-09 14:00:00+00:00,2.0,3.7,4.21,0.64,97.88
Antananarivo,Madagascar,-18.8792,47.5079,2026-07-09 15:00:00+00:00,1.0,5.41,7.68,0.98,49.3
Buenos Aires,Argentina,-34.6037,-58.3816,2026-07-09 15:00:00+00:00,1.0,8.29,15.45,2.77,24.69
London,England,51.5074,-0.1278,2026-07-09 15:00:00+00:00,2.0,20.39,22.44,10.78,90.0
Madrid,Spain,40.4168,-3.7038,2026-07-09 15:00:00+00:00,3.0,8.28,16.7,0.25,114.15
Paris,France,48.8566,2.3522,2026-07-09 15:00:00+00:00,2.0,3.45,3.92,0.7,97.99
Antananarivo,Madagascar,-18.8792,47.5079,2026-07-09 16:00:00+00:00,1.0,7.06,10.1,1.51,43.97
Buenos Aires,Argentina,-34.6037,-58.3816,2026-07-09 16:00:00+00:00,1.0,8.7,17.32,1.96,33.16
London,England,51.5074,-0.1278,2026-07-09 16:00:00+00:00,2.0,18.46,20.27,9.88,96.91
Madrid,Spain,40.4168,-3.7038,2026-07-09 16:00:00+00:00,3.0,8.18,15.88,0.27,114.48
Paris,France,48.8566,2.3522,2026-07-09 16:00:00+00:00,2.0,3.29,3.75,0.8,99.18
Antananarivo,Madagascar,-18.8792,47.5079,2026-07-09 17:00:00+00:00,1.0,9.89,14.15,2.22,38.39
Buenos Aires,Argentina,-34.6037,-58.3816,2026-07-09 17:00:00+00:00,1.0,8.98,17.96,1.52,38.1
London,England,51.5074,-0.1278,2026-07-09 17:00:00+00:00,2.0,15.71,17.24,10.18,97.91
Madrid,Spain,40.4168,-3.7038,2026-07-09 17:00:00+00:00,3.0,8.36,15.37,0.29,114.31
Paris,France,48.8566,2.3522,2026-07-09 17:00:00+00:00,2.0,3.22,3.69,0.91,99.61
Antananarivo,Madagascar,-18.8792,47.5079,2026-07-09 18:00:00+00:00,2.0,12.76,18.21,2.78,34.33
Buenos Aires,Argentina,-34.6037,-58.3816,2026-07-09 18:00:00+00:00,1.0,9.19,18.11,1.33,40.87
London,England,51.5074,-0.1278,2026-07-09 18:00:00+00:00,2.0,12.73,14.02,11.15,93.98
Madrid,Spain,40.4168,-3.7038,2026-07-09 18:00:00+00:00,3.0,8.59,14.96,0.32,113.65
Paris,France,48.8566,2.3522,2026-07-09 18:00:00+00:00,2.0,3.18,3.65,1.07,98.65
Antananarivo,Madagascar,-18.8792,47.5079,2026-07-09 19:00:00+00:00,2.0,15.31,21.57,3.2,31.31
Buenos Aires,Argentina,-34.6037,-58.3816,2026-07-09 19:00:00+00:00,1.0,9.52,18.2,1.37,41.29
London,England,51.5074,-0.1278,2026-07-09 19:00:00+00:00,2.0,10.13,11.24,12.48,87.98
Madrid,Spain,40.4168,-3.7038,2026-07-09 19:00:00+00:00,3.0,8.85,14.62,0.4,111.24
Paris,France,48.8566,2.3522,2026-07-09 19:00:00+00:00,2.0,3.18,3.67,1.41,95.6
Antananarivo,Madagascar,-18.8792,47.5079,2026-07-09 20:00:00+00:00,2.0,16.94,23.48,3.4,29.24
Buenos Aires,Argentina,-34.6037,-58.3816,2026-07-09 20:00:00+00:00,1.0,9.77,18.13,1.75,38.68
London,England,51.5074,-0.1278,2026-07-09 20:00:00+00:00,2.0,8.29,9.32,13.31,81.83
Madrid,Spain,40.4168,-3.7038,2026-07-09 20:00:00+00:00,3.0,8.99,14.08,0.51,107.67
Paris,France,48.8566,2.3522,2026-07-09 20:00:00+00:00,2.0,3.25,3.78,1.86,91.59
Antananarivo,Madagascar,-18.8792,47.5079,2026-07-09 21:00:00+00:00,2.0,16.95,23.14,3.29,27.96
Buenos Aires,Argentina,-34.6037,-58.3816,2026-07-09 21:00:00+00:00,1.0,9.98,18.05,2.22,36.05
London,England,51.5074,-0.1278,2026-07-09 21:00:00+00:00,2.0,7.43,8.59,13.53,76.99
Madrid,Spain,40.4168,-3.7038,2026-07-09 21:00:00+00:00,3.0,8.56,12.89,0.59,103.12
Paris,France,48.8566,2.3522,2026-07-09 21:00:00+00:00,2.0,3.36,3.95,2.12,88.59
Antananarivo,Madagascar,-18.8792,47.5079,2026-07-09 22:00:00+00:00,2.0,16.23,21.88,3.03,27.08
Buenos Aires,Argentina,-34.6037,-58.3816,2026-07-09 22:00:00+00:00,2.0,10.1,17.86,2.37,34.57
London,England,51.5074,-0.1278,2026-07-09 22:00:00+00:00,2.0,7.44,8.97,13.76,73.78
Madrid,Spain,40.4168,-3.7038,2026-07-09 22:00:00+00:00,2.0,7.61,11.3,0.64,96.58
Paris,France,48.8566,2.3522,2026-07-09 22:00:00+00:00,2.0,3.49,4.12,2.21,85.74
Antananarivo,Madagascar,-18.8792,47.5079,2026-07-09 23:00:00+00:00,2.0,15.64,20.95,2.81,26.91
Buenos Aires,Argentina,-34.6037,-58.3816,2026-07-09 23:00:00+00:00,2.0,10.19,17.64,2.19,35.36
London,England,51.5074,-0.1278,2026-07-09 23:00:00+00:00,2.0,8.1,10.25,13.62,72.95
Madrid,Spain,40.4168,-3.7038,2026-07-09 23:00:00+00:00,2.0,6.83,10.31,0.67,91.75
Paris,France,48.8566,2.3522,2026-07-09 23:00:00+00:00,2.0,3.75,4.44,2.16,84.48
Antananarivo,Madagascar,-18.8792,47.5079,2026-07-10 00:00:00+00:00,2.0,15.03,20.17,2.62,27.26
Buenos Aires,Argentina,-34.6037,-58.3816,2026-07-10 00:00:00+00:00,1.0,10.0,17.26,1.81,38.87
London,England,51.5074,-0.1278,2026-07-10 00:00:00+00:00,2.0,9.07,11.94,13.3,73.42
Madrid,Spain,40.4168,-3.7038,2026-07-10 00:00:00+00:00,2.0,6.27,9.83,0.69,87.88
Paris,France,48.8566,2.3522,2026-07-10 00:00:00+00:00,2.0,4.08,4.84,2.08,83.58
Antananarivo,Madagascar,-18.8792,47.5079,2026-07-10 01:00:00+00:00,,,,,
Buenos Aires,Argentina,-34.6037,-58.3816,2026-07-10 01:00:00+00:00,,,,,
London,England,51.5074,-0.1278,2026-07-10 01:00:00+00:00,,,,,
Madrid,Spain,40.4168,-3.7038,2026-07-10 01:00:00+00:00,,,,,
Paris,France,48.8566,2.3522,2026-07-10 01:00:00+00:00,,,,,
Antananarivo,Madagascar,-18.8792,47.5079,2026-07-10 02:00:00+00:00,,,,,
Buenos Aires,Argentina,-34.6037,-58.3816,2026-07-10 02:00:00+00:00,,,,,
London,England,51.5074,-0.1278,2026-07-10 02:00:00+00:00,,,,,
Madrid,Spain,40.4168,-3.7038,2026-07-10 02:00:00+00:00,,,,,
Paris,France,48.8566,2.3522,2026-07-10 02:00:00+00:00,,,,,
Antananarivo,Madagascar,-18.8792,47.5079,2026-07-10 03:00:00+00:00,,,,,
Buenos Aires,Argentina,-34.6037,-58.3816,2026-07-10 03:00:00+00:00,,,,,
London,England,51.5074,-0.1278,2026-07-10 03:00:00+00:00,,,,,
Madrid,Spain,40.4168,-3.7038,2026-07-10 03:00:00+00:00,,,,,
Paris,France,48.8566,2.3522,2026-07-10 03:00:00+00:00,,,,,
Antananarivo,Madagascar,-18.8792,47.5079,2026-07-10 04:00:00+00:00,,,,,
Buenos Aires,Argentina,-34.6037,-58.3816,2026-07-10 04:00:00+00:00,,,,,
London,England,51.5074,-0.1278,2026-07-10 04:00:00+00:00,,,,,
Madrid,Spain,40.4168,-3.7038,2026-07-10 04:00:00+00:00,,,,,
Paris,France,48.8566,2.3522,2026-07-10 04:00:00+00:00,,,,,
Antananarivo,Madagascar,-18.8792,47.5079,2026-07-10 05:00:00+00:00,,,,,
Buenos Aires,Argentina,-34.6037,-58.3816,2026-07-10 05:00:00+00:00,,,,,
London,England,51.5074,-0.1278,2026-07-10 05:00:00+00:00,,,,,
Madrid,Spain,40.4168,-3.7038,2026-07-10 05:00:00+00:00,,,,,
Paris,France,48.8566,2.3522,2026-07-10 05:00:00+00:00,,,,,
Antananarivo,Madagascar,-18.8792,47.5079,2026-07-10 06:00:00+00:00,,,,,
Buenos Aires,Argentina,-34.6037,-58.3816,2026-07-10 06:00:00+00:00,,,,,
London,England,51.5074,-0.1278,2026-07-10 06:00:00+00:00,,,,,
Madrid,Spain,40.4168,-3.7038,2026-07-10 06:00:00+00:00,,,,,
Paris,France,48.8566,2.3522,2026-07-10 06:00:00+00:00,,,,,
Antananarivo,Madagascar,-18.8792,47.5079,2026-07-10 07:00:00+00:00,,,,,
Buenos Aires,Argentina,-34.6037,-58.3816,2026-07-10 07:00:00+00:00,,,,,
London,England,51.5074,-0.1278,2026-07-10 07:00:00+00:00,,,,,
Madrid,Spain,40.4168,-3.7038,2026-07-10 07:00:00+00:00,,,,,
Paris,France,48.8566,2.3522,2026-07-10 07:00:00+00:00,,,,,
Antananarivo,Madagascar,-18.8792,47.5079,2026-07-10 08:00:00+00:00,,,,,
Buenos Aires,Argentina,-34.6037,-58.3816,2026-07-10 08:00:00+00:00,,,,,
London,England,51.5074,-0.1278,2026-07-10 08:00:00+00:00,,,,,
Madrid,Spain,40.4168,-3.7038,2026-07-10 08:00:00+00:00,,,,,
Paris,France,48.8566,2.3522,2026-07-10 08:00:00+00:00,,,,,
Antananarivo,Madagascar,-18.8792,47.5079,2026-07-10 09:00:00+00:00,,,,,
Buenos Aires,Argentina,-34.6037,-58.3816,2026-07-10 09:00:00+00:00,,,,,
London,England,51.5074,-0.1278,2026-07-10 09:00:00+00:00,,,,,
Madrid,Spain,40.4168,-3.7038,2026-07-10 09:00:00+00:00,,,,,
Paris,France,48.8566,2.3522,2026-07-10 09:00:00+00:00,,,,,
Antananarivo,Madagascar,-18.8792,47.5079,2026-07-10 10:00:00+00:00,,,,,
Buenos Aires,Argentina,-34.6037,-58.3816,2026-07-10 10:00:00+00:00,,,,,
London,England,51.5074,-0.1278,2026-07-10 10:00:00+00:00,,,,,
Madrid,Spain,40.4168,-3.7038,2026-07-10 10:00:00+00:00,,,,,
Paris,France,48.8566,2.3522,2026-07-10 10:00:00+00:00,,,,,
Antananarivo,Madagascar,-18.8792,47.5079,2026-07-10 11:00:00+00:00,,,,,
Buenos Aires,Argentina,-34.6037,-58.3816,2026-07-10 11:00:00+00:00,,,,,
London,England,51.5074,-0.1278,2026-07-10 11:00:00+00:00,,,,,
Madrid,Spain,40.4168,-3.7038,2026-07-10 11:00:00+00:00,,,,,
Paris,France,48.8566,2.3522,2026-07-10 11:00:00+00:00,,,,,
Antananarivo,Madagascar,-18.8792,47.5079,2026-07-10 12:00:00+00:00,,,,,
Buenos Aires,Argentina,-34.6037,-58.3816,2026-07-10 12:00:00+00:00,,,,,
London,England,51.5074,-0.1278,2026-07-10 12:00:00+00:00,,,,,
Madrid,Spain,40.4168,-3.7038,2026-07-10 12:00:00+00:00,,,,,
Paris,France,48.8566,2.3522,2026-07-10 12:00:00+00:00,,,,,
Antananarivo,Madagascar,-18.8792,47.5079,2026-07-10 13:00:00+00:00,,,,,
Buenos Aires,Argentina,-34.6037,-58.3816,2026-07-10 13:00:00+00:00,,,,,
London,England,51.5074,-0.1278,2026-07-10 13:00:00+00:00,,,,,
Madrid,Spain,40.4168,-3.7038,2026-07-10 13:00:00+00:00,,,,,
Paris,France,48.8566,2.3522,2026-07-10 13:00:00+00:00,,,,,
Antananarivo,Madagascar,-18.8792,47.5079,2026-07-10 14:00:00+00:00,,,,,
Buenos Aires,Argentina,-34.6037,-58.3816,2026-07-10 14:00:00+00:00,,,,,
London,England,51.5074,-0.1278,2026-07-10 14:00:00+00:00,,,,,
Madrid,Spain,40.4168,-3.7038,2026-07-10 14:00:00+00:00,,,,,
Paris,France,48.8566,2.3522,2026-07-10 14:00:00+00:00,,,,,
Antananarivo,Madagascar,-18.8792,47.5079,2026-07-10 15:00:00+00:00,,,,,
Buenos Aires,Argentina,-34.6037,-58.3816,2026-07-10 15:00:00+00:00,,,,,
London,England,51.5074,-0.1278,2026-07-10 15:00:00+00:00,,,,,
Madrid,Spain,40.4168,-3.7038,2026-07-10 15:00:00+00:00,,,,,
Paris,France,48.8566,2.3522,2026-07-10 15:00:00+00:00,,,,,
Antananarivo,Madagascar,-18.8792,47.5079,2026-07-10 16:00:00+00:00,,,,,
Buenos Aires,Argentina,-34.6037,-58.3816,2026-07-10 16:00:00+00:00,,,,,
London,England,51.5074,-0.1278,2026-07-10 16:00:00+00:00,,,,,
Madrid,Spain,40.4168,-3.7038,2026-07-10 16:00:00+00:00,,,,,
Paris,France,48.8566,2.3522,2026-07-10 16:00:00+00:00,,,,,
Antananarivo,Madagascar,-18.8792,47.5079,2026-07-10 17:00:00+00:00,,,,,
Buenos Aires,Argentina,-34.6037,-58.3816,2026-07-10 17:00:00+00:00,,,,,
London,England,51.5074,-0.1278,2026-07-10 17:00:00+00:00,,,,,
Madrid,Spain,40.4168,-3.7038,2026-07-10 17:00:00+00:00,,,,,
Paris,France,48.8566,2.3522,2026-07-10 17:00:00+00:00,,,,,
Antananarivo,Madagascar,-18.8792,47.5079,2026-07-10 18:00:00+00:00,,,,,
Buenos Aires,Argentina,-34.6037,-58.3816,2026-07-10 18:00:00+00:00,,,,,
London,England,51.5074,-0.1278,2026-07-10 18:00:00+00:00,,,,,
Madrid,Spain,40.4168,-3.7038,2026-07-10 18:00:00+00:00,,,,,
Paris,France,48.8566,2.3522,2026-07-10 18:00:00+00:00,,,,,
Antananarivo,Madagascar,-18.8792,47.5079,2026-07-10 19:00:00+00:00,,,,,
Buenos Aires,Argentina,-34.6037,-58.3816,2026-07-10 19:00:00+00:00,,,,,
London,England,51.5074,-0.1278,2026-07-10 19:00:00+00:00,,,,,
Madrid,Spain,40.4168,-3.7038,2026-07-10 19:00:00+00:00,,,,,
Paris,France,48.8566,2.3522,2026-07-10 19:00:00+00:00,,,,,
Antananarivo,Madagascar,-18.8792,47.5079,2026-07-10 20:00:00+00:00,,,,,
Buenos Aires,Argentina,-34.6037,-58.3816,2026-07-10 20:00:00+00:00,,,,,
London,England,51.5074,-0.1278,2026-07-10 20:00:00+00:00,,,,,
Madrid,Spain,40.4168,-3.7038,2026-07-10 20:00:00+00:00,,,,,
Paris,France,48.8566,2.3522,2026-07-10 20:00:00+00:00,,,,,
Antananarivo,Madagascar,-18.8792,47.5079,2026-07-10 21:00:00+00:00,,,,,
Buenos Aires,Argentina,-34.6037,-58.3816,2026-07-10 21:00:00+00:00,,,,,
London,England,51.5074,-0.1278,2026-07-10 21:00:00+00:00,,,,,
Madrid,Spain,40.4168,-3.7038,2026-07-10 21:00:00+00:00,,,,,
Paris,France,48.8566,2.3522,2026-07-10 21:00:00+00:00,,,,,
Antananarivo,Madagascar,-18.8792,47.5079,2026-07-10 22:00:00+00:00,,,,,
Buenos Aires,Argentina,-34.6037,-58.3816,2026-07-10 22:00:00+00:00,,,,,
London,England,51.5074,-0.1278,2026-07-10 22:00:00+00:00,,,,,
Madrid,Spain,40.4168,-3.7038,2026-07-10 22:00:00+00:00,,,,,
Paris,France,48.8566,2.3522,2026-07-10 22:00:00+00:00,,,,,
Antananarivo,Madagascar,-18.8792,47.5079,2026-07-10 23:00:00+00:00,,,,,
Buenos Aires,Argentina,-34.6037,-58.3816,2026-07-10 23:00:00+00:00,,,,,
London,England,51.5074,-0.1278,2026-07-10 23:00:00+00:00,,,,,
Madrid,Spain,40.4168,-3.7038,2026-07-10 23:00:00+00:00,,,,,
Paris,France,48.8566,2.3522,2026-07-10 23:00:00+00:00,,,,,
Antananarivo,Madagascar,-18.8792,47.5079,2026-07-11 00:00:00+00:00,2.0,12.5,17.07,2.22,29.29
Buenos Aires,Argentina,-34.6037,-58.3816,2026-07-11 00:00:00+00:00,1.0,1.32,1.85,1.16,38.83
London,England,51.5074,-0.1278,2026-07-11 00:00:00+00:00,2.0,6.74,13.17,6.24,97.92
Madrid,Spain,40.4168,-3.7038,2026-07-11 00:00:00+00:00,1.0,5.06,9.36,1.36,55.2
Paris,France,48.8566,2.3522,2026-07-11 00:00:00+00:00,2.0,3.94,4.55,1.87,71.52
Antananarivo,Madagascar,-18.8792,47.5079,2026-07-11 01:00:00+00:00,2.0,12.5,17.07,2.22,29.29
Buenos Aires,Argentina,-34.6037,-58.3816,2026-07-11 01:00:00+00:00,1.0,1.32,1.85,1.16,38.83
London,England,51.5074,-0.1278,2026-07-11 01:00:00+00:00,2.0,6.74,13.17,6.24,97.92
Madrid,Spain,40.4168,-3.7038,2026-07-11 01:00:00+00:00,1.0,5.06,9.36,1.36,55.2
Paris,France,48.8566,2.3522,2026-07-11 01:00:00+00:00,2.0,3.94,4.55,1.87,71.52
Antananarivo,Madagascar,-18.8792,47.5079,2026-07-11 02:00:00+00:00,2.0,11.58,15.75,2.03,29.0
Buenos Aires,Argentina,-34.6037,-58.3816,2026-07-11 02:00:00+00:00,1.0,1.25,1.71,1.3,34.35
London,England,51.5074,-0.1278,2026-07-11 02:00:00+00:00,2.0,6.53,13.01,6.11,94.16
Madrid,Spain,40.4168,-3.7038,2026-07-11 02:00:00+00:00,1.0,5.02,9.39,1.4,53.32
Paris,France,48.8566,2.3522,2026-07-11 02:00:00+00:00,2.0,3.9,4.49,1.68,70.43
Antananarivo,Madagascar,-18.8792,47.5079,2026-07-11 03:00:00+00:00,2.0,10.96,14.93,1.9,28.89
Buenos Aires,Argentina,-34.6037,-58.3816,2026-07-11 03:00:00+00:00,1.0,1.19,1.62,1.35,30.65
London,England,51.5074,-0.1278,2026-07-11 03:00:00+00:00,2.0,6.27,12.78,6.12,88.83
Madrid,Spain,40.4168,-3.7038,2026-07-11 03:00:00+00:00,1.0,4.97,9.39,1.52,51.46
Paris,France,48.8566,2.3522,2026-07-11 03:00:00+00:00,2.0,3.78,4.32,1.52,70.75
Antananarivo,Madagascar,-18.8792,47.5079,2026-07-11 04:00:00+00:00,2.0,10.42,14.57,1.91,29.59
Buenos Aires,Argentina,-34.6037,-58.3816,2026-07-11 04:00:00+00:00,1.0,1.16,1.64,1.28,27.58
London,England,51.5074,-0.1278,2026-07-11 04:00:00+00:00,2.0,6.0,12.39,6.26,81.83
Madrid,Spain,40.4168,-3.7038,2026-07-11 04:00:00+00:00,1.0,4.84,9.2,1.69,48.98
Paris,France,48.8566,2.3522,2026-07-11 04:00:00+00:00,2.0,3.58,4.07,1.45,70.36
Antananarivo,Madagascar,-18.8792,47.5079,2026-07-11 05:00:00+00:00,2.0,10.1,14.54,1.68,30.84
Buenos Aires,Argentina,-34.6037,-58.3816,2026-07-11 05:00:00+00:00,1.0,1.18,1.74,1.17,25.42
London,England,51.5074,-0.1278,2026-07-11 05:00:00+00:00,2.0,5.81,11.97,6.59,75.1
Madrid,Spain,40.4168,-3.7038,2026-07-11 05:00:00+00:00,1.0,4.79,9.14,2.02,46.21
Paris,France,48.8566,2.3522,2026-07-11 05:00:00+00:00,2.0,3.52,4.02,1.81,67.6
Antananarivo,Madagascar,-18.8792,47.5079,2026-07-11 06:00:00+00:00,2.0,10.48,14.95,1.15,36.34
Buenos Aires,Argentina,-34.6037,-58.3816,2026-07-11 06:00:00+00:00,1.0,1.18,1.84,1.06,24.23
London,England,51.5074,-0.1278,2026-07-11 06:00:00+00:00,2.0,5.73,11.61,6.91,69.54
Madrid,Spain,40.4168,-3.7038,2026-07-11 06:00:00+00:00,1.0,4.78,9.14,2.53,42.61
Paris,France,48.8566,2.3522,2026-07-11 06:00:00+00:00,2.0,3.57,4.11,2.5,64.39
Antananarivo,Madagascar,-18.8792,47.5079,2026-07-11 07:00:00+00:00,1.0,4.4,6.82,0.31,53.17
Buenos Aires,Argentina,-34.6037,-58.3816,2026-07-11 07:00:00+00:00,1.0,1.17,1.95,0.97,23.83
London,England,51.5074,-0.1278,2026-07-11 07:00:00+00:00,2.0,6.03,11.64,6.72,66.04
Madrid,Spain,40.4168,-3.7038,2026-07-11 07:00:00+00:00,1.0,4.76,9.11,2.58,40.11
Paris,France,48.8566,2.3522,2026-07-11 07:00:00+00:00,2.0,3.63,4.21,2.79,62.05
Antananarivo,Madagascar,-18.8792,47.5079,2026-07-11 08:00:00+00:00,1.0,3.58,5.53,0.18,55.76
Buenos Aires,Argentina,-34.6037,-58.3816,2026-07-11 08:00:00+00:00,1.0,1.17,2.03,0.92,22.62
London,England,51.5074,-0.1278,2026-07-11 08:00:00+00:00,2.0,6.25,11.73,6.48,65.24
Madrid,Spain,40.4168,-3.7038,2026-07-11 08:00:00+00:00,1.0,4.79,9.16,2.37,41.96
Paris,France,48.8566,2.3522,2026-07-11 08:00:00+00:00,2.0,3.74,4.34,2.55,62.33
Antananarivo,Madagascar,-18.8792,47.5079,2026-07-11 09:00:00+00:00,1.0,3.08,4.74,0.13,55.89
Buenos Aires,Argentina,-34.6037,-58.3816,2026-07-11 09:00:00+00:00,1.0,1.17,2.1,0.9,21.75
London,England,51.5074,-0.1278,2026-07-11 09:00:00+00:00,2.0,7.24,12.65,6.11,68.11
Madrid,Spain,40.4168,-3.7038,2026-07-11 09:00:00+00:00,1.0,4.86,9.36,2.15,49.2
Paris,France,48.8566,2.3522,2026-07-11 09:00:00+00:00,2.0,4.04,4.64,2.02,66.84
Antananarivo,Madagascar,-18.8792,47.5079,2026-07-11 10:00:00+00:00,1.0,2.38,3.56,0.09,59.05
Buenos Aires,Argentina,-34.6037,-58.3816,2026-07-11 10:00:00+00:00,1.0,1.16,2.21,0.93,23.52
London,England,51.5074,-0.1278,2026-07-11 10:00:00+00:00,2.0,7.9,13.37,5.5,76.41
Madrid,Spain,40.4168,-3.7038,2026-07-11 10:00:00+00:00,2.0,4.74,10.99,0.72,88.9
Paris,France,48.8566,2.3522,2026-07-11 10:00:00+00:00,2.0,4.13,4.57,0.95,86.61
Antananarivo,Madagascar,-18.8792,47.5079,2026-07-11 11:00:00+00:00,1.0,2.4,3.41,0.09,58.72
Buenos Aires,Argentina,-34.6037,-58.3816,2026-07-11 11:00:00+00:00,1.0,1.16,2.29,1.1,23.69
London,England,51.5074,-0.1278,2026-07-11 11:00:00+00:00,2.0,8.94,14.48,4.56,90.44
Madrid,Spain,40.4168,-3.7038,2026-07-11 11:00:00+00:00,2.0,4.95,11.56,0.42,95.49
Paris,France,48.8566,2.3522,2026-07-11 11:00:00+00:00,2.0,3.99,4.36,0.65,92.57
Antananarivo,Madagascar,-18.8792,47.5079,2026-07-11 12:00:00+00:00,1.0,2.58,3.57,0.11,57.73
Buenos Aires,Argentina,-34.6037,-58.3816,2026-07-11 12:00:00+00:00,1.0,1.17,2.37,1.28,23.09
London,England,51.5074,-0.1278,2026-07-11 12:00:00+00:00,3.0,9.24,14.72,3.43,106.47
Madrid,Spain,40.4168,-3.7038,2026-07-11 12:00:00+00:00,2.0,5.39,13.01,0.33,97.49
Paris,France,48.8566,2.3522,2026-07-11 12:00:00+00:00,2.0,4.03,4.39,0.59,93.85
Antananarivo,Madagascar,-18.8792,47.5079,2026-07-11 13:00:00+00:00,1.0,3.33,4.58,0.3,53.78
Buenos Aires,Argentina,-34.6037,-58.3816,2026-07-11 13:00:00+00:00,1.0,0.99,2.23,1.12,29.93
London,England,51.5074,-0.1278,2026-07-11 13:00:00+00:00,3.0,8.82,14.4,2.82,117.11
Madrid,Spain,40.4168,-3.7038,2026-07-11 13:00:00+00:00,3.0,6.36,16.98,0.28,100.38
Paris,France,48.8566,2.3522,2026-07-11 13:00:00+00:00,2.0,3.71,4.02,0.49,98.45
Antananarivo,Madagascar,-18.8792,47.5079,2026-07-11 14:00:00+00:00,1.0,4.53,6.2,0.72,48.3
Buenos Aires,Argentina,-34.6037,-58.3816,2026-07-11 14:00:00+00:00,1.0,0.82,1.96,1.05,31.45
London,England,51.5074,-0.1278,2026-07-11 14:00:00+00:00,3.0,8.32,14.15,2.62,120.5
Madrid,Spain,40.4168,-3.7038,2026-07-11 14:00:00+00:00,3.0,7.57,23.05,0.24,100.41
Paris,France,48.8566,2.3522,2026-07-11 14:00:00+00:00,2.0,3.27,3.55,0.48,99.39
Antananarivo,Madagascar,-18.8792,47.5079,2026-07-11 15:00:00+00:00,1.0,5.76,7.93,1.22,43.71
Buenos Aires,Argentina,-34.6037,-58.3816,2026-07-11 15:00:00+00:00,1.0,0.7,1.71,0.97,32.63
London,England,51.5074,-0.1278,2026-07-11 15:00:00+00:00,3.0,7.72,13.93,2.65,119.62
Madrid,Spain,40.4168,-3.7038,2026-07-11 15:00:00+00:00,2.0,8.32,27.56,0.23,99.2
Paris,France,48.8566,2.3522,2026-07-11 15:00:00+00:00,2.0,3.1,3.37,0.54,99.23
Antananarivo,Madagascar,-18.8792,47.5079,2026-07-11 16:00:00+00:00,1.0,7.31,10.14,1.7,38.9
Buenos Aires,Argentina,-34.6037,-58.3816,2026-07-11 16:00:00+00:00,1.0,0.59,1.43,0.85,37.28
London,England,51.5074,-0.1278,2026-07-11 16:00:00+00:00,3.0,7.23,13.72,2.88,117.72
Madrid,Spain,40.4168,-3.7038,2026-07-11 16:00:00+00:00,2.0,8.94,31.38,0.23,98.61
Paris,France,48.8566,2.3522,2026-07-11 16:00:00+00:00,3.0,3.05,3.35,0.63,100.42
Antananarivo,Madagascar,-18.8792,47.5079,2026-07-11 17:00:00+00:00,1.0,9.29,12.83,2.15,34.42
Buenos Aires,Argentina,-34.6037,-58.3816,2026-07-11 17:00:00+00:00,1.0,0.55,1.15,0.73,41.35
London,England,51.5074,-0.1278,2026-07-11 17:00:00+00:00,3.0,6.76,13.4,3.29,114.88
Madrid,Spain,40.4168,-3.7038,2026-07-11 17:00:00+00:00,2.0,9.22,33.33,0.25,96.98
Paris,France,48.8566,2.3522,2026-07-11 17:00:00+00:00,3.0,3.08,3.4,0.71,101.42
Antananarivo,Madagascar,-18.8792,47.5079,2026-07-11 18:00:00+00:00,2.0,11.18,15.21,2.49,30.77
Buenos Aires,Argentina,-34.6037,-58.3816,2026-07-11 18:00:00+00:00,1.0,0.52,0.92,0.68,44.54
London,England,51.5074,-0.1278,2026-07-11 18:00:00+00:00,3.0,6.45,13.38,3.92,111.03
Madrid,Spain,40.4168,-3.7038,2026-07-11 18:00:00+00:00,2.0,9.2,33.66,0.29,95.12
Paris,France,48.8566,2.3522,2026-07-11 18:00:00+00:00,3.0,3.14,3.51,0.81,101.84
Antananarivo,Madagascar,-18.8792,47.5079,2026-07-11 19:00:00+00:00,2.0,12.84,17.2,2.73,27.7
Buenos Aires,Argentina,-34.6037,-58.3816,2026-07-11 19:00:00+00:00,1.0,0.5,0.73,0.63,48.65
London,England,51.5074,-0.1278,2026-07-11 19:00:00+00:00,3.0,6.05,13.12,4.64,105.59
Madrid,Spain,40.4168,-3.7038,2026-07-11 19:00:00+00:00,2.0,8.79,31.18,0.38,92.34
Paris,France,48.8566,2.3522,2026-07-11 19:00:00+00:00,2.0,3.28,3.71,1.09,99.32
Antananarivo,Madagascar,-18.8792,47.5079,2026-07-11 20:00:00+00:00,2.0,13.95,18.33,2.87,25.46
Buenos Aires,Argentina,-34.6037,-58.3816,2026-07-11 20:00:00+00:00,1.0,0.5,0.69,0.63,51.66
London,England,51.5074,-0.1278,2026-07-11 20:00:00+00:00,2.0,5.43,12.19,5.21,98.72
Madrid,Spain,40.4168,-3.7038,2026-07-11 20:00:00+00:00,2.0,8.11,26.94,0.48,89.49
Paris,France,48.8566,2.3522,2026-07-11 20:00:00+00:00,2.0,3.53,4.07,1.48,95.56
Antananarivo,Madagascar,-18.8792,47.5079,2026-07-11 21:00:00+00:00,2.0,14.06,18.04,2.8,23.73
Buenos Aires,Argentina,-34.6037,-58.3816,2026-07-11 21:00:00+00:00,1.0,0.5,0.71,0.64,53.69
London,England,51.5074,-0.1278,2026-07-11 21:00:00+00:00,2.0,4.77,11.06,5.25,91.92
Madrid,Spain,40.4168,-3.7038,2026-07-11 21:00:00+00:00,2.0,7.28,22.5,0.52,87.07
Paris,France,48.8566,2.3522,2026-07-11 21:00:00+00:00,2.0,3.76,4.46,1.77,93.53
Antananarivo,Madagascar,-18.8792,47.5079,2026-07-11 22:00:00+00:00,2.0,13.93,17.49,2.68,22.53
Buenos Aires,Argentina,-34.6037,-58.3816,2026-07-11 22:00:00+00:00,1.0,0.5,0.8,0.6,54.97
London,England,51.5074,-0.1278,2026-07-11 22:00:00+00:00,2.0,4.17,9.92,4.94,87.3
Madrid,Spain,40.4168,-3.7038,2026-07-11 22:00:00+00:00,2.0,6.29,18.23,0.53,83.93
Paris,France,48.8566,2.3522,2026-07-11 22:00:00+00:00,2.0,3.85,4.7,1.89,91.49
Antananarivo,Madagascar,-18.8792,47.5079,2026-07-11 23:00:00+00:00,2.0,13.9,17.2,2.58,22.13
Buenos Aires,Argentina,-34.6037,-58.3816,2026-07-11 23:00:00+00:00,1.0,0.5,0.92,0.55,56.14
London,England,51.5074,-0.1278,2026-07-11 23:00:00+00:00,2.0,3.84,9.28,4.84,84.41
Madrid,Spain,40.4168,-3.7038,2026-07-11 23:00:00+00:00,2.0,5.5,15.17,0.53,82.48
Paris,France,48.8566,2.3522,2026-07-11 23:00:00+00:00,2.0,3.9,4.88,1.85,91.09
Antananarivo,Madagascar,-18.8792,47.5079,2026-07-12 00:00:00+00:00,2.0,13.8,16.94,2.5,22.28
Buenos Aires,Argentina,-34.6037,-58.3816,2026-07-12 00:00:00+00:00,1.0,0.5,1.02,0.49,57.04
London,England,51.5074,-0.1278,2026-07-12 00:00:00+00:00,2.0,3.65,8.81,4.77,82.38
Madrid,Spain,40.4168,-3.7038,2026-07-12 00:00:00+00:00,2.0,4.82,12.91,0.53,81.3
Paris,France,48.8566,2.3522,2026-07-12 00:00:00+00:00,2.0,3.92,4.99,1.75,90.84
Antananarivo,Madagascar,-18.8792,47.5079,2026-07-12 01:00:00+00:00,2.0,13.54,16.59,2.42,22.79
Buenos Aires,Argentina,-34.6037,-58.3816,2026-07-12 01:00:00+00:00,1.0,0.5,1.09,0.43,57.73
London,England,51.5074,-0.1278,2026-07-12 01:00:00+00:00,2.0,3.6,8.59,4.78,79.66
Madrid,Spain,40.4168,-3.7038,2026-07-12 01:00:00+00:00,2.0,4.21,10.87,0.53,78.2
Paris,France,48.8566,2.3522,2026-07-12 01:00:00+00:00,2.0,3.88,4.99,1.63,88.97
Antananarivo,Madagascar,-18.8792,47.5079,2026-07-12 02:00:00+00:00,2.0,13.32,16.39,2.31,22.7
Buenos Aires,Argentina,-34.6037,-58.3816,2026-07-12 02:00:00+00:00,1.0,0.5,1.19,0.41,58.23
London,England,51.5074,-0.1278,2026-07-12 02:00:00+00:00,2.0,3.77,8.92,4.85,77.3
Madrid,Spain,40.4168,-3.7038,2026-07-12 02:00:00+00:00,2.0,3.81,9.55,0.57,75.38
Paris,France,48.8566,2.3522,2026-07-12 02:00:00+00:00,2.0,3.87,5.01,1.58,86.17
Antananarivo,Madagascar,-18.8792,47.5079,2026-07-12 03:00:00+00:00,2.0,13.21,16.32,2.23,22.12
Buenos Aires,Argentina,-34.6037,-58.3816,2026-07-12 03:00:00+00:00,1.0,0.5,1.32,0.39,58.91
London,England,51.5074,-0.1278,2026-07-12 03:00:00+00:00,2.0,4.16,9.82,4.76,75.63
Madrid,Spain,40.4168,-3.7038,2026-07-12 03:00:00+00:00,2.0,3.55,8.78,0.62,72.95
Paris,France,48.8566,2.3522,2026-07-12 03:00:00+00:00,2.0,3.86,4.99,1.57,82.67
Antananarivo,Madagascar,-18.8792,47.5079,2026-07-12 04:00:00+00:00,2.0,13.23,16.62,2.27,21.16
Buenos Aires,Argentina,-34.6037,-58.3816,2026-07-12 04:00:00+00:00,1.0,0.5,1.46,0.37,59.09
London,England,51.5074,-0.1278,2026-07-12 04:00:00+00:00,2.0,4.67,11.0,4.64,74.25
Madrid,Spain,40.4168,-3.7038,2026-07-12 04:00:00+00:00,2.0,3.34,8.23,0.67,69.92
Paris,France,48.8566,2.3522,2026-07-12 04:00:00+00:00,2.0,3.8,4.91,1.63,78.27
Antananarivo,Madagascar,-18.8792,47.5079,2026-07-12 05:00:00+00:00,2.0,13.24,17.0,1.86,22.69
Buenos Aires,Argentina,-34.6037,-58.3816,2026-07-12 05:00:00+00:00,1.0,0.52,1.64,0.36,59.08
London,England,51.5074,-0.1278,2026-07-12 05:00:00+00:00,2.0,5.19,12.2,4.67,73.46
Madrid,Spain,40.4168,-3.7038,2026-07-12 05:00:00+00:00,2.0,3.26,7.97,0.81,67.42
Paris,France,48.8566,2.3522,2026-07-12 05:00:00+00:00,2.0,3.77,4.87,2.0,74.89
Antananarivo,Madagascar,-18.8792,47.5079,2026-07-12 06:00:00+00:00,2.0,14.15,18.0,1.22,30.61
Buenos Aires,Argentina,-34.6037,-58.3816,2026-07-12 06:00:00+00:00,1.0,0.56,1.84,0.34,58.94
London,England,51.5074,-0.1278,2026-07-12 06:00:00+00:00,2.0,5.63,13.19,4.71,73.3
Madrid,Spain,40.4168,-3.7038,2026-07-12 06:00:00+00:00,2.0,3.23,7.84,1.08,64.63
Paris,France,48.8566,2.3522,2026-07-12 06:00:00+00:00,2.0,3.75,4.85,2.53,72.26
Antananarivo,Madagascar,-18.8792,47.5079,2026-07-12 07:00:00+00:00,1.0,5.86,7.71,0.24,54.36
Buenos Aires,Argentina,-34.6037,-58.3816,2026-07-12 07:00:00+00:00,1.0,0.61,2.03,0.33,58.43
London,England,51.5074,-0.1278,2026-07-12 07:00:00+00:00,2.0,5.99,13.89,4.53,74.57
Madrid,Spain,40.4168,-3.7038,2026-07-12 07:00:00+00:00,2.0,3.17,7.71,1.19,61.53
Paris,France,48.8566,2.3522,2026-07-12 07:00:00+00:00,2.0,3.73,4.82,2.42,72.04
Antananarivo,Madagascar,-18.8792,47.5079,2026-07-12 08:00:00+00:00,1.0,5.2,6.83,0.13,56.73
Buenos Aires,Argentina,-34.6037,-58.3816,2026-07-12 08:00:00+00:00,1.0,0.66,2.18,0.32,58.15
London,England,51.5074,-0.1278,2026-07-12 08:00:00+00:00,2.0,6.31,14.47,4.37,76.64
Madrid,Spain,40.4168,-3.7038,2026-07-12 08:00:00+00:00,2.0,3.13,7.63,1.05,60.98
Paris,France,48.8566,2.3522,2026-07-12 08:00:00+00:00,2.0,3.82,4.91,2.13,73.09
Antananarivo,Madagascar,-18.8792,47.5079,2026-07-12 09:00:00+00:00,1.0,5.15,6.71,0.1,56.34
Buenos Aires,Argentina,-34.6037,-58.3816,2026-07-12 09:00:00+00:00,1.0,0.7,2.28,0.31,58.03
London,England,51.5074,-0.1278,2026-07-12 09:00:00+00:00,2.0,6.73,15.27,4.09,80.43
Madrid,Spain,40.4168,-3.7038,2026-07-12 09:00:00+00:00,2.0,3.09,7.61,0.82,64.53
Paris,France,48.8566,2.3522,2026-07-12 09:00:00+00:00,2.0,4.19,5.29,1.73,77.39
Antananarivo,Madagascar,-18.8792,47.5079,2026-07-12 10:00:00+00:00,1.0,4.37,5.75,0.08,59.49
Buenos Aires,Argentina,-34.6037,-58.3816,2026-07-12 10:00:00+00:00,1.0,0.73,2.33,0.33,57.66
London,England,51.5074,-0.1278,2026-07-12 10:00:00+00:00,2.0,7.58,16.74,3.5,88.47
Madrid,Spain,40.4168,-3.7038,2026-07-12 10:00:00+00:00,2.0,3.11,9.38,0.32,84.12
Paris,France,48.8566,2.3522,2026-07-12 10:00:00+00:00,2.0,4.72,5.77,1.08,90.38
Antananarivo,Madagascar,-18.8792,47.5079,2026-07-12 11:00:00+00:00,2.0,3.75,4.99,0.07,61.25
Buenos Aires,Argentina,-34.6037,-58.3816,2026-07-12 11:00:00+00:00,1.0,0.75,2.41,0.41,57.89
London,England,51.5074,-0.1278,2026-07-12 11:00:00+00:00,3.0,8.75,18.33,2.72,100.28
Madrid,Spain,40.4168,-3.7038,2026-07-12 11:00:00+00:00,2.0,3.64,11.69,0.21,87.65
Paris,France,48.8566,2.3522,2026-07-12 11:00:00+00:00,2.0,5.12,6.09,0.8,96.37
Antananarivo,Madagascar,-18.8792,47.5079,2026-07-12 12:00:00+00:00,2.0,3.56,4.78,0.08,61.4
Buenos Aires,Argentina,-34.6037,-58.3816,2026-07-12 12:00:00+00:00,1.0,0.76,2.51,0.47,58.17
London,England,51.5074,-0.1278,2026-07-12 12:00:00+00:00,3.0,9.58,19.17,2.13,111.5
Madrid,Spain,40.4168,-3.7038,2026-07-12 12:00:00+00:00,2.0,3.79,12.11,0.19,86.86
Paris,France,48.8566,2.3522,2026-07-12 12:00:00+00:00,2.0,5.49,6.4,0.73,99.73
Antananarivo,Madagascar,-18.8792,47.5079,2026-07-12 13:00:00+00:00,1.0,3.59,4.89,0.14,59.43
Buenos Aires,Argentina,-34.6037,-58.3816,2026-07-12 13:00:00+00:00,1.0,0.76,2.56,0.47,57.92
London,England,51.5074,-0.1278,2026-07-12 13:00:00+00:00,3.0,9.71,19.1,1.92,118.72
Madrid,Spain,40.4168,-3.7038,2026-07-12 13:00:00+00:00,2.0,3.69,11.49,0.18,85.56
Paris,France,48.8566,2.3522,2026-07-12 13:00:00+00:00,3.0,5.54,6.37,0.59,107.89
Antananarivo,Madagascar,-18.8792,47.5079,2026-07-12 14:00:00+00:00,1.0,3.77,5.23,0.29,55.59
Buenos Aires,Argentina,-34.6037,-58.3816,2026-07-12 14:00:00+00:00,1.0,0.75,2.61,0.39,57.92
London,England,51.5074,-0.1278,2026-07-12 14:00:00+00:00,3.0,9.04,17.67,1.86,120.21
Madrid,Spain,40.4168,-3.7038,2026-07-12 14:00:00+00:00,2.0,3.41,10.26,0.16,82.65
Paris,France,48.8566,2.3522,2026-07-12 14:00:00+00:00,3.0,5.69,6.48,0.57,110.17
Antananarivo,Madagascar,-18.8792,47.5079,2026-07-12 15:00:00+00:00,1.0,3.93,5.56,0.47,52.23
Buenos Aires,Argentina,-34.6037,-58.3816,2026-07-12 15:00:00+00:00,1.0,0.74,2.62,0.31,58.68
London,England,51.5074,-0.1278,2026-07-12 15:00:00+00:00,3.0,8.27,16.23,1.88,119.52
Madrid,Spain,40.4168,-3.7038,2026-07-12 15:00:00+00:00,2.0,3.04,8.87,0.16,81.07
Paris,France,48.8566,2.3522,2026-07-12 15:00:00+00:00,3.0,6.22,7.01,0.62,110.84
Antananarivo,Madagascar,-18.8792,47.5079,2026-07-12 16:00:00+00:00,1.0,4.47,6.48,0.72,47.31
Buenos Aires,Argentina,-34.6037,-58.3816,2026-07-12 16:00:00+00:00,2.0,0.65,2.37,0.2,63.52
London,England,51.5074,-0.1278,2026-07-12 16:00:00+00:00,3.0,7.78,15.66,2.03,118.38
Madrid,Spain,40.4168,-3.7038,2026-07-12 16:00:00+00:00,2.0,2.66,7.54,0.17,81.9
Paris,France,48.8566,2.3522,2026-07-12 16:00:00+00:00,3.0,7.19,8.0,0.73,112.22
Antananarivo,Madagascar,-18.8792,47.5079,2026-07-12 17:00:00+00:00,1.0,5.67,8.36,1.07,43.17
Buenos Aires,Argentina,-34.6037,-58.3816,2026-07-12 17:00:00+00:00,2.0,0.61,2.2,0.16,64.94
London,England,51.5074,-0.1278,2026-07-12 17:00:00+00:00,3.0,7.27,15.54,2.3,114.7
Madrid,Spain,40.4168,-3.7038,2026-07-12 17:00:00+00:00,2.0,2.28,6.32,0.19,84.07
Paris,France,48.8566,2.3522,2026-07-12 17:00:00+00:00,3.0,8.28,9.12,0.92,112.59
Antananarivo,Madagascar,-18.8792,47.5079,2026-07-12 18:00:00+00:00,1.0,6.88,10.1,1.36,40.43
Buenos Aires,Argentina,-34.6037,-58.3816,2026-07-12 18:00:00+00:00,2.0,0.61,2.19,0.16,64.79
London,England,51.5074,-0.1278,2026-07-12 18:00:00+00:00,3.0,6.63,16.03,2.67,108.39
Madrid,Spain,40.4168,-3.7038,2026-07-12 18:00:00+00:00,2.0,1.93,5.27,0.21,87.36
Paris,France,48.8566,2.3522,2026-07-12 18:00:00+00:00,3.0,8.23,9.1,1.08,111.66
Antananarivo,Madagascar,-18.8792,47.5079,2026-07-12 19:00:00+00:00,1.0,8.13,11.56,1.62,37.83
Buenos Aires,Argentina,-34.6037,-58.3816,2026-07-12 19:00:00+00:00,1.0,0.66,2.28,0.33,59.63
London,England,51.5074,-0.1278,2026-07-12 19:00:00+00:00,3.0,5.7,15.42,3.05,101.7
Madrid,Spain,40.4168,-3.7038,2026-07-12 19:00:00+00:00,2.0,1.63,4.39,0.29,89.46
Paris,France,48.8566,2.3522,2026-07-12 19:00:00+00:00,3.0,7.13,8.01,1.21,109.41
Antananarivo,Madagascar,-18.8792,47.5079,2026-07-12 20:00:00+00:00,1.0,9.33,12.97,1.87,35.32
Buenos Aires,Argentina,-34.6037,-58.3816,2026-07-12 20:00:00+00:00,1.0,0.74,2.44,0.76,52.2
London,England,51.5074,-0.1278,2026-07-12 20:00:00+00:00,2.0,4.73,14.01,3.46,95.99
Madrid,Spain,40.4168,-3.7038,2026-07-12 20:00:00+00:00,2.0,1.42,3.79,0.39,89.41
Paris,France,48.8566,2.3522,2026-07-12 20:00:00+00:00,3.0,5.4,6.26,1.25,106.55
Antananarivo,Madagascar,-18.8792,47.5079,2026-07-12 21:00:00+00:00,1.0,9.74,13.28,1.93,33.32
Buenos Aires,Argentina,-34.6037,-58.3816,2026-07-12 21:00:00+00:00,1.0,0.81,2.62,1.37,47.91
London,England,51.5074,-0.1278,2026-07-12 21:00:00+00:00,2.0,4.09,13.08,3.56,91.89
Madrid,Spain,40.4168,-3.7038,2026-07-12 21:00:00+00:00,2.0,1.28,3.47,0.45,87.86
Paris,France,48.8566,2.3522,2026-07-12 21:00:00+00:00,3.0,3.89,4.67,1.2,103.44
Antananarivo,Madagascar,-18.8792,47.5079,2026-07-12 22:00:00+00:00,1.0,9.85,13.25,1.92,31.36
Buenos Aires,Argentina,-34.6037,-58.3816,2026-07-12 22:00:00+00:00,1.0,0.88,2.8,1.74,45.81
London,England,51.5074,-0.1278,2026-07-12 22:00:00+00:00,2.0,3.75,12.6,3.52,86.84
Madrid,Spain,40.4168,-3.7038,2026-07-12 22:00:00+00:00,2.0,1.2,3.27,0.53,82.92
Paris,France,48.8566,2.3522,2026-07-12 22:00:00+00:00,2.0,3.08,3.77,1.12,98.0
Antananarivo,Madagascar,-18.8792,47.5079,2026-07-12 23:00:00+00:00,1.0,9.98,13.23,1.91,29.69
Buenos Aires,Argentina,-34.6037,-58.3816,2026-07-12 23:00:00+00:00,1.0,0.94,2.96,1.86,43.42
London,England,51.5074,-0.1278,2026-07-12 23:00:00+00:00,2.0,3.63,12.5,3.49,81.78
Madrid,Spain,40.4168,-3.7038,2026-07-12 23:00:00+00:00,2.0,1.19,3.25,0.63,78.24
Paris,France,48.8566,2.3522,2026-07-12 23:00:00+00:00,2.0,2.84,3.49,1.04,93.93
Antananarivo,Madagascar,-18.8792,47.5079,2026-07-13 00:00:00+00:00,2.0,10.05,13.0,1.89,28.39
Buenos Aires,Argentina,-34.6037,-58.3816,2026-07-13 00:00:00+00:00,1.0,1.0,3.1,1.87,40.74
London,England,51.5074,-0.1278,2026-07-13 00:00:00+00:00,2.0,3.58,12.39,3.45,77.42
Madrid,Spain,40.4168,-3.7038,2026-07-13 00:00:00+00:00,2.0,1.21,3.31,0.71,74.56
Paris,France,48.8566,2.3522,2026-07-13 00:00:00+00:00,2.0,2.8,3.45,0.98,90.42
Antananarivo,Madagascar,-18.8792,47.5079,2026-07-13 01:00:00+00:00,1.0,9.92,12.64,1.81,27.62
Buenos Aires,Argentina,-34.6037,-58.3816,2026-07-13 01:00:00+00:00,1.0,1.03,3.17,1.85,37.88
London,England,51.5074,-0.1278,2026-07-13 01:00:00+00:00,2.0,3.59,12.32,3.4,74.37
Madrid,Spain,40.4168,-3.7038,2026-07-13 01:00:00+00:00,2.0,1.22,3.35,0.77,71.25
Paris,France,48.8566,2.3522,2026-07-13 01:00:00+00:00,2.0,2.8,3.43,0.96,86.1
Antananarivo,Madagascar,-18.8792,47.5079,2026-07-13 02:00:00+00:00,1.0,9.73,12.27,1.71,27.28
Buenos Aires,Argentina,-34.6037,-58.3816,2026-07-13 02:00:00+00:00,1.0,1.07,3.27,1.86,35.65
London,England,51.5074,-0.1278,2026-07-13 02:00:00+00:00,2.0,3.7,12.52,3.36,72.88
Madrid,Spain,40.4168,-3.7038,2026-07-13 02:00:00+00:00,2.0,1.26,3.43,0.83,69.29
Paris,France,48.8566,2.3522,2026-07-13 02:00:00+00:00,2.0,2.84,3.44,0.98,82.69
Antananarivo,Madagascar,-18.8792,47.5079,2026-07-13 03:00:00+00:00,1.0,9.59,12.05,1.65,27.81
Buenos Aires,Argentina,-34.6037,-58.3816,2026-07-13 03:00:00+00:00,1.0,1.1,3.36,1.84,33.85
London,England,51.5074,-0.1278,2026-07-13 03:00:00+00:00,2.0,3.91,13.13,3.33,71.69
Madrid,Spain,40.4168,-3.7038,2026-07-13 03:00:00+00:00,2.0,1.3,3.53,0.87,68.29
Paris,France,48.8566,2.3522,2026-07-13 03:00:00+00:00,2.0,2.88,3.45,1.05,79.48
Antananarivo,Madagascar,-18.8792,47.5079,2026-07-13 04:00:00+00:00,1.0,9.83,12.76,1.77,28.73
Buenos Aires,Argentina,-34.6037,-58.3816,2026-07-13 04:00:00+00:00,1.0,1.13,3.43,1.84,32.12
London,England,51.5074,-0.1278,2026-07-13 04:00:00+00:00,2.0,4.2,13.98,3.34,70.32
Madrid,Spain,40.4168,-3.7038,2026-07-13 04:00:00+00:00,2.0,1.33,3.62,0.91,66.86
Paris,France,48.8566,2.3522,2026-07-13 04:00:00+00:00,2.0,2.88,3.43,1.18,76.16
Antananarivo,Madagascar,-18.8792,47.5079,2026-07-13 05:00:00+00:00,2.0,10.43,14.09,1.65,29.94
Buenos Aires,Argentina,-34.6037,-58.3816,2026-07-13 05:00:00+00:00,1.0,1.19,3.49,2.11,30.54
London,England,51.5074,-0.1278,2026-07-13 05:00:00+00:00,2.0,4.46,14.75,3.45,68.62
Madrid,Spain,40.4168,-3.7038,2026-07-13 05:00:00+00:00,2.0,1.38,3.73,1.08,64.41
Paris,France,48.8566,2.3522,2026-07-13 05:00:00+00:00,2.0,2.89,3.42,1.58,73.53
Antananarivo,Madagascar,-18.8792,47.5079,2026-07-13 06:00:00+00:00,2.0,11.27,15.32,1.13,35.88
Buenos Aires,Argentina,-34.6037,-58.3816,2026-07-13 06:00:00+00:00,1.0,1.29,3.58,3.06,28.9
London,England,51.5074,-0.1278,2026-07-13 06:00:00+00:00,2.0,4.54,14.88,3.54,67.24
Madrid,Spain,40.4168,-3.7038,2026-07-13 06:00:00+00:00,2.0,1.42,3.87,1.33,61.99
Paris,France,48.8566,2.3522,2026-07-13 06:00:00+00:00,2.0,2.89,3.41,2.18,71.06
Antananarivo,Madagascar,-18.8792,47.5079,2026-07-13 07:00:00+00:00,1.0,4.71,6.54,0.26,52.67
Buenos Aires,Argentina,-34.6037,-58.3816,2026-07-13 07:00:00+00:00,1.0,1.44,3.79,4.93,27.53
London,England,51.5074,-0.1278,2026-07-13 07:00:00+00:00,2.0,4.4,14.19,3.45,66.4
Madrid,Spain,40.4168,-3.7038,2026-07-13 07:00:00+00:00,2.0,1.45,3.97,1.24,60.46
Paris,France,48.8566,2.3522,2026-07-13 07:00:00+00:00,2.0,2.88,3.38,2.46,69.27
Antananarivo,Madagascar,-18.8792,47.5079,2026-07-13 08:00:00+00:00,1.0,4.33,5.92,0.15,55.46
Buenos Aires,Argentina,-34.6037,-58.3816,2026-07-13 08:00:00+00:00,1.0,1.71,4.24,7.9,24.72
London,England,51.5074,-0.1278,2026-07-13 08:00:00+00:00,2.0,4.21,13.26,3.25,66.89
Madrid,Spain,40.4168,-3.7038,2026-07-13 08:00:00+00:00,2.0,1.47,4.08,0.97,61.51
Paris,France,48.8566,2.3522,2026-07-13 08:00:00+00:00,2.0,2.93,3.42,2.32,69.59
Antananarivo,Madagascar,-18.8792,47.5079,2026-07-13 09:00:00+00:00,1.0,4.14,5.61,0.11,55.88
Buenos Aires,Argentina,-34.6037,-58.3816,2026-07-13 09:00:00+00:00,1.0,2.15,5.09,11.47,21.89
London,England,51.5074,-0.1278,2026-07-13 09:00:00+00:00,2.0,4.13,12.43,2.85,70.44
Madrid,Spain,40.4168,-3.7038,2026-07-13 09:00:00+00:00,2.0,1.52,4.25,0.65,66.15
Paris,France,48.8566,2.3522,2026-07-13 09:00:00+00:00,2.0,3.17,3.69,1.94,73.16
Antananarivo,Madagascar,-18.8792,47.5079,2026-07-13 10:00:00+00:00,1.0,3.37,4.63,0.08,58.66
Buenos Aires,Argentina,-34.6037,-58.3816,2026-07-13 10:00:00+00:00,1.0,2.79,6.45,15.13,20.43
London,England,51.5074,-0.1278,2026-07-13 10:00:00+00:00,2.0,4.2,11.81,2.31,78.04
Madrid,Spain,40.4168,-3.7038,2026-07-13 10:00:00+00:00,2.0,1.42,3.75,0.26,82.96
Paris,France,48.8566,2.3522,2026-07-13 10:00:00+00:00,2.0,3.93,4.78,1.36,83.29
Antananarivo,Madagascar,-18.8792,47.5079,2026-07-13 11:00:00+00:00,1.0,3.36,4.57,0.09,59.56
Buenos Aires,Argentina,-34.6037,-58.3816,2026-07-13 11:00:00+00:00,1.0,3.87,8.45,19.48,18.11
London,England,51.5074,-0.1278,2026-07-13 11:00:00+00:00,2.0,4.37,11.53,1.82,86.24
Madrid,Spain,40.4168,-3.7038,2026-07-13 11:00:00+00:00,2.0,1.35,3.41,0.19,87.68
Paris,France,48.8566,2.3522,2026-07-13 11:00:00+00:00,2.0,4.84,6.09,0.94,89.91
Antananarivo,Madagascar,-18.8792,47.5079,2026-07-13 12:00:00+00:00,1.0,3.44,4.63,0.1,59.41
Buenos Aires,Argentina,-34.6037,-58.3816,2026-07-13 12:00:00+00:00,1.0,5.69,11.57,24.31,16.25
London,England,51.5074,-0.1278,2026-07-13 12:00:00+00:00,2.0,4.52,11.59,1.54,92.01
Madrid,Spain,40.4168,-3.7038,2026-07-13 12:00:00+00:00,2.0,1.35,3.28,0.19,89.04
Paris,France,48.8566,2.3522,2026-07-13 12:00:00+00:00,2.0,5.68,7.16,0.74,94.43
Antananarivo,Madagascar,-18.8792,47.5079,2026-07-13 13:00:00+00:00,1.0,3.89,5.28,0.24,56.56
Buenos Aires,Argentina,-34.6037,-58.3816,2026-07-13 13:00:00+00:00,1.0,8.31,16.1,25.35,21.47
London,England,51.5074,-0.1278,2026-07-13 13:00:00+00:00,2.0,4.57,11.59,1.49,94.82
Madrid,Spain,40.4168,-3.7038,2026-07-13 13:00:00+00:00,2.0,1.34,3.16,0.2,94.27
Paris,France,48.8566,2.3522,2026-07-13 13:00:00+00:00,2.0,6.38,7.97,0.75,97.96
Antananarivo,Madagascar,-18.8792,47.5079,2026-07-13 14:00:00+00:00,1.0,4.68,6.44,0.59,51.56
Buenos Aires,Argentina,-34.6037,-58.3816,2026-07-13 14:00:00+00:00,1.0,9.99,18.59,23.74,26.7
London,England,51.5074,-0.1278,2026-07-13 14:00:00+00:00,2.0,4.51,11.31,1.55,95.24
Madrid,Spain,40.4168,-3.7038,2026-07-13 14:00:00+00:00,2.0,1.32,3.03,0.2,98.93
Paris,France,48.8566,2.3522,2026-07-13 14:00:00+00:00,2.0,6.83,8.49,0.92,97.32
Antananarivo,Madagascar,-18.8792,47.5079,2026-07-13 15:00:00+00:00,1.0,5.46,7.63,0.99,46.94
Buenos Aires,Argentina,-34.6037,-58.3816,2026-07-13 15:00:00+00:00,2.0,11.05,19.7,23.22,31.57
London,England,51.5074,-0.1278,2026-07-13 15:00:00+00:00,2.0,4.48,11.11,1.71,94.19
Madrid,Spain,40.4168,-3.7038,2026-07-13 15:00:00+00:00,3.0,1.32,2.97,0.22,101.31
Paris,France,48.8566,2.3522,2026-07-13 15:00:00+00:00,2.0,7.04,8.74,1.27,94.07
Antananarivo,Madagascar,-18.8792,47.5079,2026-07-13 16:00:00+00:00,1.0,6.2,8.77,1.26,42.51
Buenos Aires,Argentina,-34.6037,-58.3816,2026-07-13 16:00:00+00:00,1.0,9.12,16.14,18.01,44.91
London,England,51.5074,-0.1278,2026-07-13 16:00:00+00:00,2.0,4.67,11.58,2.13,92.91
Madrid,Spain,40.4168,-3.7038,2026-07-13 16:00:00+00:00,3.0,1.31,2.93,0.24,103.3
Paris,France,48.8566,2.3522,2026-07-13 16:00:00+00:00,2.0,6.88,8.46,1.62,89.02
Antananarivo,Madagascar,-18.8792,47.5079,2026-07-13 17:00:00+00:00,1.0,6.73,9.55,1.39,39.96
Buenos Aires,Argentina,-34.6037,-58.3816,2026-07-13 17:00:00+00:00,1.0,7.46,13.46,15.38,49.9
London,England,51.5074,-0.1278,2026-07-13 17:00:00+00:00,2.0,5.05,12.74,2.74,90.64
Madrid,Spain,40.4168,-3.7038,2026-07-13 17:00:00+00:00,3.0,1.29,2.93,0.26,103.42
Paris,France,48.8566,2.3522,2026-07-13 17:00:00+00:00,2.0,6.46,7.87,1.71,87.46
Antananarivo,Madagascar,-18.8792,47.5079,2026-07-13 18:00:00+00:00,1.0,6.5,9.33,1.29,39.23
Buenos Aires,Argentina,-34.6037,-58.3816,2026-07-13 18:00:00+00:00,1.0,6.73,12.33,14.78,51.03
London,England,51.5074,-0.1278,2026-07-13 18:00:00+00:00,2.0,5.5,14.17,3.51,87.43
Madrid,Spain,40.4168,-3.7038,2026-07-13 18:00:00+00:00,3.0,1.29,2.97,0.29,102.64
Paris,France,48.8566,2.3522,2026-07-13 18:00:00+00:00,2.0,5.46,6.59,1.54,88.27
Antananarivo,Madagascar,-18.8792,47.5079,2026-07-13 19:00:00+00:00,1.0,6.12,8.94,1.2,37.58
Buenos Aires,Argentina,-34.6037,-58.3816,2026-07-13 19:00:00+00:00,1.0,6.1,11.36,14.45,51.76
London,England,51.5074,-0.1278,2026-07-13 19:00:00+00:00,2.0,5.87,15.23,4.2,84.71
Madrid,Spain,40.4168,-3.7038,2026-07-13 19:00:00+00:00,2.0,1.3,3.0,0.49,96.39
Paris,France,48.8566,2.3522,2026-07-13 19:00:00+00:00,2.0,4.28,5.14,1.39,91.46
Antananarivo,Madagascar,-18.8792,47.5079,2026-07-13 20:00:00+00:00,1.0,6.47,9.35,1.32,34.7
Buenos Aires,Argentina,-34.6037,-58.3816,2026-07-13 20:00:00+00:00,1.0,5.59,10.57,15.75,49.06
London,England,51.5074,-0.1278,2026-07-13 20:00:00+00:00,2.0,6.12,15.77,4.48,83.34
Madrid,Spain,40.4168,-3.7038,2026-07-13 20:00:00+00:00,2.0,1.32,3.03,0.79,86.8
Paris,France,48.8566,2.3522,2026-07-13 20:00:00+00:00,2.0,3.58,4.28,1.52,88.78
Antananarivo,Madagascar,-18.8792,47.5079,2026-07-13 21:00:00+00:00,1.0,6.15,8.84,1.29,32.74
Buenos Aires,Argentina,-34.6037,-58.3816,2026-07-13 21:00:00+00:00,1.0,5.22,10.06,18.63,44.6
London,England,51.5074,-0.1278,2026-07-13 21:00:00+00:00,2.0,6.22,15.83,4.44,82.04
Madrid,Spain,40.4168,-3.7038,2026-07-13 21:00:00+00:00,2.0,1.34,3.06,0.97,79.25
Paris,France,48.8566,2.3522,2026-07-13 21:00:00+00:00,2.0,3.08,3.68,1.59,86.16
Antananarivo,Madagascar,-18.8792,47.5079,2026-07-13 22:00:00+00:00,1.0,5.82,8.01,1.24,30.34
Buenos Aires,Argentina,-34.6037,-58.3816,2026-07-13 22:00:00+00:00,1.0,5.01,9.77,19.68,41.16
London,England,51.5074,-0.1278,2026-07-13 22:00:00+00:00,2.0,6.07,14.92,4.32,79.47
Madrid,Spain,40.4168,-3.7038,2026-07-13 22:00:00+00:00,2.0,1.33,3.04,1.09,71.82
Paris,France,48.8566,2.3522,2026-07-13 22:00:00+00:00,2.0,2.81,3.38,1.74,79.96
Antananarivo,Madagascar,-18.8792,47.5079,2026-07-13 23:00:00+00:00,1.0,5.83,7.74,1.26,27.58
Buenos Aires,Argentina,-34.6037,-58.3816,2026-07-13 23:00:00+00:00,1.0,4.95,9.71,20.83,38.22
London,England,51.5074,-0.1278,2026-07-13 23:00:00+00:00,2.0,5.78,13.72,4.34,76.89
Madrid,Spain,40.4168,-3.7038,2026-07-13 23:00:00+00:00,2.0,1.34,3.09,1.14,66.59
Paris,France,48.8566,2.3522,2026-07-13 23:00:00+00:00,2.0,2.88,3.51,1.91,72.71
Antananarivo,Madagascar,-18.8792,47.5079,2026-07-14 00:00:00+00:00,1.0,5.77,7.65,1.26,25.62
Buenos Aires,Argentina,-34.6037,-58.3816,2026-07-14 00:00:00+00:00,1.0,4.91,9.66,22.02,35.68
London,England,51.5074,-0.1278,2026-07-14 00:00:00+00:00,2.0,5.55,12.65,4.45,74.29
Madrid,Spain,40.4168,-3.7038,2026-07-14 00:00:00+00:00,2.0,1.37,3.19,1.11,63.55
Paris,France,48.8566,2.3522,2026-07-14 00:00:00+00:00,2.0,3.12,3.89,2.0,66.69
Antananarivo,Madagascar,-18.8792,47.5079,2026-07-14 01:00:00+00:00,1.0,5.68,7.71,1.25,24.3
Buenos Aires,Argentina,-34.6037,-58.3816,2026-07-14 01:00:00+00:00,1.0,4.77,9.43,22.61,33.39
London,England,51.5074,-0.1278,2026-07-14 01:00:00+00:00,2.0,5.59,12.95,4.62,72.2
Madrid,Spain,40.4168,-3.7038,2026-07-14 01:00:00+00:00,2.0,1.41,3.33,1.09,61.5
Paris,France,48.8566,2.3522,2026-07-14 01:00:00+00:00,1.0,3.4,4.32,2.07,59.97
Antananarivo,Madagascar,-18.8792,47.5079,2026-07-14 02:00:00+00:00,1.0,5.59,7.89,1.25,23.64
Buenos Aires,Argentina,-34.6037,-58.3816,2026-07-14 02:00:00+00:00,1.0,4.62,9.16,22.67,31.89
London,England,51.5074,-0.1278,2026-07-14 02:00:00+00:00,2.0,5.84,13.75,4.73,71.21
Madrid,Spain,40.4168,-3.7038,2026-07-14 02:00:00+00:00,1.0,1.49,3.52,1.15,59.18
Paris,France,48.8566,2.3522,2026-07-14 02:00:00+00:00,1.0,3.66,4.71,2.26,53.1
Antananarivo,Madagascar,-18.8792,47.5079,2026-07-14 03:00:00+00:00,1.0,5.65,8.17,1.29,23.71
Buenos Aires,Argentina,-34.6037,-58.3816,2026-07-14 03:00:00+00:00,1.0,4.41,8.83,21.7,31.29
London,England,51.5074,-0.1278,2026-07-14 03:00:00+00:00,2.0,6.11,14.57,4.74,70.54
Madrid,Spain,40.4168,-3.7038,2026-07-14 03:00:00+00:00,1.0,1.6,3.79,1.24,57.74
Paris,France,48.8566,2.3522,2026-07-14 03:00:00+00:00,1.0,3.89,5.05,2.65,47.71
Antananarivo,Madagascar,-18.8792,47.5079,2026-07-14 04:00:00+00:00,1.0,6.03,9.13,1.47,25.26
Buenos Aires,Argentina,-34.6037,-58.3816,2026-07-14 04:00:00+00:00,1.0,4.1,8.36,19.68,31.4
London,England,51.5074,-0.1278,2026-07-14 04:00:00+00:00,2.0,6.33,15.07,4.76,69.77
Madrid,Spain,40.4168,-3.7038,2026-07-14 04:00:00+00:00,1.0,1.71,4.14,1.33,56.99
Paris,France,48.8566,2.3522,2026-07-14 04:00:00+00:00,1.0,3.99,5.28,3.21,44.61
Antananarivo,Madagascar,-18.8792,47.5079,2026-07-14 05:00:00+00:00,1.0,6.46,10.13,1.41,27.42
Buenos Aires,Argentina,-34.6037,-58.3816,2026-07-14 05:00:00+00:00,1.0,3.76,7.89,17.26,32.2
London,England,51.5074,-0.1278,2026-07-14 05:00:00+00:00,2.0,6.64,15.76,4.94,69.6
Madrid,Spain,40.4168,-3.7038,2026-07-14 05:00:00+00:00,1.0,1.84,4.51,1.59,55.33
Paris,France,48.8566,2.3522,2026-07-14 05:00:00+00:00,1.0,4.05,5.42,4.12,41.29
Antananarivo,Madagascar,-18.8792,47.5079,2026-07-14 06:00:00+00:00,1.0,6.7,10.43,0.95,33.14
Buenos Aires,Argentina,-34.6037,-58.3816,2026-07-14 06:00:00+00:00,1.0,3.44,7.46,14.7,33.32
London,England,51.5074,-0.1278,2026-07-14 06:00:00+00:00,2.0,6.99,16.54,5.12,70.14
Madrid,Spain,40.4168,-3.7038,2026-07-14 06:00:00+00:00,1.0,1.99,4.92,2.02,53.06
Paris,France,48.8566,2.3522,2026-07-14 06:00:00+00:00,1.0,4.14,5.6,5.37,38.69
Antananarivo,Madagascar,-18.8792,47.5079,2026-07-14 07:00:00+00:00,1.0,2.97,4.93,0.21,49.59
Buenos Aires,Argentina,-34.6037,-58.3816,2026-07-14 07:00:00+00:00,1.0,3.13,7.08,12.06,34.61
London,England,51.5074,-0.1278,2026-07-14 07:00:00+00:00,2.0,7.4,17.3,5.01,71.54
Madrid,Spain,40.4168,-3.7038,2026-07-14 07:00:00+00:00,1.0,2.11,5.31,1.94,52.46
Paris,France,48.8566,2.3522,2026-07-14 07:00:00+00:00,1.0,4.23,5.84,4.92,48.81
Antananarivo,Madagascar,-18.8792,47.5079,2026-07-14 08:00:00+00:00,1.0,3.07,4.92,0.12,51.54
Buenos Aires,Argentina,-34.6037,-58.3816,2026-07-14 08:00:00+00:00,1.0,2.86,6.8,9.79,36.1
London,England,51.5074,-0.1278,2026-07-14 08:00:00+00:00,2.0,7.89,18.05,4.95,74.02
Madrid,Spain,40.4168,-3.7038,2026-07-14 08:00:00+00:00,1.0,2.25,5.76,1.58,55.66
Paris,France,48.8566,2.3522,2026-07-14 08:00:00+00:00,1.0,4.4,6.17,4.36,53.04
Antananarivo,Madagascar,-18.8792,47.5079,2026-07-14 09:00:00+00:00,1.0,3.35,5.22,0.09,51.1
Buenos Aires,Argentina,-34.6037,-58.3816,2026-07-14 09:00:00+00:00,1.0,2.68,6.68,8.24,37.29
London,England,51.5074,-0.1278,2026-07-14 09:00:00+00:00,2.0,8.3,18.44,4.85,77.6
Madrid,Spain,40.4168,-3.7038,2026-07-14 09:00:00+00:00,2.0,2.44,6.39,1.14,64.96
Paris,France,48.8566,2.3522,2026-07-14 09:00:00+00:00,1.0,4.92,6.88,3.75,59.24
Antananarivo,Madagascar,-18.8792,47.5079,2026-07-14 10:00:00+00:00,1.0,3.77,5.55,0.08,54.16
Buenos Aires,Argentina,-34.6037,-58.3816,2026-07-14 10:00:00+00:00,1.0,2.63,6.78,7.71,37.83
London,England,51.5074,-0.1278,2026-07-14 10:00:00+00:00,2.0,8.62,18.49,4.76,83.56
Madrid,Spain,40.4168,-3.7038,2026-07-14 10:00:00+00:00,2.0,2.24,5.94,0.41,92.67
Paris,France,48.8566,2.3522,2026-07-14 10:00:00+00:00,2.0,5.03,7.03,1.9,91.21
Antananarivo,Madagascar,-18.8792,47.5079,2026-07-14 11:00:00+00:00,1.0,3.94,5.54,0.09,55.58
Buenos Aires,Argentina,-34.6037,-58.3816,2026-07-14 11:00:00+00:00,1.0,2.7,7.04,8.3,36.96
London,England,51.5074,-0.1278,2026-07-14 11:00:00+00:00,2.0,8.82,18.2,4.46,91.18
Madrid,Spain,40.4168,-3.7038,2026-07-14 11:00:00+00:00,2.0,2.08,5.22,0.27,98.8
Paris,France,48.8566,2.3522,2026-07-14 11:00:00+00:00,3.0,5.29,7.1,1.1,102.29
Antananarivo,Madagascar,-18.8792,47.5079,2026-07-14 12:00:00+00:00,1.0,3.95,5.45,0.1,55.27
Buenos Aires,Argentina,-34.6037,-58.3816,2026-07-14 12:00:00+00:00,1.0,2.87,7.22,9.72,35.36
London,England,51.5074,-0.1278,2026-07-14 12:00:00+00:00,2.0,9.09,18.02,3.95,99.64
Madrid,Spain,40.4168,-3.7038,2026-07-14 12:00:00+00:00,3.0,2.0,4.86,0.24,100.91
Paris,France,48.8566,2.3522,2026-07-14 12:00:00+00:00,3.0,5.78,7.51,0.86,107.67
Antananarivo,Madagascar,-18.8792,47.5079,2026-07-14 13:00:00+00:00,1.0,4.41,6.04,0.23,52.88
Buenos Aires,Argentina,-34.6037,-58.3816,2026-07-14 13:00:00+00:00,1.0,3.08,7.81,10.69,35.01
London,England,51.5074,-0.1278,2026-07-14 13:00:00+00:00,3.0,9.27,17.63,3.72,107.64
Madrid,Spain,40.4168,-3.7038,2026-07-14 13:00:00+00:00,3.0,1.88,4.62,0.21,108.61
Paris,France,48.8566,2.3522,2026-07-14 13:00:00+00:00,3.0,4.7,6.18,0.69,106.78
Antananarivo,Madagascar,-18.8792,47.5079,2026-07-14 14:00:00+00:00,1.0,5.36,7.33,0.53,48.66
Buenos Aires,Argentina,-34.6037,-58.3816,2026-07-14 14:00:00+00:00,1.0,3.3,8.44,9.7,36.16
London,England,51.5074,-0.1278,2026-07-14 14:00:00+00:00,3.0,9.0,16.71,3.82,112.17
Madrid,Spain,40.4168,-3.7038,2026-07-14 14:00:00+00:00,3.0,2.15,5.9,0.18,111.78
Paris,France,48.8566,2.3522,2026-07-14 14:00:00+00:00,3.0,3.57,4.82,0.62,104.29
Antananarivo,Madagascar,-18.8792,47.5079,2026-07-14 15:00:00+00:00,1.0,6.34,8.69,0.91,44.86
Buenos Aires,Argentina,-34.6037,-58.3816,2026-07-14 15:00:00+00:00,1.0,3.56,9.04,8.59,38.51
London,England,51.5074,-0.1278,2026-07-14 15:00:00+00:00,3.0,8.58,15.71,4.15,113.98
Madrid,Spain,40.4168,-3.7038,2026-07-14 15:00:00+00:00,3.0,2.75,8.13,0.18,109.98
Paris,France,48.8566,2.3522,2026-07-14 15:00:00+00:00,3.0,3.02,4.12,0.64,103.63
Antananarivo,Madagascar,-18.8792,47.5079,2026-07-14 16:00:00+00:00,1.0,7.8,10.82,1.36,39.93
Buenos Aires,Argentina,-34.6037,-58.3816,2026-07-14 16:00:00+00:00,1.0,3.88,9.71,7.11,44.39
London,England,51.5074,-0.1278,2026-07-14 16:00:00+00:00,3.0,8.21,14.97,4.85,114.53
Madrid,Spain,40.4168,-3.7038,2026-07-14 16:00:00+00:00,3.0,3.52,10.87,0.19,108.2
Paris,France,48.8566,2.3522,2026-07-14 16:00:00+00:00,3.0,2.74,3.73,0.68,104.07
Antananarivo,Madagascar,-18.8792,47.5079,2026-07-14 17:00:00+00:00,2.0,10.08,14.11,1.93,35.44
Buenos Aires,Argentina,-34.6037,-58.3816,2026-07-14 17:00:00+00:00,1.0,4.29,10.23,6.67,47.26
London,England,51.5074,-0.1278,2026-07-14 17:00:00+00:00,3.0,7.85,14.4,5.72,113.45
Madrid,Spain,40.4168,-3.7038,2026-07-14 17:00:00+00:00,3.0,3.93,12.09,0.2,106.92
Paris,France,48.8566,2.3522,2026-07-14 17:00:00+00:00,3.0,2.65,3.6,0.8,103.19
Antananarivo,Madagascar,-18.8792,47.5079,2026-07-14 18:00:00+00:00,2.0,12.3,17.19,2.37,32.25
Buenos Aires,Argentina,-34.6037,-58.3816,2026-07-14 18:00:00+00:00,1.0,4.69,10.65,6.96,48.54
London,England,51.5074,-0.1278,2026-07-14 18:00:00+00:00,3.0,7.61,14.19,6.75,111.51
Madrid,Spain,40.4168,-3.7038,2026-07-14 18:00:00+00:00,3.0,4.17,12.59,0.23,105.82
Paris,France,48.8566,2.3522,2026-07-14 18:00:00+00:00,3.0,2.64,3.58,0.89,102.3
Antananarivo,Madagascar,-18.8792,47.5079,2026-07-14 19:00:00+00:00,2.0,14.22,19.72,2.73,29.52
Buenos Aires,Argentina,-34.6037,-58.3816,2026-07-14 19:00:00+00:00,1.0,5.1,11.07,7.93,48.43
London,England,51.5074,-0.1278,2026-07-14 19:00:00+00:00,3.0,7.51,14.26,7.6,110.18
Madrid,Spain,40.4168,-3.7038,2026-07-14 19:00:00+00:00,3.0,4.27,12.38,0.32,104.54
Paris,France,48.8566,2.3522,2026-07-14 19:00:00+00:00,2.0,2.74,3.71,1.79,90.2
Antananarivo,Madagascar,-18.8792,47.5079,2026-07-14 20:00:00+00:00,2.0,15.65,20.97,2.96,26.88
Buenos Aires,Argentina,-34.6037,-58.3816,2026-07-14 20:00:00+00:00,1.0,5.46,11.32,9.99,45.06
London,England,51.5074,-0.1278,2026-07-14 20:00:00+00:00,3.0,7.21,13.86,7.61,109.3
Madrid,Spain,40.4168,-3.7038,2026-07-14 20:00:00+00:00,3.0,4.26,11.73,0.41,102.94
Paris,France,48.8566,2.3522,2026-07-14 20:00:00+00:00,2.0,2.97,4.01,3.06,73.96
Antananarivo,Madagascar,-18.8792,47.5079,2026-07-14 21:00:00+00:00,2.0,15.79,20.29,2.93,24.63
Buenos Aires,Argentina,-34.6037,-58.3816,2026-07-14 21:00:00+00:00,1.0,5.81,11.56,13.14,40.65
London,England,51.5074,-0.1278,2026-07-14 21:00:00+00:00,3.0,6.57,12.91,6.96,107.57
Madrid,Spain,40.4168,-3.7038,2026-07-14 21:00:00+00:00,3.0,4.19,11.07,0.46,101.43
Paris,France,48.8566,2.3522,2026-07-14 21:00:00+00:00,2.0,3.28,4.4,4.09,62.26
Antananarivo,Madagascar,-18.8792,47.5079,2026-07-14 22:00:00+00:00,2.0,15.31,18.85,2.76,22.81
Buenos Aires,Argentina,-34.6037,-58.3816,2026-07-14 22:00:00+00:00,1.0,6.19,11.82,15.95,36.47
London,England,51.5074,-0.1278,2026-07-14 22:00:00+00:00,3.0,5.82,12.01,6.01,104.54
Madrid,Spain,40.4168,-3.7038,2026-07-14 22:00:00+00:00,2.0,4.01,10.12,0.5,97.37
Paris,France,48.8566,2.3522,2026-07-14 22:00:00+00:00,1.0,3.59,4.77,4.6,53.63
Antananarivo,Madagascar,-18.8792,47.5079,2026-07-14 23:00:00+00:00,2.0,15.09,18.15,2.64,21.74
Buenos Aires,Argentina,-34.6037,-58.3816,2026-07-14 23:00:00+00:00,1.0,6.7,12.3,19.18,32.71
London,England,51.5074,-0.1278,2026-07-14 23:00:00+00:00,2.0,5.42,11.98,5.95,97.48
Madrid,Spain,40.4168,-3.7038,2026-07-14 23:00:00+00:00,2.0,3.83,9.29,0.54,93.79
Paris,France,48.8566,2.3522,2026-07-14 23:00:00+00:00,1.0,3.99,5.24,4.43,48.8
Antananarivo,Madagascar,-18.8792,47.5079,2026-07-15 00:00:00+00:00,2.0,14.94,17.8,2.55,21.28
Buenos Aires,Argentina,-34.6037,-58.3816,2026-07-15 00:00:00+00:00,1.0,7.28,12.85,22.47,29.32
London,England,51.5074,-0.1278,2026-07-15 00:00:00+00:00,2.0,5.06,11.83,5.95,90.09
Madrid,Spain,40.4168,-3.7038,2026-07-15 00:00:00+00:00,2.0,3.59,8.46,0.58,90.32
Paris,France,48.8566,2.3522,2026-07-15 00:00:00+00:00,1.0,4.53,5.85,4.03,46.32
Antananarivo,Madagascar,-18.8792,47.5079,2026-07-15 01:00:00+00:00,2.0,14.52,17.29,2.42,21.6
Buenos Aires,Argentina,-34.6037,-58.3816,2026-07-15 01:00:00+00:00,1.0,7.73,13.17,24.5,26.57
London,England,51.5074,-0.1278,2026-07-15 01:00:00+00:00,2.0,4.65,11.42,5.84,83.19
Madrid,Spain,40.4168,-3.7038,2026-07-15 01:00:00+00:00,2.0,3.32,7.57,0.64,83.86
Paris,France,48.8566,2.3522,2026-07-15 01:00:00+00:00,1.0,5.36,6.79,3.48,48.42
Antananarivo,Madagascar,-18.8792,47.5079,2026-07-15 02:00:00+00:00,2.0,14.1,16.84,2.3,21.72
Buenos Aires,Argentina,-34.6037,-58.3816,2026-07-15 02:00:00+00:00,1.0,8.04,13.3,25.53,24.92
London,England,51.5074,-0.1278,2026-07-15 02:00:00+00:00,2.0,4.37,11.28,5.95,77.33
Madrid,Spain,40.4168,-3.7038,2026-07-15 02:00:00+00:00,2.0,3.17,7.07,0.75,77.04
Paris,France,48.8566,2.3522,2026-07-15 02:00:00+00:00,1.0,6.16,7.64,3.19,49.74
Antananarivo,Madagascar,-18.8792,47.5079,2026-07-15 03:00:00+00:00,2.0,14.0,16.85,2.27,21.61
Buenos Aires,Argentina,-34.6037,-58.3816,2026-07-15 03:00:00+00:00,1.0,8.04,13.05,24.96,24.58
London,England,51.5074,-0.1278,2026-07-15 03:00:00+00:00,2.0,4.22,11.31,5.98,72.56
Madrid,Spain,40.4168,-3.7038,2026-07-15 03:00:00+00:00,2.0,3.08,6.81,0.87,71.09
Paris,France,48.8566,2.3522,2026-07-15 03:00:00+00:00,1.0,6.82,8.33,3.01,53.47
Antananarivo,Madagascar,-18.8792,47.5079,2026-07-15 04:00:00+00:00,2.0,14.64,18.23,2.49,21.33
Buenos Aires,Argentina,-34.6037,-58.3816,2026-07-15 04:00:00+00:00,1.0,7.75,12.46,22.67,25.65
London,England,51.5074,-0.1278,2026-07-15 04:00:00+00:00,2.0,4.23,11.38,6.0,68.39
Madrid,Spain,40.4168,-3.7038,2026-07-15 04:00:00+00:00,2.0,3.01,6.63,1.01,64.71
Paris,France,48.8566,2.3522,2026-07-15 04:00:00+00:00,2.0,7.62,9.17,2.67,67.19
Antananarivo,Madagascar,-18.8792,47.5079,2026-07-15 05:00:00+00:00,2.0,15.5,19.98,2.26,22.55
Buenos Aires,Argentina,-34.6037,-58.3816,2026-07-15 05:00:00+00:00,1.0,7.34,11.74,19.34,27.57
London,England,51.5074,-0.1278,2026-07-15 05:00:00+00:00,2.0,4.48,11.67,6.07,65.78
Madrid,Spain,40.4168,-3.7038,2026-07-15 05:00:00+00:00,1.0,3.01,6.58,1.33,58.42
Paris,France,48.8566,2.3522,2026-07-15 05:00:00+00:00,2.0,7.67,9.19,3.02,69.61
Antananarivo,Madagascar,-18.8792,47.5079,2026-07-15 06:00:00+00:00,2.0,17.17,22.13,1.57,30.41
Buenos Aires,Argentina,-34.6037,-58.3816,2026-07-15 06:00:00+00:00,1.0,6.97,11.14,15.62,30.18
London,England,51.5074,-0.1278,2026-07-15 06:00:00+00:00,2.0,5.0,12.21,6.15,64.81
Madrid,Spain,40.4168,-3.7038,2026-07-15 06:00:00+00:00,1.0,3.05,6.58,1.88,52.18
Paris,France,48.8566,2.3522,2026-07-15 06:00:00+00:00,2.0,7.27,8.75,3.85,69.45
Antananarivo,Madagascar,-18.8792,47.5079,2026-07-15 07:00:00+00:00,1.0,7.3,10.07,0.32,47.63
Buenos Aires,Argentina,-34.6037,-58.3816,2026-07-15 07:00:00+00:00,1.0,6.81,10.81,12.2,32.86
London,England,51.5074,-0.1278,2026-07-15 07:00:00+00:00,2.0,5.75,13.07,5.59,66.3
Madrid,Spain,40.4168,-3.7038,2026-07-15 07:00:00+00:00,1.0,3.06,6.54,2.03,47.37
Paris,France,48.8566,2.3522,2026-07-15 07:00:00+00:00,2.0,6.71,8.15,4.1,70.07
Antananarivo,Madagascar,-18.8792,47.5079,2026-07-15 08:00:00+00:00,1.0,6.99,9.54,0.18,49.92
Buenos Aires,Argentina,-34.6037,-58.3816,2026-07-15 08:00:00+00:00,1.0,6.87,10.79,9.69,34.56
London,England,51.5074,-0.1278,2026-07-15 08:00:00+00:00,2.0,6.7,14.3,5.11,70.01
Madrid,Spain,40.4168,-3.7038,2026-07-15 08:00:00+00:00,1.0,3.07,6.55,1.75,47.8
Paris,France,48.8566,2.3522,2026-07-15 08:00:00+00:00,2.0,6.32,7.72,3.83,72.57
Antananarivo,Madagascar,-18.8792,47.5079,2026-07-15 09:00:00+00:00,1.0,7.11,9.62,0.13,50.5
Buenos Aires,Argentina,-34.6037,-58.3816,2026-07-15 09:00:00+00:00,1.0,7.12,11.04,8.17,35.41
London,England,51.5074,-0.1278,2026-07-15 09:00:00+00:00,2.0,7.73,15.85,4.55,76.22
Madrid,Spain,40.4168,-3.7038,2026-07-15 09:00:00+00:00,1.0,3.08,6.68,1.34,55.28
Paris,France,48.8566,2.3522,2026-07-15 09:00:00+00:00,2.0,6.38,7.75,3.18,80.04
Antananarivo,Madagascar,-18.8792,47.5079,2026-07-15 10:00:00+00:00,1.0,6.56,8.9,0.09,52.89
Buenos Aires,Argentina,-34.6037,-58.3816,2026-07-15 10:00:00+00:00,1.0,7.49,11.51,7.68,35.43
London,England,51.5074,-0.1278,2026-07-15 10:00:00+00:00,2.0,8.71,17.41,3.92,85.12
Madrid,Spain,40.4168,-3.7038,2026-07-15 10:00:00+00:00,2.0,2.99,7.3,0.52,85.98
Paris,France,48.8566,2.3522,2026-07-15 10:00:00+00:00,3.0,5.16,6.2,1.39,105.14
Antananarivo,Madagascar,-18.8792,47.5079,2026-07-15 11:00:00+00:00,1.0,6.38,8.66,0.1,52.97
Buenos Aires,Argentina,-34.6037,-58.3816,2026-07-15 11:00:00+00:00,1.0,7.99,12.19,8.22,34.98
London,England,51.5074,-0.1278,2026-07-15 11:00:00+00:00,2.0,9.08,17.78,3.19,95.99
Madrid,Spain,40.4168,-3.7038,2026-07-15 11:00:00+00:00,2.0,2.86,6.78,0.36,92.4
Paris,France,48.8566,2.3522,2026-07-15 11:00:00+00:00,3.0,4.59,5.48,0.91,109.0
Antananarivo,Madagascar,-18.8792,47.5079,2026-07-15 12:00:00+00:00,1.0,6.21,8.55,0.11,52.34
Buenos Aires,Argentina,-34.6037,-58.3816,2026-07-15 12:00:00+00:00,1.0,8.65,13.09,9.63,34.29
London,England,51.5074,-0.1278,2026-07-15 12:00:00+00:00,3.0,9.02,17.52,2.63,105.36
Madrid,Spain,40.4168,-3.7038,2026-07-15 12:00:00+00:00,2.0,2.71,6.24,0.32,93.67
Paris,France,48.8566,2.3522,2026-07-15 12:00:00+00:00,3.0,4.5,5.33,0.82,110.76
Antananarivo,Madagascar,-18.8792,47.5079,2026-07-15 13:00:00+00:00,1.0,6.36,8.95,0.23,50.43
Buenos Aires,Argentina,-34.6037,-58.3816,2026-07-15 13:00:00+00:00,1.0,9.36,14.12,11.96,33.78
London,England,51.5074,-0.1278,2026-07-15 13:00:00+00:00,3.0,8.8,17.25,2.54,111.24
Madrid,Spain,40.4168,-3.7038,2026-07-15 13:00:00+00:00,2.0,2.14,5.47,0.22,88.53
Paris,France,48.8566,2.3522,2026-07-15 13:00:00+00:00,3.0,4.94,5.7,1.2,110.05
Antananarivo,Madagascar,-18.8792,47.5079,2026-07-15 14:00:00+00:00,1.0,6.84,9.85,0.51,47.49
Buenos Aires,Argentina,-34.6037,-58.3816,2026-07-15 14:00:00+00:00,2.0,10.0,15.05,13.23,33.43
London,England,51.5074,-0.1278,2026-07-15 14:00:00+00:00,3.0,8.16,16.32,2.69,113.03
Madrid,Spain,40.4168,-3.7038,2026-07-15 14:00:00+00:00,2.0,2.24,7.3,0.18,81.65
Paris,France,48.8566,2.3522,2026-07-15 14:00:00+00:00,3.0,5.44,6.11,1.99,104.35
Antananarivo,Madagascar,-18.8792,47.5079,2026-07-15 15:00:00+00:00,1.0,7.29,10.74,0.88,44.73
Buenos Aires,Argentina,-34.6037,-58.3816,2026-07-15 15:00:00+00:00,2.0,10.67,16.01,13.15,34.81
London,England,51.5074,-0.1278,2026-07-15 15:00:00+00:00,3.0,7.4,15.09,2.89,113.26
Madrid,Spain,40.4168,-3.7038,2026-07-15 15:00:00+00:00,2.0,2.75,10.11,0.18,79.35
Paris,France,48.8566,2.3522,2026-07-15 15:00:00+00:00,2.0,5.74,6.32,3.16,98.73
Antananarivo,Madagascar,-18.8792,47.5079,2026-07-15 16:00:00+00:00,1.0,8.29,12.36,1.3,40.74
Buenos Aires,Argentina,-34.6037,-58.3816,2026-07-15 16:00:00+00:00,2.0,11.61,17.26,11.54,39.6
London,England,51.5074,-0.1278,2026-07-15 16:00:00+00:00,3.0,6.89,14.27,3.28,113.21
Madrid,Spain,40.4168,-3.7038,2026-07-15 16:00:00+00:00,2.0,3.16,12.15,0.2,78.95
Paris,France,48.8566,2.3522,2026-07-15 16:00:00+00:00,2.0,5.86,6.38,4.83,88.8
Antananarivo,Madagascar,-18.8792,47.5079,2026-07-15 17:00:00+00:00,2.0,10.16,15.16,1.81,37.32
Buenos Aires,Argentina,-34.6037,-58.3816,2026-07-15 17:00:00+00:00,2.0,12.24,18.05,10.65,41.86
London,England,51.5074,-0.1278,2026-07-15 17:00:00+00:00,3.0,6.41,13.47,3.84,111.85
Madrid,Spain,40.4168,-3.7038,2026-07-15 17:00:00+00:00,2.0,2.84,10.45,0.23,78.52
Paris,France,48.8566,2.3522,2026-07-15 17:00:00+00:00,2.0,6.04,6.55,6.07,80.95
Antananarivo,Madagascar,-18.8792,47.5079,2026-07-15 18:00:00+00:00,2.0,11.84,17.61,2.16,35.15
Buenos Aires,Argentina,-34.6037,-58.3816,2026-07-15 18:00:00+00:00,2.0,12.71,18.66,10.73,42.21
London,England,51.5074,-0.1278,2026-07-15 18:00:00+00:00,3.0,5.87,12.49,4.46,109.1
Madrid,Spain,40.4168,-3.7038,2026-07-15 18:00:00+00:00,2.0,2.63,9.37,0.27,78.07
Paris,France,48.8566,2.3522,2026-07-15 18:00:00+00:00,2.0,6.18,6.68,6.58,78.6
Antananarivo,Madagascar,-18.8792,47.5079,2026-07-15 19:00:00+00:00,2.0,13.06,19.29,2.41,33.53
Buenos Aires,Argentina,-34.6037,-58.3816,2026-07-15 19:00:00+00:00,2.0,13.29,19.28,11.56,41.36
London,England,51.5074,-0.1278,2026-07-15 19:00:00+00:00,3.0,5.21,11.17,4.92,104.93
Madrid,Spain,40.4168,-3.7038,2026-07-15 19:00:00+00:00,2.0,2.51,8.59,0.43,75.74
Paris,France,48.8566,2.3522,2026-07-15 19:00:00+00:00,2.0,6.3,6.84,6.81,78.95
Antananarivo,Madagascar,-18.8792,47.5079,2026-07-15 20:00:00+00:00,2.0,13.57,19.74,2.5,32.16
Buenos Aires,Argentina,-34.6037,-58.3816,2026-07-15 20:00:00+00:00,2.0,13.72,19.64,12.75,38.71
London,England,51.5074,-0.1278,2026-07-15 20:00:00+00:00,3.0,4.55,9.72,5.14,100.33
Madrid,Spain,40.4168,-3.7038,2026-07-15 20:00:00+00:00,2.0,2.39,7.69,0.65,71.96
Paris,France,48.8566,2.3522,2026-07-15 20:00:00+00:00,2.0,6.47,7.07,6.78,74.94
Antananarivo,Madagascar,-18.8792,47.5079,2026-07-15 21:00:00+00:00,2.0,12.75,18.24,2.32,31.27
Buenos Aires,Argentina,-34.6037,-58.3816,2026-07-15 21:00:00+00:00,2.0,14.1,19.96,14.19,35.61
London,England,51.5074,-0.1278,2026-07-15 21:00:00+00:00,2.0,4.28,9.2,5.15,97.27
Madrid,Spain,40.4168,-3.7038,2026-07-15 21:00:00+00:00,2.0,2.3,7.07,0.81,68.76
Paris,France,48.8566,2.3522,2026-07-15 21:00:00+00:00,2.0,6.56,7.21,6.36,67.58
Antananarivo,Madagascar,-18.8792,47.5079,2026-07-15 22:00:00+00:00,2.0,11.68,16.55,2.06,30.58
Buenos Aires,Argentina,-34.6037,-58.3816,2026-07-15 22:00:00+00:00,2.0,14.39,20.16,15.76,32.03
London,England,51.5074,-0.1278,2026-07-15 22:00:00+00:00,2.0,4.64,10.18,5.21,96.91
Madrid,Spain,40.4168,-3.7038,2026-07-15 22:00:00+00:00,2.0,2.22,6.6,0.92,65.04
Paris,France,48.8566,2.3522,2026-07-15 22:00:00+00:00,1.0,6.51,7.2,5.73,58.74
Antananarivo,Madagascar,-18.8792,47.5079,2026-07-15 23:00:00+00:00,2.0,11.38,16.04,1.95,29.62
Buenos Aires,Argentina,-34.6037,-58.3816,2026-07-15 23:00:00+00:00,2.0,14.69,20.31,17.83,28.59
London,England,51.5074,-0.1278,2026-07-15 23:00:00+00:00,2.0,5.38,12.01,5.55,96.3
Madrid,Spain,40.4168,-3.7038,2026-07-15 23:00:00+00:00,2.0,2.19,6.31,0.98,62.5
Paris,France,48.8566,2.3522,2026-07-15 23:00:00+00:00,1.0,6.5,7.25,5.07,52.43
Antananarivo,Madagascar,-18.8792,47.5079,2026-07-16 00:00:00+00:00,2.0,11.23,15.84,1.88,28.9
Buenos Aires,Argentina,-34.6037,-58.3816,2026-07-16 00:00:00+00:00,2.0,14.89,20.16,19.89,25.77
London,England,51.5074,-0.1278,2026-07-16 00:00:00+00:00,2.0,6.0,13.44,5.82,94.52
Madrid,Spain,40.4168,-3.7038,2026-07-16 00:00:00+00:00,2.0,2.15,5.98,0.97,60.21
Paris,France,48.8566,2.3522,2026-07-16 00:00:00+00:00,1.0,6.53,7.35,4.49,47.68
Antananarivo,Madagascar,-18.8792,47.5079,2026-07-16 01:00:00+00:00,2.0,10.99,15.58,1.82,28.64
Buenos Aires,Argentina,-34.6037,-58.3816,2026-07-16 01:00:00+00:00,2.0,14.63,18.69,21.51,23.65
London,England,51.5074,-0.1278,2026-07-16 01:00:00+00:00,2.0,6.41,14.36,6.13,91.05
Madrid,Spain,40.4168,-3.7038,2026-07-16 01:00:00+00:00,1.0,2.07,5.44,0.97,56.01
Paris,France,48.8566,2.3522,2026-07-16 01:00:00+00:00,1.0,6.55,7.45,4.05,43.01
Antananarivo,Madagascar,-18.8792,47.5079,2026-07-16 02:00:00+00:00,2.0,10.69,15.26,1.75,29.04
Buenos Aires,Argentina,-34.6037,-58.3816,2026-07-16 02:00:00+00:00,2.0,14.26,16.94,22.65,22.22
London,England,51.5074,-0.1278,2026-07-16 02:00:00+00:00,2.0,6.79,15.33,6.56,87.6
Madrid,Spain,40.4168,-3.7038,2026-07-16 02:00:00+00:00,1.0,2.02,5.07,1.02,51.35
Paris,France,48.8566,2.3522,2026-07-16 02:00:00+00:00,1.0,6.63,7.59,3.74,37.81
Antananarivo,Madagascar,-18.8792,47.5079,2026-07-16 03:00:00+00:00,2.0,10.6,15.23,1.76,29.72
Buenos Aires,Argentina,-34.6037,-58.3816,2026-07-16 03:00:00+00:00,2.0,13.83,15.67,22.74,21.66
London,England,51.5074,-0.1278,2026-07-16 03:00:00+00:00,2.0,7.1,16.27,6.89,83.84
Madrid,Spain,40.4168,-3.7038,2026-07-16 03:00:00+00:00,1.0,1.97,4.85,1.11,47.57
Paris,France,48.8566,2.3522,2026-07-16 03:00:00+00:00,1.0,6.71,7.73,3.59,32.69
Antananarivo,Madagascar,-18.8792,47.5079,2026-07-16 04:00:00+00:00,2.0,11.32,16.53,2.02,29.76
Buenos Aires,Argentina,-34.6037,-58.3816,2026-07-16 04:00:00+00:00,2.0,13.43,14.95,21.73,21.99
London,England,51.5074,-0.1278,2026-07-16 04:00:00+00:00,2.0,7.24,16.87,7.13,79.35
Madrid,Spain,40.4168,-3.7038,2026-07-16 04:00:00+00:00,1.0,1.88,4.55,1.21,44.26
Paris,France,48.8566,2.3522,2026-07-16 04:00:00+00:00,1.0,6.68,7.74,3.68,27.98
Antananarivo,Madagascar,-18.8792,47.5079,2026-07-16 05:00:00+00:00,2.0,12.27,18.15,1.88,30.94
Buenos Aires,Argentina,-34.6037,-58.3816,2026-07-16 05:00:00+00:00,2.0,13.09,14.58,19.93,23.04
London,England,51.5074,-0.1278,2026-07-16 05:00:00+00:00,2.0,7.27,17.16,7.45,75.08
Madrid,Spain,40.4168,-3.7038,2026-07-16 05:00:00+00:00,1.0,1.79,4.28,1.47,42.03
Paris,France,48.8566,2.3522,2026-07-16 05:00:00+00:00,1.0,6.74,7.88,4.67,24.41
Antananarivo,Madagascar,-18.8792,47.5079,2026-07-16 06:00:00+00:00,2.0,13.23,19.29,1.27,38.73
Buenos Aires,Argentina,-34.6037,-58.3816,2026-07-16 06:00:00+00:00,2.0,12.77,14.33,17.73,24.4
London,England,51.5074,-0.1278,2026-07-16 06:00:00+00:00,2.0,7.14,17.05,7.74,71.66
Madrid,Spain,40.4168,-3.7038,2026-07-16 06:00:00+00:00,1.0,1.71,4.1,1.89,40.57
Paris,France,48.8566,2.3522,2026-07-16 06:00:00+00:00,1.0,6.87,8.11,6.45,22.31
Antananarivo,Madagascar,-18.8792,47.5079,2026-07-16 07:00:00+00:00,2.0,5.08,8.0,0.22,61.9
Buenos Aires,Argentina,-34.6037,-58.3816,2026-07-16 07:00:00+00:00,2.0,12.59,14.39,15.38,25.83
London,England,51.5074,-0.1278,2026-07-16 07:00:00+00:00,2.0,6.96,16.63,7.49,70.06
Madrid,Spain,40.4168,-3.7038,2026-07-16 07:00:00+00:00,1.0,1.62,3.99,1.79,40.64
Paris,France,48.8566,2.3522,2026-07-16 07:00:00+00:00,1.0,6.93,8.28,7.05,24.39
Antananarivo,Madagascar,-18.8792,47.5079,2026-07-16 08:00:00+00:00,2.0,4.59,7.05,0.12,62.99
Buenos Aires,Argentina,-34.6037,-58.3816,2026-07-16 08:00:00+00:00,2.0,12.37,14.52,13.33,26.69
London,England,51.5074,-0.1278,2026-07-16 08:00:00+00:00,2.0,6.84,16.36,7.28,70.29
Madrid,Spain,40.4168,-3.7038,2026-07-16 08:00:00+00:00,1.0,1.55,3.94,1.4,43.94
Paris,France,48.8566,2.3522,2026-07-16 08:00:00+00:00,1.0,6.89,8.32,6.34,28.06
Antananarivo,Madagascar,-18.8792,47.5079,2026-07-16 09:00:00+00:00,2.0,4.54,6.8,0.09,63.06
Buenos Aires,Argentina,-34.6037,-58.3816,2026-07-16 09:00:00+00:00,2.0,12.31,14.88,11.91,27.18
London,England,51.5074,-0.1278,2026-07-16 09:00:00+00:00,2.0,6.92,16.48,6.82,73.79
Madrid,Spain,40.4168,-3.7038,2026-07-16 09:00:00+00:00,1.0,1.52,4.02,1.0,52.98
Paris,France,48.8566,2.3522,2026-07-16 09:00:00+00:00,1.0,7.03,8.54,5.55,36.23
Antananarivo,Madagascar,-18.8792,47.5079,2026-07-16 10:00:00+00:00,2.0,4.31,6.22,0.09,64.82
Buenos Aires,Argentina,-34.6037,-58.3816,2026-07-16 10:00:00+00:00,2.0,12.42,15.44,11.4,27.16
London,England,51.5074,-0.1278,2026-07-16 10:00:00+00:00,2.0,7.29,17.08,5.99,81.8
Madrid,Spain,40.4168,-3.7038,2026-07-16 10:00:00+00:00,2.0,1.25,3.23,0.29,74.57
Paris,France,48.8566,2.3522,2026-07-16 10:00:00+00:00,2.0,5.8,7.02,2.89,91.19
Antananarivo,Madagascar,-18.8792,47.5079,2026-07-16 11:00:00+00:00,2.0,4.07,5.7,0.1,65.98
Buenos Aires,Argentina,-34.6037,-58.3816,2026-07-16 11:00:00+00:00,2.0,12.7,16.14,12.03,25.86
London,England,51.5074,-0.1278,2026-07-16 11:00:00+00:00,2.0,7.8,17.46,4.95,94.6
Madrid,Spain,40.4168,-3.7038,2026-07-16 11:00:00+00:00,2.0,1.13,2.59,0.19,73.92
Paris,France,48.8566,2.3522,2026-07-16 11:00:00+00:00,2.0,5.69,6.7,2.01,96.99
Antananarivo,Madagascar,-18.8792,47.5079,2026-07-16 12:00:00+00:00,2.0,4.06,5.59,0.12,66.79
Buenos Aires,Argentina,-34.6037,-58.3816,2026-07-16 12:00:00+00:00,2.0,13.14,17.07,13.4,23.99
London,England,51.5074,-0.1278,2026-07-16 12:00:00+00:00,3.0,8.32,17.45,3.98,108.29
Madrid,Spain,40.4168,-3.7038,2026-07-16 12:00:00+00:00,2.0,1.17,2.49,0.18,73.29
Paris,France,48.8566,2.3522,2026-07-16 12:00:00+00:00,2.0,5.65,6.54,2.03,95.33
Antananarivo,Madagascar,-18.8792,47.5079,2026-07-16 13:00:00+00:00,2.0,4.42,6.12,0.26,65.7
Buenos Aires,Argentina,-34.6037,-58.3816,2026-07-16 13:00:00+00:00,2.0,13.55,18.08,12.68,25.42
London,England,51.5074,-0.1278,2026-07-16 13:00:00+00:00,3.0,8.76,17.8,3.49,117.77
Madrid,Spain,40.4168,-3.7038,2026-07-16 13:00:00+00:00,2.0,1.24,2.55,0.17,74.87
Paris,France,48.8566,2.3522,2026-07-16 13:00:00+00:00,2.0,5.57,6.3,2.17,93.29
Antananarivo,Madagascar,-18.8792,47.5079,2026-07-16 14:00:00+00:00,2.0,5.02,7.08,0.57,62.63
Buenos Aires,Argentina,-34.6037,-58.3816,2026-07-16 14:00:00+00:00,2.0,13.93,19.07,11.93,28.56
London,England,51.5074,-0.1278,2026-07-16 14:00:00+00:00,3.0,8.94,18.33,3.2,122.2
Madrid,Spain,40.4168,-3.7038,2026-07-16 14:00:00+00:00,2.0,1.32,2.69,0.18,77.26
Paris,France,48.8566,2.3522,2026-07-16 14:00:00+00:00,2.0,5.69,6.3,2.01,92.19
Antananarivo,Madagascar,-18.8792,47.5079,2026-07-16 15:00:00+00:00,1.0,5.59,8.05,0.98,59.43
Buenos Aires,Argentina,-34.6037,-58.3816,2026-07-16 15:00:00+00:00,2.0,14.45,20.23,12.21,33.59
London,England,51.5074,-0.1278,2026-07-16 15:00:00+00:00,3.0,8.43,17.57,3.03,121.73
Madrid,Spain,40.4168,-3.7038,2026-07-16 15:00:00+00:00,2.0,1.41,2.83,0.19,79.13
Paris,France,48.8566,2.3522,2026-07-16 15:00:00+00:00,2.0,5.92,6.42,1.71,94.52
Antananarivo,Madagascar,-18.8792,47.5079,2026-07-16 16:00:00+00:00,1.0,6.68,9.81,1.39,55.04
Buenos Aires,Argentina,-34.6037,-58.3816,2026-07-16 16:00:00+00:00,2.0,15.44,21.9,11.08,46.73
London,England,51.5074,-0.1278,2026-07-16 16:00:00+00:00,3.0,7.47,15.77,3.18,118.58
Madrid,Spain,40.4168,-3.7038,2026-07-16 16:00:00+00:00,2.0,1.48,2.93,0.21,81.17
Paris,France,48.8566,2.3522,2026-07-16 16:00:00+00:00,2.0,5.85,6.27,1.5,95.62
Antananarivo,Madagascar,-18.8792,47.5079,2026-07-16 17:00:00+00:00,1.0,8.68,12.82,1.93,51.24
Buenos Aires,Argentina,-34.6037,-58.3816,2026-07-16 17:00:00+00:00,2.0,16.25,22.74,9.56,55.98
London,England,51.5074,-0.1278,2026-07-16 17:00:00+00:00,3.0,6.52,13.9,3.75,112.66
Madrid,Spain,40.4168,-3.7038,2026-07-16 17:00:00+00:00,2.0,1.48,2.9,0.22,81.68
Paris,France,48.8566,2.3522,2026-07-16 17:00:00+00:00,2.0,5.8,6.24,1.87,91.43
Antananarivo,Madagascar,-18.8792,47.5079,2026-07-16 18:00:00+00:00,2.0,10.67,15.68,2.34,48.67
Buenos Aires,Argentina,-34.6037,-58.3816,2026-07-16 18:00:00+00:00,2.0,17.11,23.56,9.32,62.07
London,England,51.5074,-0.1278,2026-07-16 18:00:00+00:00,3.0,5.77,12.4,4.44,105.81
Madrid,Spain,40.4168,-3.7038,2026-07-16 18:00:00+00:00,2.0,1.37,2.72,0.25,81.9
Paris,France,48.8566,2.3522,2026-07-16 18:00:00+00:00,2.0,5.55,5.99,2.19,86.73
Antananarivo,Madagascar,-18.8792,47.5079,2026-07-16 19:00:00+00:00,2.0,12.53,18.24,2.67,46.6
Buenos Aires,Argentina,-34.6037,-58.3816,2026-07-16 19:00:00+00:00,2.0,18.24,24.56,9.78,66.37
London,England,51.5074,-0.1278,2026-07-16 19:00:00+00:00,2.0,5.04,10.84,4.87,99.41
Madrid,Spain,40.4168,-3.7038,2026-07-16 19:00:00+00:00,2.0,1.21,2.45,0.32,80.9
Paris,France,48.8566,2.3522,2026-07-16 19:00:00+00:00,2.0,5.36,5.81,2.69,79.64
Antananarivo,Madagascar,-18.8792,47.5079,2026-07-16 20:00:00+00:00,2.0,14.11,20.16,2.89,44.59
Buenos Aires,Argentina,-34.6037,-58.3816,2026-07-16 20:00:00+00:00,2.0,18.75,24.62,11.2,64.74
London,England,51.5074,-0.1278,2026-07-16 20:00:00+00:00,2.0,4.32,9.13,5.21,94.0
Madrid,Spain,40.4168,-3.7038,2026-07-16 20:00:00+00:00,2.0,1.04,2.2,0.41,78.64
Paris,France,48.8566,2.3522,2026-07-16 20:00:00+00:00,2.0,5.3,5.77,3.2,68.89
Antananarivo,Madagascar,-18.8792,47.5079,2026-07-16 21:00:00+00:00,2.0,14.48,20.27,2.85,42.39
Buenos Aires,Argentina,-34.6037,-58.3816,2026-07-16 21:00:00+00:00,2.0,18.73,24.02,13.25,60.03
London,England,51.5074,-0.1278,2026-07-16 21:00:00+00:00,2.0,3.9,7.99,5.67,89.84
Madrid,Spain,40.4168,-3.7038,2026-07-16 21:00:00+00:00,2.0,0.88,2.0,0.47,76.18
Paris,France,48.8566,2.3522,2026-07-16 21:00:00+00:00,1.0,5.26,5.75,3.53,59.91
Antananarivo,Madagascar,-18.8792,47.5079,2026-07-16 22:00:00+00:00,2.0,14.03,19.19,2.64,39.53
Buenos Aires,Argentina,-34.6037,-58.3816,2026-07-16 22:00:00+00:00,2.0,18.18,22.8,13.97,53.52
London,England,51.5074,-0.1278,2026-07-16 22:00:00+00:00,2.0,3.85,7.59,6.23,86.94
Madrid,Spain,40.4168,-3.7038,2026-07-16 22:00:00+00:00,2.0,0.8,1.94,0.55,72.46
Paris,France,48.8566,2.3522,2026-07-16 22:00:00+00:00,1.0,5.2,5.68,3.62,52.2
Antananarivo,Madagascar,-18.8792,47.5079,2026-07-16 23:00:00+00:00,2.0,13.68,18.42,2.45,37.83
Buenos Aires,Argentina,-34.6037,-58.3816,2026-07-16 23:00:00+00:00,2.0,17.47,21.49,14.52,47.85
London,England,51.5074,-0.1278,2026-07-16 23:00:00+00:00,2.0,4.07,7.84,7.11,84.24
Madrid,Spain,40.4168,-3.7038,2026-07-16 23:00:00+00:00,2.0,0.82,2.03,0.61,70.04
Paris,France,48.8566,2.3522,2026-07-16 23:00:00+00:00,1.0,5.18,5.66,3.37,46.69
Antananarivo,Madagascar,-18.8792,47.5079,2026-07-17 00:00:00+00:00,2.0,13.46,17.97,2.29,36.81
Buenos Aires,Argentina,-34.6037,-58.3816,2026-07-17 00:00:00+00:00,2.0,16.68,20.16,14.68,43.83
London,England,51.5074,-0.1278,2026-07-17 00:00:00+00:00,2.0,4.36,8.27,8.14,81.44
Madrid,Spain,40.4168,-3.7038,2026-07-17 00:00:00+00:00,2.0,0.91,2.21,0.64,68.67
Paris,France,48.8566,2.3522,2026-07-17 00:00:00+00:00,1.0,5.15,5.63,2.97,42.71
Antananarivo,Madagascar,-18.8792,47.5079,2026-07-17 01:00:00+00:00,2.0,13.08,17.35,2.14,35.76
Buenos Aires,Argentina,-34.6037,-58.3816,2026-07-17 01:00:00+00:00,2.0,15.74,18.72,14.01,41.95
London,England,51.5074,-0.1278,2026-07-17 01:00:00+00:00,2.0,4.62,8.68,9.32,77.97
Madrid,Spain,40.4168,-3.7038,2026-07-17 01:00:00+00:00,2.0,1.02,2.36,0.67,65.78
Paris,France,48.8566,2.3522,2026-07-17 01:00:00+00:00,1.0,5.01,5.48,2.56,39.33
Antananarivo,Madagascar,-18.8792,47.5079,2026-07-17 02:00:00+00:00,2.0,12.74,16.87,2.04,34.79
Buenos Aires,Argentina,-34.6037,-58.3816,2026-07-17 02:00:00+00:00,2.0,15.29,18.03,13.48,41.13
London,England,51.5074,-0.1278,2026-07-17 02:00:00+00:00,2.0,4.89,9.17,10.6,75.21
Madrid,Spain,40.4168,-3.7038,2026-07-17 02:00:00+00:00,2.0,1.13,2.52,0.74,62.18
Paris,France,48.8566,2.3522,2026-07-17 02:00:00+00:00,1.0,4.94,5.44,2.38,33.97
Antananarivo,Madagascar,-18.8792,47.5079,2026-07-17 03:00:00+00:00,2.0,12.71,16.76,2.01,34.32
Buenos Aires,Argentina,-34.6037,-58.3816,2026-07-17 03:00:00+00:00,2.0,15.38,18.1,12.58,41.03
London,England,51.5074,-0.1278,2026-07-17 03:00:00+00:00,2.0,5.19,9.71,11.74,72.6
Madrid,Spain,40.4168,-3.7038,2026-07-17 03:00:00+00:00,1.0,1.23,2.66,0.82,58.96
Paris,France,48.8566,2.3522,2026-07-17 03:00:00+00:00,1.0,4.94,5.45,2.38,29.4
Antananarivo,Madagascar,-18.8792,47.5079,2026-07-17 04:00:00+00:00,2.0,13.27,17.79,2.22,34.08
Buenos Aires,Argentina,-34.6037,-58.3816,2026-07-17 04:00:00+00:00,2.0,15.86,18.71,11.26,41.41
London,England,51.5074,-0.1278,2026-07-17 04:00:00+00:00,2.0,5.47,10.25,13.14,68.18
Madrid,Spain,40.4168,-3.7038,2026-07-17 04:00:00+00:00,1.0,1.29,2.75,0.93,55.1
Paris,France,48.8566,2.3522,2026-07-17 04:00:00+00:00,1.0,5.0,5.56,2.68,25.44
Antananarivo,Madagascar,-18.8792,47.5079,2026-07-17 05:00:00+00:00,2.0,13.93,19.16,2.17,35.03
Buenos Aires,Argentina,-34.6037,-58.3816,2026-07-17 05:00:00+00:00,2.0,16.46,19.51,9.73,41.74
London,England,51.5074,-0.1278,2026-07-17 05:00:00+00:00,2.0,5.82,10.92,15.45,61.37
Madrid,Spain,40.4168,-3.7038,2026-07-17 05:00:00+00:00,1.0,1.34,2.84,1.23,50.87
Paris,France,48.8566,2.3522,2026-07-17 05:00:00+00:00,1.0,5.13,5.8,3.75,21.85
Antananarivo,Madagascar,-18.8792,47.5079,2026-07-17 06:00:00+00:00,2.0,14.74,20.25,1.59,41.15
Buenos Aires,Argentina,-34.6037,-58.3816,2026-07-17 06:00:00+00:00,2.0,17.09,20.37,8.2,42.13
London,England,51.5074,-0.1278,2026-07-17 06:00:00+00:00,1.0,6.19,11.37,17.31,56.0
Madrid,Spain,40.4168,-3.7038,2026-07-17 06:00:00+00:00,1.0,1.4,2.95,1.76,46.76
Paris,France,48.8566,2.3522,2026-07-17 06:00:00+00:00,1.0,5.28,6.07,5.3,19.55
Antananarivo,Madagascar,-18.8792,47.5079,2026-07-17 07:00:00+00:00,1.0,7.16,10.16,0.39,59.01
Buenos Aires,Argentina,-34.6037,-58.3816,2026-07-17 07:00:00+00:00,2.0,17.68,21.21,7.04,41.89
London,England,51.5074,-0.1278,2026-07-17 07:00:00+00:00,1.0,6.61,11.92,16.47,54.24
Madrid,Spain,40.4168,-3.7038,2026-07-17 07:00:00+00:00,1.0,1.43,3.04,1.86,43.74
Paris,France,48.8566,2.3522,2026-07-17 07:00:00+00:00,1.0,5.35,6.17,5.19,29.73
Antananarivo,Madagascar,-18.8792,47.5079,2026-07-17 08:00:00+00:00,2.0,6.63,9.25,0.2,60.11
Buenos Aires,Argentina,-34.6037,-58.3816,2026-07-17 08:00:00+00:00,2.0,18.22,21.95,6.54,40.48
London,England,51.5074,-0.1278,2026-07-17 08:00:00+00:00,1.0,7.15,12.57,16.32,52.78
Madrid,Spain,40.4168,-3.7038,2026-07-17 08:00:00+00:00,1.0,1.45,3.12,1.54,45.28
Paris,France,48.8566,2.3522,2026-07-17 08:00:00+00:00,1.0,5.48,6.36,4.71,33.74
Antananarivo,Madagascar,-18.8792,47.5079,2026-07-17 09:00:00+00:00,1.0,6.49,8.93,0.14,59.49
Buenos Aires,Argentina,-34.6037,-58.3816,2026-07-17 09:00:00+00:00,2.0,18.79,22.7,6.66,38.69
London,England,51.5074,-0.1278,2026-07-17 09:00:00+00:00,1.0,7.85,13.29,16.86,51.52
Madrid,Spain,40.4168,-3.7038,2026-07-17 09:00:00+00:00,1.0,1.48,3.25,1.11,53.11
Paris,France,48.8566,2.3522,2026-07-17 09:00:00+00:00,1.0,5.78,6.7,4.06,39.03
Antananarivo,Madagascar,-18.8792,47.5079,2026-07-17 10:00:00+00:00,2.0,5.69,7.73,0.1,60.89
Buenos Aires,Argentina,-34.6037,-58.3816,2026-07-17 10:00:00+00:00,2.0,19.07,22.31,7.39,35.74
London,England,51.5074,-0.1278,2026-07-17 10:00:00+00:00,1.0,8.73,14.02,17.96,51.74
Madrid,Spain,40.4168,-3.7038,2026-07-17 10:00:00+00:00,2.0,1.17,2.62,0.27,73.49
Paris,France,48.8566,2.3522,2026-07-17 10:00:00+00:00,2.0,5.72,6.53,2.06,80.81
Antananarivo,Madagascar,-18.8792,47.5079,2026-07-17 11:00:00+00:00,2.0,5.54,7.39,0.11,61.32
Buenos Aires,Argentina,-34.6037,-58.3816,2026-07-17 11:00:00+00:00,2.0,19.09,21.33,8.43,31.49
London,England,51.5074,-0.1278,2026-07-17 11:00:00+00:00,2.0,10.19,15.24,19.38,53.25
Madrid,Spain,40.4168,-3.7038,2026-07-17 11:00:00+00:00,2.0,1.08,2.31,0.19,76.67
Paris,France,48.8566,2.3522,2026-07-17 11:00:00+00:00,2.0,5.37,5.99,1.15,93.32
Antananarivo,Madagascar,-18.8792,47.5079,2026-07-17 12:00:00+00:00,2.0,5.65,7.48,0.12,61.07
Buenos Aires,Argentina,-34.6037,-58.3816,2026-07-17 12:00:00+00:00,2.0,19.03,20.72,9.27,27.48
London,England,51.5074,-0.1278,2026-07-17 12:00:00+00:00,2.0,12.53,17.39,21.54,54.33
Madrid,Spain,40.4168,-3.7038,2026-07-17 12:00:00+00:00,2.0,1.09,2.29,0.19,77.78
Paris,France,48.8566,2.3522,2026-07-17 12:00:00+00:00,2.0,5.22,5.75,0.82,97.38
Antananarivo,Madagascar,-18.8792,47.5079,2026-07-17 13:00:00+00:00,1.0,6.43,8.6,0.33,58.21
Buenos Aires,Argentina,-34.6037,-58.3816,2026-07-17 13:00:00+00:00,2.0,18.68,19.99,9.38,24.62
London,England,51.5074,-0.1278,2026-07-17 13:00:00+00:00,2.0,15.34,20.11,24.86,53.32
Madrid,Spain,40.4168,-3.7038,2026-07-17 13:00:00+00:00,2.0,1.08,2.24,0.19,82.07
Paris,France,48.8566,2.3522,2026-07-17 13:00:00+00:00,3.0,4.26,4.63,0.59,100.89
Antananarivo,Madagascar,-18.8792,47.5079,2026-07-17 14:00:00+00:00,1.0,7.82,10.55,0.8,53.33
Buenos Aires,Argentina,-34.6037,-58.3816,2026-07-17 14:00:00+00:00,2.0,18.16,19.31,8.19,23.59
London,England,51.5074,-0.1278,2026-07-17 14:00:00+00:00,2.0,17.6,22.56,27.89,51.73
Madrid,Spain,40.4168,-3.7038,2026-07-17 14:00:00+00:00,2.0,1.05,2.19,0.18,85.64
Paris,France,48.8566,2.3522,2026-07-17 14:00:00+00:00,3.0,3.54,3.81,0.52,101.29
Antananarivo,Madagascar,-18.8792,47.5079,2026-07-17 15:00:00+00:00,1.0,9.17,12.48,1.4,48.9
Buenos Aires,Argentina,-34.6037,-58.3816,2026-07-17 15:00:00+00:00,2.0,17.35,18.41,6.19,24.56
London,England,51.5074,-0.1278,2026-07-17 15:00:00+00:00,2.0,18.83,24.42,28.42,55.21
Madrid,Spain,40.4168,-3.7038,2026-07-17 15:00:00+00:00,2.0,1.06,2.24,0.19,87.19
Paris,France,48.8566,2.3522,2026-07-17 15:00:00+00:00,3.0,3.33,3.56,0.56,101.68
Antananarivo,Madagascar,-18.8792,47.5079,2026-07-17 16:00:00+00:00,2.0,10.81,14.84,1.9,44.09
Buenos Aires,Argentina,-34.6037,-58.3816,2026-07-17 16:00:00+00:00,2.0,16.25,17.34,3.91,28.16
London,England,51.5074,-0.1278,2026-07-17 16:00:00+00:00,2.0,19.06,25.55,26.04,67.79
Madrid,Spain,40.4168,-3.7038,2026-07-17 16:00:00+00:00,2.0,1.13,2.63,0.21,89.32
Paris,France,48.8566,2.3522,2026-07-17 16:00:00+00:00,3.0,3.28,3.5,0.91,100.21
Antananarivo,Madagascar,-18.8792,47.5079,2026-07-17 17:00:00+00:00,2.0,13.06,17.94,2.4,39.71
Buenos Aires,Argentina,-34.6037,-58.3816,2026-07-17 17:00:00+00:00,2.0,15.7,16.94,2.79,30.59
London,England,51.5074,-0.1278,2026-07-17 17:00:00+00:00,2.0,18.04,25.09,22.2,84.15
Madrid,Spain,40.4168,-3.7038,2026-07-17 17:00:00+00:00,2.0,1.25,3.22,0.24,89.16
Paris,France,48.8566,2.3522,2026-07-17 17:00:00+00:00,2.0,3.26,3.49,1.37,96.72
Antananarivo,Madagascar,-18.8792,47.5079,2026-07-17 18:00:00+00:00,2.0,15.26,20.77,2.77,35.92
Buenos Aires,Argentina,-34.6037,-58.3816,2026-07-17 18:00:00+00:00,2.0,15.27,16.61,2.16,34.01
London,England,51.5074,-0.1278,2026-07-17 18:00:00+00:00,2.0,15.47,22.54,18.73,96.43
Madrid,Spain,40.4168,-3.7038,2026-07-17 18:00:00+00:00,2.0,1.42,3.99,0.28,88.76
Paris,France,48.8566,2.3522,2026-07-17 18:00:00+00:00,2.0,3.17,3.46,1.63,94.26
Antananarivo,Madagascar,-18.8792,47.5079,2026-07-17 19:00:00+00:00,2.0,16.61,22.16,2.96,32.79
Buenos Aires,Argentina,-34.6037,-58.3816,2026-07-17 19:00:00+00:00,2.0,13.97,15.29,1.73,38.15
London,England,51.5074,-0.1278,2026-07-17 19:00:00+00:00,3.0,11.85,17.9,15.14,104.38
Madrid,Spain,40.4168,-3.7038,2026-07-17 19:00:00+00:00,2.0,1.48,4.26,0.42,86.72
Paris,France,48.8566,2.3522,2026-07-17 19:00:00+00:00,2.0,3.1,3.46,1.95,90.18
Antananarivo,Madagascar,-18.8792,47.5079,2026-07-17 20:00:00+00:00,2.0,17.68,23.34,3.1,30.3
Buenos Aires,Argentina,-34.6037,-58.3816,2026-07-17 20:00:00+00:00,2.0,13.23,14.51,1.85,36.27
London,England,51.5074,-0.1278,2026-07-17 20:00:00+00:00,3.0,10.15,15.52,14.2,104.6
Madrid,Spain,40.4168,-3.7038,2026-07-17 20:00:00+00:00,2.0,1.4,3.88,0.6,83.59
Paris,France,48.8566,2.3522,2026-07-17 20:00:00+00:00,2.0,3.14,3.61,2.34,83.54
Antananarivo,Madagascar,-18.8792,47.5079,2026-07-17 21:00:00+00:00,2.0,17.65,23.07,3.02,28.42
Buenos Aires,Argentina,-34.6037,-58.3816,2026-07-17 21:00:00+00:00,2.0,12.44,13.69,2.12,34.71
London,England,51.5074,-0.1278,2026-07-17 21:00:00+00:00,3.0,9.38,14.3,13.23,102.96
Madrid,Spain,40.4168,-3.7038,2026-07-17 21:00:00+00:00,2.0,1.29,3.45,0.72,81.65
Paris,France,48.8566,2.3522,2026-07-17 21:00:00+00:00,2.0,3.24,3.84,2.69,77.17
Antananarivo,Madagascar,-18.8792,47.5079,2026-07-17 22:00:00+00:00,2.0,16.76,21.71,2.78,27.37
Buenos Aires,Argentina,-34.6037,-58.3816,2026-07-17 22:00:00+00:00,2.0,11.7,12.9,2.18,33.03
London,England,51.5074,-0.1278,2026-07-17 22:00:00+00:00,2.0,8.9,13.49,13.5,99.92
Madrid,Spain,40.4168,-3.7038,2026-07-17 22:00:00+00:00,2.0,1.21,3.07,0.88,76.63
Paris,France,48.8566,2.3522,2026-07-17 22:00:00+00:00,2.0,3.36,4.12,2.88,71.51
Antananarivo,Madagascar,-18.8792,47.5079,2026-07-17 23:00:00+00:00,2.0,16.2,20.89,2.6,27.1
Buenos Aires,Argentina,-34.6037,-58.3816,2026-07-17 23:00:00+00:00,2.0,11.38,12.55,2.05,31.13
London,England,51.5074,-0.1278,2026-07-17 23:00:00+00:00,2.0,8.45,12.77,14.72,94.64
Madrid,Spain,40.4168,-3.7038,2026-07-17 23:00:00+00:00,2.0,1.17,2.87,1.0,71.25
Paris,France,48.8566,2.3522,2026-07-17 23:00:00+00:00,2.0,3.53,4.48,2.6,70.0
Antananarivo,Madagascar,-18.8792,47.5079,2026-07-18 00:00:00+00:00,2.0,15.84,20.36,2.47,27.67
Buenos Aires,Argentina,-34.6037,-58.3816,2026-07-18 00:00:00+00:00,2.0,11.19,12.38,1.81,30.05
London,England,51.5074,-0.1278,2026-07-18 00:00:00+00:00,2.0,7.78,11.67,16.16,87.25
Madrid,Spain,40.4168,-3.7038,2026-07-18 00:00:00+00:00,2.0,1.13,2.76,1.05,66.94
Paris,France,48.8566,2.3522,2026-07-18 00:00:00+00:00,2.0,3.72,4.91,2.2,71.3
Antananarivo,Madagascar,-18.8792,47.5079,2026-07-18 01:00:00+00:00,2.0,15.41,19.84,2.36,29.16
Buenos Aires,Argentina,-34.6037,-58.3816,2026-07-18 01:00:00+00:00,2.0,10.93,12.13,1.59,29.34
London,England,51.5074,-0.1278,2026-07-18 01:00:00+00:00,2.0,7.15,10.58,17.75,78.91
Madrid,Spain,40.4168,-3.7038,2026-07-18 01:00:00+00:00,2.0,1.1,2.69,1.08,63.17
Paris,France,48.8566,2.3522,2026-07-18 01:00:00+00:00,2.0,3.91,5.3,1.97,66.94
Antananarivo,Madagascar,-18.8792,47.5079,2026-07-18 02:00:00+00:00,2.0,15.2,19.53,2.27,29.89
Buenos Aires,Argentina,-34.6037,-58.3816,2026-07-18 02:00:00+00:00,2.0,10.8,12.02,1.51,28.41
London,England,51.5074,-0.1278,2026-07-18 02:00:00+00:00,2.0,7.26,10.66,19.96,69.99
Madrid,Spain,40.4168,-3.7038,2026-07-18 02:00:00+00:00,2.0,1.09,2.7,1.1,60.59
Paris,France,48.8566,2.3522,2026-07-18 02:00:00+00:00,1.0,4.1,5.58,1.92,56.4
Antananarivo,Madagascar,-18.8792,47.5079,2026-07-18 03:00:00+00:00,2.0,15.06,19.33,2.21,30.31
Buenos Aires,Argentina,-34.6037,-58.3816,2026-07-18 03:00:00+00:00,2.0,10.84,12.22,1.41,28.1
London,England,51.5074,-0.1278,2026-07-18 03:00:00+00:00,2.0,8.36,12.26,22.06,61.43
Madrid,Spain,40.4168,-3.7038,2026-07-18 03:00:00+00:00,1.0,1.1,2.74,1.14,58.28
Paris,France,48.8566,2.3522,2026-07-18 03:00:00+00:00,1.0,4.24,5.79,1.93,46.71
Antananarivo,Madagascar,-18.8792,47.5079,2026-07-18 04:00:00+00:00,2.0,14.85,19.38,2.24,31.8
Buenos Aires,Argentina,-34.6037,-58.3816,2026-07-18 04:00:00+00:00,2.0,11.14,13.16,1.23,28.94
London,England,51.5074,-0.1278,2026-07-18 04:00:00+00:00,1.0,9.93,14.42,21.56,56.23
Madrid,Spain,40.4168,-3.7038,2026-07-18 04:00:00+00:00,1.0,1.11,2.77,1.22,55.43
Paris,France,48.8566,2.3522,2026-07-18 04:00:00+00:00,1.0,4.31,5.9,2.09,38.21
Antananarivo,Madagascar,-18.8792,47.5079,2026-07-18 05:00:00+00:00,2.0,14.73,19.61,2.22,32.36
Buenos Aires,Argentina,-34.6037,-58.3816,2026-07-18 05:00:00+00:00,2.0,11.56,14.29,1.09,29.15
London,England,51.5074,-0.1278,2026-07-18 05:00:00+00:00,2.0,11.08,16.36,19.07,55.23
Madrid,Spain,40.4168,-3.7038,2026-07-18 05:00:00+00:00,1.0,1.14,2.87,1.46,52.36
Paris,France,48.8566,2.3522,2026-07-18 05:00:00+00:00,1.0,4.48,6.17,2.87,31.94
Antananarivo,Madagascar,-18.8792,47.5079,2026-07-18 06:00:00+00:00,2.0,14.46,19.24,1.75,35.15
Buenos Aires,Argentina,-34.6037,-58.3816,2026-07-18 06:00:00+00:00,2.0,11.88,15.27,0.97,29.65
London,England,51.5074,-0.1278,2026-07-18 06:00:00+00:00,2.0,11.27,17.28,15.72,57.71
Madrid,Spain,40.4168,-3.7038,2026-07-18 06:00:00+00:00,1.0,1.21,3.01,1.9,48.77
Paris,France,48.8566,2.3522,2026-07-18 06:00:00+00:00,1.0,4.76,6.63,3.9,28.56
Antananarivo,Madagascar,-18.8792,47.5079,2026-07-18 07:00:00+00:00,1.0,7.63,10.21,0.43,51.98
Buenos Aires,Argentina,-34.6037,-58.3816,2026-07-18 07:00:00+00:00,2.0,11.95,15.86,0.86,30.68
London,England,51.5074,-0.1278,2026-07-18 07:00:00+00:00,2.0,10.47,16.98,10.78,65.18
Madrid,Spain,40.4168,-3.7038,2026-07-18 07:00:00+00:00,1.0,1.25,3.11,1.99,45.42
Paris,France,48.8566,2.3522,2026-07-18 07:00:00+00:00,1.0,5.11,7.19,3.98,35.88
Antananarivo,Madagascar,-18.8792,47.5079,2026-07-18 08:00:00+00:00,1.0,6.96,9.25,0.22,54.89
Buenos Aires,Argentina,-34.6037,-58.3816,2026-07-18 08:00:00+00:00,2.0,11.76,15.97,0.78,32.23
London,England,51.5074,-0.1278,2026-07-18 08:00:00+00:00,2.0,9.79,16.81,8.09,71.71
Madrid,Spain,40.4168,-3.7038,2026-07-18 08:00:00+00:00,1.0,1.29,3.2,1.68,46.17
Paris,France,48.8566,2.3522,2026-07-18 08:00:00+00:00,1.0,5.47,7.63,3.73,41.55
Antananarivo,Madagascar,-18.8792,47.5079,2026-07-18 09:00:00+00:00,1.0,6.97,9.16,0.16,55.53
Buenos Aires,Argentina,-34.6037,-58.3816,2026-07-18 09:00:00+00:00,2.0,11.51,15.85,0.73,34.0
London,England,51.5074,-0.1278,2026-07-18 09:00:00+00:00,2.0,9.27,16.86,6.38,78.01
Madrid,Spain,40.4168,-3.7038,2026-07-18 09:00:00+00:00,1.0,1.34,3.36,1.34,52.56
Paris,France,48.8566,2.3522,2026-07-18 09:00:00+00:00,1.0,6.28,8.44,3.26,52.76
Antananarivo,Madagascar,-18.8792,47.5079,2026-07-18 10:00:00+00:00,1.0,6.52,8.41,0.12,58.6
Buenos Aires,Argentina,-34.6037,-58.3816,2026-07-18 10:00:00+00:00,2.0,11.0,15.03,0.73,35.46
London,England,51.5074,-0.1278,2026-07-18 10:00:00+00:00,2.0,8.86,16.97,5.57,83.89
Madrid,Spain,40.4168,-3.7038,2026-07-18 10:00:00+00:00,2.0,1.57,4.42,0.38,90.96
Paris,France,48.8566,2.3522,2026-07-18 10:00:00+00:00,3.0,5.11,6.76,1.05,103.41
Antananarivo,Madagascar,-18.8792,47.5079,2026-07-18 11:00:00+00:00,1.0,6.18,7.86,0.11,59.19
Buenos Aires,Argentina,-34.6037,-58.3816,2026-07-18 11:00:00+00:00,2.0,10.6,14.21,0.81,36.36
London,England,51.5074,-0.1278,2026-07-18 11:00:00+00:00,2.0,8.75,17.15,5.37,90.27
Madrid,Spain,40.4168,-3.7038,2026-07-18 11:00:00+00:00,2.0,1.57,4.53,0.26,94.49
Paris,France,48.8566,2.3522,2026-07-18 11:00:00+00:00,3.0,4.13,5.37,0.5,109.93
Antananarivo,Madagascar,-18.8792,47.5079,2026-07-18 12:00:00+00:00,1.0,6.16,7.78,0.13,58.55
Buenos Aires,Argentina,-34.6037,-58.3816,2026-07-18 12:00:00+00:00,2.0,10.41,13.85,0.88,36.63
London,England,51.5074,-0.1278,2026-07-18 12:00:00+00:00,2.0,8.88,17.2,5.27,97.28
Madrid,Spain,40.4168,-3.7038,2026-07-18 12:00:00+00:00,2.0,1.58,4.39,0.23,95.09
Paris,France,48.8566,2.3522,2026-07-18 12:00:00+00:00,3.0,3.93,5.01,0.44,109.73
Antananarivo,Madagascar,-18.8792,47.5079,2026-07-18 13:00:00+00:00,1.0,6.55,8.35,0.29,55.64
Buenos Aires,Argentina,-34.6037,-58.3816,2026-07-18 13:00:00+00:00,2.0,10.48,14.18,0.89,36.17
London,England,51.5074,-0.1278,2026-07-18 13:00:00+00:00,3.0,9.39,17.49,5.59,104.31
Madrid,Spain,40.4168,-3.7038,2026-07-18 13:00:00+00:00,2.0,1.67,4.72,0.21,98.47
Paris,France,48.8566,2.3522,2026-07-18 13:00:00+00:00,3.0,3.89,4.89,0.44,110.38
Antananarivo,Madagascar,-18.8792,47.5079,2026-07-18 14:00:00+00:00,1.0,7.25,9.39,0.61,51.01
Buenos Aires,Argentina,-34.6037,-58.3816,2026-07-18 14:00:00+00:00,2.0,10.86,15.37,0.84,35.66
London,England,51.5074,-0.1278,2026-07-18 14:00:00+00:00,3.0,10.39,18.3,6.37,110.51
Madrid,Spain,40.4168,-3.7038,2026-07-18 14:00:00+00:00,3.0,1.72,4.95,0.19,100.7
Paris,France,48.8566,2.3522,2026-07-18 14:00:00+00:00,3.0,3.8,4.73,0.44,110.66
Antananarivo,Madagascar,-18.8792,47.5079,2026-07-18 15:00:00+00:00,1.0,7.88,10.39,0.94,47.24
Buenos Aires,Argentina,-34.6037,-58.3816,2026-07-18 15:00:00+00:00,2.0,11.22,16.64,0.75,35.98
London,England,51.5074,-0.1278,2026-07-18 15:00:00+00:00,3.0,11.49,19.21,7.77,114.52
Madrid,Spain,40.4168,-3.7038,2026-07-18 15:00:00+00:00,3.0,1.72,4.71,0.2,102.21
Paris,France,48.8566,2.3522,2026-07-18 15:00:00+00:00,3.0,3.7,4.58,0.47,111.54
Antananarivo,Madagascar,-18.8792,47.5079,2026-07-18 16:00:00+00:00,1.0,8.81,11.85,1.29,42.93
Buenos Aires,Argentina,-34.6037,-58.3816,2026-07-18 16:00:00+00:00,2.0,11.23,17.24,0.64,38.51
London,England,51.5074,-0.1278,2026-07-18 16:00:00+00:00,3.0,12.43,20.0,10.91,113.88
Madrid,Spain,40.4168,-3.7038,2026-07-18 16:00:00+00:00,3.0,1.68,4.3,0.21,104.44
Paris,France,48.8566,2.3522,2026-07-18 16:00:00+00:00,3.0,3.64,4.5,0.53,113.74
Antananarivo,Madagascar,-18.8792,47.5079,2026-07-18 17:00:00+00:00,2.0,10.36,14.08,1.69,39.0
Buenos Aires,Argentina,-34.6037,-58.3816,2026-07-18 17:00:00+00:00,2.0,10.93,17.02,0.59,40.98
London,England,51.5074,-0.1278,2026-07-18 17:00:00+00:00,3.0,12.93,20.38,13.85,111.09
Madrid,Spain,40.4168,-3.7038,2026-07-18 17:00:00+00:00,3.0,1.69,4.23,0.23,105.51
Paris,France,48.8566,2.3522,2026-07-18 17:00:00+00:00,3.0,3.61,4.46,0.57,115.61
Antananarivo,Madagascar,-18.8792,47.5079,2026-07-18 18:00:00+00:00,2.0,11.9,16.21,2.01,36.04
Buenos Aires,Argentina,-34.6037,-58.3816,2026-07-18 18:00:00+00:00,2.0,10.92,16.95,0.59,42.37
London,England,51.5074,-0.1278,2026-07-18 18:00:00+00:00,3.0,13.04,20.37,16.45,108.0
Madrid,Spain,40.4168,-3.7038,2026-07-18 18:00:00+00:00,3.0,1.8,4.88,0.26,105.76
Paris,France,48.8566,2.3522,2026-07-18 18:00:00+00:00,3.0,3.6,4.44,0.63,117.03
Antananarivo,Madagascar,-18.8792,47.5079,2026-07-18 19:00:00+00:00,2.0,13.36,18.02,2.26,33.48
Buenos Aires,Argentina,-34.6037,-58.3816,2026-07-18 19:00:00+00:00,2.0,11.08,16.99,0.64,43.7
London,England,51.5074,-0.1278,2026-07-18 19:00:00+00:00,3.0,12.63,20.15,18.91,103.94
Madrid,Spain,40.4168,-3.7038,2026-07-18 19:00:00+00:00,3.0,1.82,4.93,0.39,102.35
Paris,France,48.8566,2.3522,2026-07-18 19:00:00+00:00,3.0,3.72,4.55,0.94,113.16
Antananarivo,Madagascar,-18.8792,47.5079,2026-07-18 20:00:00+00:00,2.0,14.46,19.12,2.42,31.55
Buenos Aires,Argentina,-34.6037,-58.3816,2026-07-18 20:00:00+00:00,2.0,10.6,16.06,0.72,44.56
London,England,51.5074,-0.1278,2026-07-18 20:00:00+00:00,2.0,11.38,19.08,18.99,98.37
Madrid,Spain,40.4168,-3.7038,2026-07-18 20:00:00+00:00,2.0,1.71,4.38,0.58,96.63
Paris,France,48.8566,2.3522,2026-07-18 20:00:00+00:00,3.0,3.99,4.82,1.34,106.03
Antananarivo,Madagascar,-18.8792,47.5079,2026-07-18 21:00:00+00:00,2.0,14.64,18.81,2.38,30.34
Buenos Aires,Argentina,-34.6037,-58.3816,2026-07-18 21:00:00+00:00,1.0,9.66,14.61,0.78,45.78
London,England,51.5074,-0.1278,2026-07-18 21:00:00+00:00,2.0,9.29,16.27,15.55,93.34
Madrid,Spain,40.4168,-3.7038,2026-07-18 21:00:00+00:00,2.0,1.6,3.94,0.72,91.75
Paris,France,48.8566,2.3522,2026-07-18 21:00:00+00:00,3.0,4.3,5.15,1.63,101.09
Antananarivo,Madagascar,-18.8792,47.5079,2026-07-18 22:00:00+00:00,2.0,14.33,17.98,2.24,29.66
Buenos Aires,Argentina,-34.6037,-58.3816,2026-07-18 22:00:00+00:00,1.0,8.16,12.06,0.76,47.57
London,England,51.5074,-0.1278,2026-07-18 22:00:00+00:00,2.0,5.96,11.34,8.32,93.02
Madrid,Spain,40.4168,-3.7038,2026-07-18 22:00:00+00:00,2.0,1.5,3.61,0.84,85.44
Paris,France,48.8566,2.3522,2026-07-18 22:00:00+00:00,2.0,4.55,5.48,1.82,96.44
Antananarivo,Madagascar,-18.8792,47.5079,2026-07-18 23:00:00+00:00,2.0,14.47,17.86,2.18,28.66
Buenos Aires,Argentina,-34.6037,-58.3816,2026-07-18 23:00:00+00:00,1.0,6.34,9.11,0.69,50.39
London,England,51.5074,-0.1278,2026-07-18 23:00:00+00:00,2.0,3.93,8.16,5.88,87.06
Madrid,Spain,40.4168,-3.7038,2026-07-18 23:00:00+00:00,2.0,1.44,3.4,0.91,79.84
Paris,France,48.8566,2.3522,2026-07-18 23:00:00+00:00,2.0,4.81,5.94,1.94,93.84
Antananarivo,Madagascar,-18.8792,47.5079,2026-07-19 00:00:00+00:00,2.0,14.72,17.98,2.12,27.69
Buenos Aires,Argentina,-34.6037,-58.3816,2026-07-19 00:00:00+00:00,1.0,4.54,6.56,0.61,53.42
London,England,51.5074,-0.1278,2026-07-19 00:00:00+00:00,2.0,2.65,5.93,4.87,80.93
Madrid,Spain,40.4168,-3.7038,2026-07-19 00:00:00+00:00,2.0,1.39,3.24,0.93,74.93
Paris,France,48.8566,2.3522,2026-07-19 00:00:00+00:00,2.0,4.98,6.45,2.07,92.82
Antananarivo,Madagascar,-18.8792,47.5079,2026-07-19 01:00:00+00:00,2.0,14.63,17.79,2.05,26.77
Buenos Aires,Argentina,-34.6037,-58.3816,2026-07-19 01:00:00+00:00,1.0,3.06,4.65,0.54,55.49
London,England,51.5074,-0.1278,2026-07-19 01:00:00+00:00,2.0,1.96,4.49,4.16,76.47
Madrid,Spain,40.4168,-3.7038,2026-07-19 01:00:00+00:00,2.0,1.33,3.12,0.95,70.29
Paris,France,48.8566,2.3522,2026-07-19 01:00:00+00:00,2.0,4.88,6.8,2.17,92.96
Antananarivo,Madagascar,-18.8792,47.5079,2026-07-19 02:00:00+00:00,2.0,14.48,17.56,1.99,25.84
Buenos Aires,Argentina,-34.6037,-58.3816,2026-07-19 02:00:00+00:00,1.0,2.3,3.77,0.52,56.27
London,England,51.5074,-0.1278,2026-07-19 02:00:00+00:00,2.0,1.74,3.96,4.17,73.28
Madrid,Spain,40.4168,-3.7038,2026-07-19 02:00:00+00:00,2.0,1.31,3.11,0.99,66.64
Paris,France,48.8566,2.3522,2026-07-19 02:00:00+00:00,2.0,4.47,6.71,2.18,89.4
Antananarivo,Madagascar,-18.8792,47.5079,2026-07-19 03:00:00+00:00,2.0,14.49,17.53,1.99,25.34
Buenos Aires,Argentina,-34.6037,-58.3816,2026-07-19 03:00:00+00:00,1.0,2.03,3.59,0.53,55.3
London,England,51.5074,-0.1278,2026-07-19 03:00:00+00:00,2.0,1.72,3.93,4.46,70.48
Madrid,Spain,40.4168,-3.7038,2026-07-19 03:00:00+00:00,2.0,1.33,3.18,1.06,63.29
Paris,France,48.8566,2.3522,2026-07-19 03:00:00+00:00,2.0,3.82,6.26,2.13,84.95
Antananarivo,Madagascar,-18.8792,47.5079,2026-07-19 04:00:00+00:00,2.0,14.96,18.36,2.14,24.83
Buenos Aires,Argentina,-34.6037,-58.3816,2026-07-19 04:00:00+00:00,1.0,1.87,3.31,0.52,52.87
London,England,51.5074,-0.1278,2026-07-19 04:00:00+00:00,2.0,1.75,4.13,4.96,67.5
Madrid,Spain,40.4168,-3.7038,2026-07-19 04:00:00+00:00,1.0,1.35,3.26,1.15,59.31
Paris,France,48.8566,2.3522,2026-07-19 04:00:00+00:00,2.0,3.02,5.47,2.03,79.54
Antananarivo,Madagascar,-18.8792,47.5079,2026-07-19 05:00:00+00:00,2.0,15.53,19.64,1.87,25.77
Buenos Aires,Argentina,-34.6037,-58.3816,2026-07-19 05:00:00+00:00,1.0,1.63,2.66,0.5,50.87
London,England,51.5074,-0.1278,2026-07-19 05:00:00+00:00,2.0,1.76,4.41,5.86,64.43
Madrid,Spain,40.4168,-3.7038,2026-07-19 05:00:00+00:00,1.0,1.43,3.46,1.39,55.51
Paris,France,48.8566,2.3522,2026-07-19 05:00:00+00:00,2.0,2.43,4.89,2.2,74.86
Antananarivo,Madagascar,-18.8792,47.5079,2026-07-19 06:00:00+00:00,2.0,16.8,21.3,1.24,33.04
Buenos Aires,Argentina,-34.6037,-58.3816,2026-07-19 06:00:00+00:00,1.0,1.31,1.97,0.43,50.11
London,England,51.5074,-0.1278,2026-07-19 06:00:00+00:00,2.0,1.7,4.45,6.38,62.78
Madrid,Spain,40.4168,-3.7038,2026-07-19 06:00:00+00:00,1.0,1.55,3.73,1.82,51.4
Paris,France,48.8566,2.3522,2026-07-19 06:00:00+00:00,2.0,2.08,4.62,2.61,70.95
Antananarivo,Madagascar,-18.8792,47.5079,2026-07-19 07:00:00+00:00,1.0,6.43,8.82,0.25,50.99
Buenos Aires,Argentina,-34.6037,-58.3816,2026-07-19 07:00:00+00:00,1.0,0.97,1.4,0.34,50.45
London,England,51.5074,-0.1278,2026-07-19 07:00:00+00:00,2.0,1.58,4.25,5.92,62.72
Madrid,Spain,40.4168,-3.7038,2026-07-19 07:00:00+00:00,1.0,1.66,3.95,1.84,47.71
Paris,France,48.8566,2.3522,2026-07-19 07:00:00+00:00,2.0,1.89,4.54,2.55,68.15
Antananarivo,Madagascar,-18.8792,47.5079,2026-07-19 08:00:00+00:00,1.0,5.66,7.81,0.14,52.75
Buenos Aires,Argentina,-34.6037,-58.3816,2026-07-19 08:00:00+00:00,1.0,0.73,1.06,0.26,51.64
London,England,51.5074,-0.1278,2026-07-19 08:00:00+00:00,2.0,1.53,4.17,5.31,63.91
Madrid,Spain,40.4168,-3.7038,2026-07-19 08:00:00+00:00,1.0,1.76,4.2,1.5,48.29
Paris,France,48.8566,2.3522,2026-07-19 08:00:00+00:00,2.0,1.89,4.7,2.33,68.41
Antananarivo,Madagascar,-18.8792,47.5079,2026-07-19 09:00:00+00:00,1.0,5.75,7.85,0.12,52.74
Buenos Aires,Argentina,-34.6037,-58.3816,2026-07-19 09:00:00+00:00,1.0,0.61,0.88,0.21,52.73
London,England,51.5074,-0.1278,2026-07-19 09:00:00+00:00,2.0,1.63,4.38,4.9,65.77
Madrid,Spain,40.4168,-3.7038,2026-07-19 09:00:00+00:00,1.0,1.93,4.6,1.13,55.14
Paris,France,48.8566,2.3522,2026-07-19 09:00:00+00:00,2.0,2.2,5.18,2.02,72.22
Antananarivo,Madagascar,-18.8792,47.5079,2026-07-19 10:00:00+00:00,1.0,5.26,7.14,0.11,54.8
Buenos Aires,Argentina,-34.6037,-58.3816,2026-07-19 10:00:00+00:00,1.0,0.57,0.84,0.21,53.56
London,England,51.5074,-0.1278,2026-07-19 10:00:00+00:00,2.0,1.87,4.81,5.13,68.2
Madrid,Spain,40.4168,-3.7038,2026-07-19 10:00:00+00:00,2.0,2.33,5.59,0.37,90.88
Paris,France,48.8566,2.3522,2026-07-19 10:00:00+00:00,2.0,2.33,4.79,1.21,82.52
Antananarivo,Madagascar,-18.8792,47.5079,2026-07-19 11:00:00+00:00,1.0,4.9,6.65,0.11,54.81
Buenos Aires,Argentina,-34.6037,-58.3816,2026-07-19 11:00:00+00:00,1.0,0.57,0.88,0.25,54.4
London,England,51.5074,-0.1278,2026-07-19 11:00:00+00:00,2.0,2.15,5.12,5.38,72.78
Madrid,Spain,40.4168,-3.7038,2026-07-19 11:00:00+00:00,2.0,2.11,5.12,0.28,95.08
Paris,France,48.8566,2.3522,2026-07-19 11:00:00+00:00,2.0,2.41,4.43,0.71,88.06
Antananarivo,Madagascar,-18.8792,47.5079,2026-07-19 12:00:00+00:00,1.0,4.79,6.56,0.12,53.88
Buenos Aires,Argentina,-34.6037,-58.3816,2026-07-19 12:00:00+00:00,1.0,0.54,0.87,0.29,55.62
London,England,51.5074,-0.1278,2026-07-19 12:00:00+00:00,2.0,2.6,5.53,5.41,78.77
Madrid,Spain,40.4168,-3.7038,2026-07-19 12:00:00+00:00,2.0,2.09,4.97,0.25,96.25
Paris,France,48.8566,2.3522,2026-07-19 12:00:00+00:00,2.0,2.59,4.51,0.55,90.81
Antananarivo,Madagascar,-18.8792,47.5079,2026-07-19 13:00:00+00:00,1.0,5.15,7.24,0.26,50.69
Buenos Aires,Argentina,-34.6037,-58.3816,2026-07-19 13:00:00+00:00,1.0,0.52,0.89,0.31,56.58
London,England,51.5074,-0.1278,2026-07-19 13:00:00+00:00,2.0,3.09,5.96,5.69,85.18
Madrid,Spain,40.4168,-3.7038,2026-07-19 13:00:00+00:00,3.0,2.63,8.8,0.19,100.95
Paris,France,48.8566,2.3522,2026-07-19 13:00:00+00:00,2.0,2.56,4.35,0.49,94.25
Antananarivo,Madagascar,-18.8792,47.5079,2026-07-19 14:00:00+00:00,1.0,5.9,8.5,0.56,45.93
Buenos Aires,Argentina,-34.6037,-58.3816,2026-07-19 14:00:00+00:00,1.0,0.5,0.97,0.32,56.87
London,England,51.5074,-0.1278,2026-07-19 14:00:00+00:00,2.0,3.45,6.24,6.07,89.24
Madrid,Spain,40.4168,-3.7038,2026-07-19 14:00:00+00:00,3.0,3.66,14.56,0.16,100.97
Paris,France,48.8566,2.3522,2026-07-19 14:00:00+00:00,2.0,2.34,3.94,0.48,95.87
Antananarivo,Madagascar,-18.8792,47.5079,2026-07-19 15:00:00+00:00,1.0,6.63,9.77,1.01,41.47
Buenos Aires,Argentina,-34.6037,-58.3816,2026-07-19 15:00:00+00:00,1.0,0.5,1.09,0.32,56.37
London,England,51.5074,-0.1278,2026-07-19 15:00:00+00:00,2.0,3.68,6.44,6.43,91.79
Madrid,Spain,40.4168,-3.7038,2026-07-19 15:00:00+00:00,2.0,4.02,16.2,0.16,99.93
Paris,France,48.8566,2.3522,2026-07-19 15:00:00+00:00,2.0,2.26,3.82,0.53,96.73
Antananarivo,Madagascar,-18.8792,47.5079,2026-07-19 16:00:00+00:00,1.0,7.71,11.52,1.4,37.07
Buenos Aires,Argentina,-34.6037,-58.3816,2026-07-19 16:00:00+00:00,1.0,0.5,1.18,0.3,56.13
London,England,51.5074,-0.1278,2026-07-19 16:00:00+00:00,2.0,3.83,6.58,6.49,93.71
Madrid,Spain,40.4168,-3.7038,2026-07-19 16:00:00+00:00,3.0,3.78,14.57,0.18,100.1
Paris,France,48.8566,2.3522,2026-07-19 16:00:00+00:00,2.0,2.24,3.8,0.6,98.49
Antananarivo,Madagascar,-18.8792,47.5079,2026-07-19 17:00:00+00:00,1.0,9.36,13.97,1.81,33.92
Buenos Aires,Argentina,-34.6037,-58.3816,2026-07-19 17:00:00+00:00,1.0,0.52,1.26,0.27,55.52
London,England,51.5074,-0.1278,2026-07-19 17:00:00+00:00,2.0,4.02,6.79,7.48,93.17
Madrid,Spain,40.4168,-3.7038,2026-07-19 17:00:00+00:00,3.0,3.23,11.45,0.2,100.1
Paris,France,48.8566,2.3522,2026-07-19 17:00:00+00:00,2.0,2.21,3.77,0.69,99.42
Antananarivo,Madagascar,-18.8792,47.5079,2026-07-19 18:00:00+00:00,2.0,10.87,16.09,2.12,31.87
Buenos Aires,Argentina,-34.6037,-58.3816,2026-07-19 18:00:00+00:00,1.0,0.56,1.36,0.24,55.19
London,England,51.5074,-0.1278,2026-07-19 18:00:00+00:00,2.0,4.28,7.22,8.58,92.0
Madrid,Spain,40.4168,-3.7038,2026-07-19 18:00:00+00:00,2.0,2.91,9.81,0.23,99.61
Paris,France,48.8566,2.3522,2026-07-19 18:00:00+00:00,2.0,2.13,3.68,0.83,99.37
Antananarivo,Madagascar,-18.8792,47.5079,2026-07-19 19:00:00+00:00,2.0,12.07,17.69,2.35,30.1
Buenos Aires,Argentina,-34.6037,-58.3816,2026-07-19 19:00:00+00:00,1.0,0.61,1.49,0.24,55.75
London,England,51.5074,-0.1278,2026-07-19 19:00:00+00:00,2.0,4.49,7.68,9.47,90.89
Madrid,Spain,40.4168,-3.7038,2026-07-19 19:00:00+00:00,2.0,2.67,8.26,0.39,95.0
Paris,France,48.8566,2.3522,2026-07-19 19:00:00+00:00,2.0,2.01,3.55,1.13,97.13
Antananarivo,Madagascar,-18.8792,47.5079,2026-07-19 20:00:00+00:00,2.0,12.83,18.52,2.47,28.72
Buenos Aires,Argentina,-34.6037,-58.3816,2026-07-19 20:00:00+00:00,1.0,0.68,1.67,0.33,54.68
London,England,51.5074,-0.1278,2026-07-19 20:00:00+00:00,2.0,4.5,7.87,9.77,89.21
Madrid,Spain,40.4168,-3.7038,2026-07-19 20:00:00+00:00,2.0,2.48,6.91,0.63,87.96
Paris,France,48.8566,2.3522,2026-07-19 20:00:00+00:00,2.0,1.9,3.44,1.54,93.35
Antananarivo,Madagascar,-18.8792,47.5079,2026-07-19 21:00:00+00:00,2.0,12.67,17.95,2.41,27.59
Buenos Aires,Argentina,-34.6037,-58.3816,2026-07-19 21:00:00+00:00,1.0,0.73,1.8,0.47,53.69
London,England,51.5074,-0.1278,2026-07-19 21:00:00+00:00,2.0,4.27,7.67,9.28,86.42
Madrid,Spain,40.4168,-3.7038,2026-07-19 21:00:00+00:00,2.0,2.34,6.04,0.79,82.38
Paris,France,48.8566,2.3522,2026-07-19 21:00:00+00:00,2.0,1.76,3.3,1.88,88.92
Antananarivo,Madagascar,-18.8792,47.5079,2026-07-19 22:00:00+00:00,2.0,12.24,17.2,2.3,26.47
Buenos Aires,Argentina,-34.6037,-58.3816,2026-07-19 22:00:00+00:00,1.0,0.74,1.88,0.56,52.71
London,England,51.5074,-0.1278,2026-07-19 22:00:00+00:00,2.0,3.89,7.16,9.1,82.6
Madrid,Spain,40.4168,-3.7038,2026-07-19 22:00:00+00:00,2.0,2.22,5.47,0.91,76.54
Paris,France,48.8566,2.3522,2026-07-19 22:00:00+00:00,2.0,1.64,3.14,2.06,83.42
Antananarivo,Madagascar,-18.8792,47.5079,2026-07-19 23:00:00+00:00,2.0,12.11,17.07,2.25,26.09
Buenos Aires,Argentina,-34.6037,-58.3816,2026-07-19 23:00:00+00:00,1.0,0.76,1.99,0.61,51.98
London,England,51.5074,-0.1278,2026-07-19 23:00:00+00:00,2.0,3.6,6.76,9.53,78.46
Madrid,Spain,40.4168,-3.7038,2026-07-19 23:00:00+00:00,2.0,2.16,5.13,0.97,72.41
Paris,France,48.8566,2.3522,2026-07-19 23:00:00+00:00,2.0,1.63,3.19,2.06,79.6
Antananarivo,Madagascar,-18.8792,47.5079,2026-07-20 00:00:00+00:00,2.0,12.15,17.23,2.26,26.17
Buenos Aires,Argentina,-34.6037,-58.3816,2026-07-20 00:00:00+00:00,1.0,0.77,2.09,0.64,51.24
London,England,51.5074,-0.1278,2026-07-20 00:00:00+00:00,2.0,3.28,6.42,9.54,75.33
Madrid,Spain,40.4168,-3.7038,2026-07-20 00:00:00+00:00,2.0,2.11,4.86,0.98,68.89
Paris,France,48.8566,2.3522,2026-07-20 00:00:00+00:00,2.0,1.74,3.52,2.01,76.53
Antananarivo,Madagascar,-18.8792,47.5079,2026-07-20 01:00:00+00:00,2.0,12.05,17.24,2.26,26.71
Buenos Aires,Argentina,-34.6037,-58.3816,2026-07-20 01:00:00+00:00,1.0,0.78,2.19,0.69,49.44
London,England,51.5074,-0.1278,2026-07-20 01:00:00+00:00,2.0,2.48,5.48,5.97,76.17
Madrid,Spain,40.4168,-3.7038,2026-07-20 01:00:00+00:00,2.0,2.06,4.62,0.97,65.25
Paris,France,48.8566,2.3522,2026-07-20 01:00:00+00:00,2.0,1.84,4.03,1.96,73.37
Antananarivo,Madagascar,-18.8792,47.5079,2026-07-20 02:00:00+00:00,2.0,11.86,17.18,2.28,27.71
Buenos Aires,Argentina,-34.6037,-58.3816,2026-07-20 02:00:00+00:00,1.0,0.81,2.34,0.76,47.29
London,England,51.5074,-0.1278,2026-07-20 02:00:00+00:00,2.0,2.08,5.08,5.02,73.94
Madrid,Spain,40.4168,-3.7038,2026-07-20 02:00:00+00:00,2.0,2.06,4.57,1.01,62.09
Paris,France,48.8566,2.3522,2026-07-20 02:00:00+00:00,2.0,1.91,4.58,1.99,71.13
Antananarivo,Madagascar,-18.8792,47.5079,2026-07-20 03:00:00+00:00,2.0,11.92,17.47,2.37,28.71
Buenos Aires,Argentina,-34.6037,-58.3816,2026-07-20 03:00:00+00:00,1.0,0.84,2.49,0.8,45.28
London,England,51.5074,-0.1278,2026-07-20 03:00:00+00:00,2.0,1.94,5.09,4.99,70.28
Madrid,Spain,40.4168,-3.7038,2026-07-20 03:00:00+00:00,1.0,2.1,4.62,1.08,59.06
Paris,France,48.8566,2.3522,2026-07-20 03:00:00+00:00,2.0,1.93,5.0,2.04,69.11
Antananarivo,Madagascar,-18.8792,47.5079,2026-07-20 04:00:00+00:00,2.0,12.82,19.14,2.71,28.88
Buenos Aires,Argentina,-34.6037,-58.3816,2026-07-20 04:00:00+00:00,1.0,0.87,2.66,0.8,43.46
London,England,51.5074,-0.1278,2026-07-20 04:00:00+00:00,2.0,1.94,5.31,5.22,66.63
Madrid,Spain,40.4168,-3.7038,2026-07-20 04:00:00+00:00,1.0,2.13,4.69,1.18,55.67
Paris,France,48.8566,2.3522,2026-07-20 04:00:00+00:00,2.0,1.89,5.2,2.14,66.75
Antananarivo,Madagascar,-18.8792,47.5079,2026-07-20 05:00:00+00:00,2.0,14.08,21.28,2.42,30.4
Buenos Aires,Argentina,-34.6037,-58.3816,2026-07-20 05:00:00+00:00,1.0,0.92,2.87,0.77,42.62
London,England,51.5074,-0.1278,2026-07-20 05:00:00+00:00,2.0,2.03,5.65,5.54,64.01
Madrid,Spain,40.4168,-3.7038,2026-07-20 05:00:00+00:00,1.0,2.22,4.87,1.45,52.79
Paris,France,48.8566,2.3522,2026-07-20 05:00:00+00:00,2.0,1.87,5.4,2.54,64.75
Antananarivo,Madagascar,-18.8792,47.5079,2026-07-20 06:00:00+00:00,2.0,16.49,24.12,1.65,38.93
Buenos Aires,Argentina,-34.6037,-58.3816,2026-07-20 06:00:00+00:00,1.0,0.97,3.1,0.71,42.33
London,England,51.5074,-0.1278,2026-07-20 06:00:00+00:00,2.0,2.12,5.95,5.72,62.58
Madrid,Spain,40.4168,-3.7038,2026-07-20 06:00:00+00:00,1.0,2.35,5.14,1.89,50.14
Paris,France,48.8566,2.3522,2026-07-20 06:00:00+00:00,2.0,1.9,5.67,3.13,63.15
Antananarivo,Madagascar,-18.8792,47.5079,2026-07-20 07:00:00+00:00,1.0,6.69,11.03,0.33,50.72
Buenos Aires,Argentina,-34.6037,-58.3816,2026-07-20 07:00:00+00:00,1.0,1.02,3.24,0.65,41.86
London,England,51.5074,-0.1278,2026-07-20 07:00:00+00:00,2.0,2.18,6.15,5.25,62.56
Madrid,Spain,40.4168,-3.7038,2026-07-20 07:00:00+00:00,1.0,2.45,5.36,1.92,47.78
Paris,France,48.8566,2.3522,2026-07-20 07:00:00+00:00,2.0,2.0,6.09,3.12,62.33
Antananarivo,Madagascar,-18.8792,47.5079,2026-07-20 08:00:00+00:00,1.0,6.05,9.87,0.19,52.09
Buenos Aires,Argentina,-34.6037,-58.3816,2026-07-20 08:00:00+00:00,1.0,1.07,3.34,0.61,41.03
London,England,51.5074,-0.1278,2026-07-20 08:00:00+00:00,2.0,2.28,6.43,5.04,63.16
Madrid,Spain,40.4168,-3.7038,2026-07-20 08:00:00+00:00,1.0,2.55,5.6,1.6,48.97
Paris,France,48.8566,2.3522,2026-07-20 08:00:00+00:00,2.0,2.18,6.72,2.88,63.05
Antananarivo,Madagascar,-18.8792,47.5079,2026-07-20 09:00:00+00:00,1.0,6.05,9.7,0.15,52.39
Buenos Aires,Argentina,-34.6037,-58.3816,2026-07-20 09:00:00+00:00,1.0,1.13,3.44,0.6,40.37
London,England,51.5074,-0.1278,2026-07-20 09:00:00+00:00,2.0,2.44,6.81,4.94,64.96
Madrid,Spain,40.4168,-3.7038,2026-07-20 09:00:00+00:00,1.0,2.7,6.0,1.22,56.87
Paris,France,48.8566,2.3522,2026-07-20 09:00:00+00:00,2.0,2.55,7.61,2.56,66.42
Antananarivo,Madagascar,-18.8792,47.5079,2026-07-20 10:00:00+00:00,1.0,5.74,8.98,0.12,53.61
Buenos Aires,Argentina,-34.6037,-58.3816,2026-07-20 10:00:00+00:00,1.0,1.19,3.57,0.66,39.61
London,England,51.5074,-0.1278,2026-07-20 10:00:00+00:00,2.0,2.64,7.21,4.51,69.18
Madrid,Spain,40.4168,-3.7038,2026-07-20 10:00:00+00:00,2.0,2.93,7.44,0.4,90.61
Paris,France,48.8566,2.3522,2026-07-20 10:00:00+00:00,2.0,2.94,8.2,1.53,79.34
Antananarivo,Madagascar,-18.8792,47.5079,2026-07-20 11:00:00+00:00,1.0,5.72,8.64,0.12,53.58
Buenos Aires,Argentina,-34.6037,-58.3816,2026-07-20 11:00:00+00:00,1.0,1.25,3.73,0.81,38.64
London,England,51.5074,-0.1278,2026-07-20 11:00:00+00:00,2.0,2.98,7.76,3.87,75.66
Madrid,Spain,40.4168,-3.7038,2026-07-20 11:00:00+00:00,2.0,2.83,7.47,0.29,93.38
Paris,France,48.8566,2.3522,2026-07-20 11:00:00+00:00,2.0,3.31,8.43,0.88,87.21
Antananarivo,Madagascar,-18.8792,47.5079,2026-07-20 12:00:00+00:00,1.0,5.75,8.56,0.13,53.25
Buenos Aires,Argentina,-34.6037,-58.3816,2026-07-20 12:00:00+00:00,1.0,1.31,3.86,0.92,37.76
London,England,51.5074,-0.1278,2026-07-20 12:00:00+00:00,2.0,3.62,8.78,3.38,83.09
Madrid,Spain,40.4168,-3.7038,2026-07-20 12:00:00+00:00,2.0,2.8,7.5,0.26,93.7
Paris,France,48.8566,2.3522,2026-07-20 12:00:00+00:00,2.0,3.64,8.76,0.67,91.19
Antananarivo,Madagascar,-18.8792,47.5079,2026-07-20 13:00:00+00:00,1.0,6.23,9.22,0.27,51.2
Buenos Aires,Argentina,-34.6037,-58.3816,2026-07-20 13:00:00+00:00,1.0,1.34,3.96,0.86,37.09
London,England,51.5074,-0.1278,2026-07-20 13:00:00+00:00,2.0,4.48,10.17,3.96,88.43
Madrid,Spain,40.4168,-3.7038,2026-07-20 13:00:00+00:00,2.0,3.03,9.64,0.22,96.6
Paris,France,48.8566,2.3522,2026-07-20 13:00:00+00:00,2.0,3.6,8.37,0.57,95.02
Antananarivo,Madagascar,-18.8792,47.5079,2026-07-20 14:00:00+00:00,1.0,7.12,10.52,0.59,47.59
Buenos Aires,Argentina,-34.6037,-58.3816,2026-07-20 14:00:00+00:00,1.0,1.35,4.04,0.72,37.21
London,England,51.5074,-0.1278,2026-07-20 14:00:00+00:00,2.0,5.33,11.64,5.44,91.3
Madrid,Spain,40.4168,-3.7038,2026-07-20 14:00:00+00:00,2.0,3.02,10.08,0.2,97.89
Paris,France,48.8566,2.3522,2026-07-20 14:00:00+00:00,2.0,3.33,7.6,0.54,96.52
Antananarivo,Madagascar,-18.8792,47.5079,2026-07-20 15:00:00+00:00,1.0,7.95,11.82,1.06,43.78
Buenos Aires,Argentina,-34.6037,-58.3816,2026-07-20 15:00:00+00:00,1.0,1.34,4.08,0.58,39.1
London,England,51.5074,-0.1278,2026-07-20 15:00:00+00:00,2.0,6.03,13.01,7.16,93.76
Madrid,Spain,40.4168,-3.7038,2026-07-20 15:00:00+00:00,2.0,2.94,9.5,0.2,98.68
Paris,France,48.8566,2.3522,2026-07-20 15:00:00+00:00,2.0,3.22,7.22,0.59,97.26
Antananarivo,Madagascar,-18.8792,47.5079,2026-07-20 16:00:00+00:00,1.0,9.29,13.85,1.52,39.6
Buenos Aires,Argentina,-34.6037,-58.3816,2026-07-20 16:00:00+00:00,1.0,1.28,3.99,0.42,44.89
London,England,51.5074,-0.1278,2026-07-20 16:00:00+00:00,2.0,6.63,14.33,9.47,94.94
Madrid,Spain,40.4168,-3.7038,2026-07-20 16:00:00+00:00,3.0,2.87,8.84,0.22,100.2
Paris,France,48.8566,2.3522,2026-07-20 16:00:00+00:00,2.0,3.15,6.85,0.69,98.3
Antananarivo,Madagascar,-18.8792,47.5079,2026-07-20 17:00:00+00:00,2.0,11.56,17.13,2.1,36.44
Buenos Aires,Argentina,-34.6037,-58.3816,2026-07-20 17:00:00+00:00,1.0,1.27,3.95,0.36,47.26
London,England,51.5074,-0.1278,2026-07-20 17:00:00+00:00,2.0,7.02,15.15,11.88,93.59
Madrid,Spain,40.4168,-3.7038,2026-07-20 17:00:00+00:00,3.0,2.94,8.87,0.24,100.58
Paris,France,48.8566,2.3522,2026-07-20 17:00:00+00:00,2.0,3.1,6.46,0.82,97.62
Antananarivo,Madagascar,-18.8792,47.5079,2026-07-20 18:00:00+00:00,2.0,13.75,20.2,2.56,34.4
Buenos Aires,Argentina,-34.6037,-58.3816,2026-07-20 18:00:00+00:00,1.0,1.3,4.01,0.35,47.88
London,England,51.5074,-0.1278,2026-07-20 18:00:00+00:00,2.0,7.12,15.48,13.78,91.52
Madrid,Spain,40.4168,-3.7038,2026-07-20 18:00:00+00:00,3.0,3.2,9.88,0.27,100.41
Paris,France,48.8566,2.3522,2026-07-20 18:00:00+00:00,2.0,3.01,6.09,1.02,95.1
Antananarivo,Madagascar,-18.8792,47.5079,2026-07-20 19:00:00+00:00,2.0,15.7,22.83,2.92,32.71
Buenos Aires,Argentina,-34.6037,-58.3816,2026-07-20 19:00:00+00:00,1.0,1.3,3.98,0.42,48.79
London,England,51.5074,-0.1278,2026-07-20 19:00:00+00:00,2.0,6.93,15.3,14.78,90.61
Madrid,Spain,40.4168,-3.7038,2026-07-20 19:00:00+00:00,2.0,3.31,10.03,0.45,96.26
Paris,France,48.8566,2.3522,2026-07-20 19:00:00+00:00,2.0,2.91,5.77,1.38,90.42
Antananarivo,Madagascar,-18.8792,47.5079,2026-07-20 20:00:00+00:00,2.0,17.18,24.59,3.16,31.32
Buenos Aires,Argentina,-34.6037,-58.3816,2026-07-20 20:00:00+00:00,1.0,1.29,3.89,0.57,47.88
London,England,51.5074,-0.1278,2026-07-20 20:00:00+00:00,2.0,6.68,14.83,15.65,87.05
Madrid,Spain,40.4168,-3.7038,2026-07-20 20:00:00+00:00,2.0,3.2,9.18,0.68,90.18
Paris,France,48.8566,2.3522,2026-07-20 20:00:00+00:00,2.0,2.87,5.59,1.84,85.21
Antananarivo,Madagascar,-18.8792,47.5079,2026-07-20 21:00:00+00:00,2.0,17.45,24.5,3.14,30.02
Buenos Aires,Argentina,-34.6037,-58.3816,2026-07-20 21:00:00+00:00,1.0,1.29,3.86,0.77,46.69
London,England,51.5074,-0.1278,2026-07-20 21:00:00+00:00,2.0,6.27,14.06,14.25,84.12
Madrid,Spain,40.4168,-3.7038,2026-07-20 21:00:00+00:00,2.0,3.05,8.38,0.85,85.34
Paris,France,48.8566,2.3522,2026-07-20 21:00:00+00:00,2.0,2.79,5.41,2.15,80.72
Antananarivo,Madagascar,-18.8792,47.5079,2026-07-20 22:00:00+00:00,2.0,17.16,23.76,3.04,28.95
Buenos Aires,Argentina,-34.6037,-58.3816,2026-07-20 22:00:00+00:00,1.0,1.29,3.93,0.9,45.54
London,England,51.5074,-0.1278,2026-07-20 22:00:00+00:00,2.0,5.45,12.7,11.08,83.26
Madrid,Spain,40.4168,-3.7038,2026-07-20 22:00:00+00:00,2.0,2.88,7.64,1.01,78.81
Paris,France,48.8566,2.3522,2026-07-20 22:00:00+00:00,2.0,2.69,5.21,2.34,76.13
Antananarivo,Madagascar,-18.8792,47.5079,2026-07-20 23:00:00+00:00,2.0,17.14,23.55,3.01,28.98
Buenos Aires,Argentina,-34.6037,-58.3816,2026-07-20 23:00:00+00:00,1.0,1.31,4.06,0.95,45.08
London,England,51.5074,-0.1278,2026-07-20 23:00:00+00:00,2.0,4.73,11.48,9.27,81.04
Madrid,Spain,40.4168,-3.7038,2026-07-20 23:00:00+00:00,2.0,2.8,7.17,1.12,72.89
Paris,France,48.8566,2.3522,2026-07-20 23:00:00+00:00,2.0,2.69,5.27,2.43,73.62
Antananarivo,Madagascar,-18.8792,47.5079,2026-07-21 00:00:00+00:00,2.0,17.32,23.65,3.02,29.11
Buenos Aires,Argentina,-34.6037,-58.3816,2026-07-21 00:00:00+00:00,1.0,1.29,4.12,0.96,45.08
London,England,51.5074,-0.1278,2026-07-21 00:00:00+00:00,2.0,4.13,10.33,8.2,78.2
Madrid,Spain,40.4168,-3.7038,2026-07-21 00:00:00+00:00,2.0,2.7,6.77,1.17,68.08
Paris,France,48.8566,2.3522,2026-07-21 00:00:00+00:00,2.0,2.76,5.62,2.47,72.41
Antananarivo,Madagascar,-18.8792,47.5079,2026-07-21 01:00:00+00:00,2.0,17.41,23.68,3.01,29.34
Buenos Aires,Argentina,-34.6037,-58.3816,2026-07-21 01:00:00+00:00,1.0,1.22,3.9,0.91,44.97
London,England,51.5074,-0.1278,2026-07-21 01:00:00+00:00,2.0,3.67,9.28,7.49,75.92
Madrid,Spain,40.4168,-3.7038,2026-07-21 01:00:00+00:00,2.0,2.57,6.36,1.19,63.95
Paris,France,48.8566,2.3522,2026-07-21 01:00:00+00:00,2.0,2.83,6.16,2.54,71.1
Antananarivo,Madagascar,-18.8792,47.5079,2026-07-21 02:00:00+00:00,2.0,17.42,23.65,3.0,29.65
Buenos Aires,Argentina,-34.6037,-58.3816,2026-07-21 02:00:00+00:00,1.0,1.1,3.33,0.85,45.69
London,England,51.5074,-0.1278,2026-07-21 02:00:00+00:00,2.0,3.44,8.65,7.55,73.19
Madrid,Spain,40.4168,-3.7038,2026-07-21 02:00:00+00:00,2.0,2.46,6.02,1.21,60.96
Paris,France,48.8566,2.3522,2026-07-21 02:00:00+00:00,2.0,2.9,6.78,2.68,69.94
Antananarivo,Madagascar,-18.8792,47.5079,2026-07-21 03:00:00+00:00,2.0,17.63,23.94,3.04,29.99
Buenos Aires,Argentina,-34.6037,-58.3816,2026-07-21 03:00:00+00:00,1.0,0.96,2.57,0.74,46.43
London,England,51.5074,-0.1278,2026-07-21 03:00:00+00:00,2.0,3.38,8.4,7.97,70.69
Madrid,Spain,40.4168,-3.7038,2026-07-21 03:00:00+00:00,1.0,2.35,5.68,1.25,58.25
Paris,France,48.8566,2.3522,2026-07-21 03:00:00+00:00,2.0,2.92,7.36,2.86,67.98
Antananarivo,Madagascar,-18.8792,47.5079,2026-07-21 04:00:00+00:00,2.0,18.3,25.24,3.3,29.81
Buenos Aires,Argentina,-34.6037,-58.3816,2026-07-21 04:00:00+00:00,1.0,0.84,1.95,0.62,46.64
London,England,51.5074,-0.1278,2026-07-21 04:00:00+00:00,2.0,3.46,8.52,8.48,68.26
Madrid,Spain,40.4168,-3.7038,2026-07-21 04:00:00+00:00,1.0,2.2,5.25,1.33,55.08
Paris,France,48.8566,2.3522,2026-07-21 04:00:00+00:00,2.0,2.89,7.86,3.12,65.18
Antananarivo,Madagascar,-18.8792,47.5079,2026-07-21 05:00:00+00:00,2.0,19.05,26.73,2.89,31.09
Buenos Aires,Argentina,-34.6037,-58.3816,2026-07-21 05:00:00+00:00,1.0,0.77,1.61,0.53,46.18
London,England,51.5074,-0.1278,2026-07-21 05:00:00+00:00,2.0,3.62,8.89,8.86,66.53
Madrid,Spain,40.4168,-3.7038,2026-07-21 05:00:00+00:00,1.0,2.1,4.94,1.62,51.9
Paris,France,48.8566,2.3522,2026-07-21 05:00:00+00:00,2.0,2.89,8.36,3.74,62.02
Antananarivo,Madagascar,-18.8792,47.5079,2026-07-21 06:00:00+00:00,2.0,21.24,29.2,1.91,40.01
Buenos Aires,Argentina,-34.6037,-58.3816,2026-07-21 06:00:00+00:00,1.0,0.72,1.41,0.46,45.35
London,England,51.5074,-0.1278,2026-07-21 06:00:00+00:00,2.0,3.86,9.42,9.13,66.23
Madrid,Spain,40.4168,-3.7038,2026-07-21 06:00:00+00:00,1.0,2.09,4.84,2.18,48.63
Paris,France,48.8566,2.3522,2026-07-21 06:00:00+00:00,1.0,2.95,8.81,4.62,59.36
Antananarivo,Madagascar,-18.8792,47.5079,2026-07-21 07:00:00+00:00,1.0,9.57,14.22,0.42,49.5
Buenos Aires,Argentina,-34.6037,-58.3816,2026-07-21 07:00:00+00:00,1.0,0.68,1.25,0.42,44.24
London,England,51.5074,-0.1278,2026-07-21 07:00:00+00:00,2.0,4.2,10.05,9.18,65.77
Madrid,Spain,40.4168,-3.7038,2026-07-21 07:00:00+00:00,1.0,2.12,4.86,2.43,45.72
Paris,France,48.8566,2.3522,2026-07-21 07:00:00+00:00,1.0,3.04,9.11,4.53,57.72
Antananarivo,Madagascar,-18.8792,47.5079,2026-07-21 08:00:00+00:00,1.0,8.71,12.84,0.23,51.14
Buenos Aires,Argentina,-34.6037,-58.3816,2026-07-21 08:00:00+00:00,1.0,0.66,1.17,0.4,43.02
London,England,51.5074,-0.1278,2026-07-21 08:00:00+00:00,2.0,4.67,10.73,9.8,64.5
Madrid,Spain,40.4168,-3.7038,2026-07-21 08:00:00+00:00,1.0,2.16,4.94,2.1,45.72
Paris,France,48.8566,2.3522,2026-07-21 08:00:00+00:00,1.0,3.22,9.38,4.15,58.94
Antananarivo,Madagascar,-18.8792,47.5079,2026-07-21 09:00:00+00:00,1.0,8.25,12.14,0.17,51.35
Buenos Aires,Argentina,-34.6037,-58.3816,2026-07-21 09:00:00+00:00,1.0,0.66,1.15,0.39,41.75
London,England,51.5074,-0.1278,2026-07-21 09:00:00+00:00,2.0,5.23,11.49,10.21,64.47
Madrid,Spain,40.4168,-3.7038,2026-07-21 09:00:00+00:00,1.0,2.24,5.11,1.65,52.03
Paris,France,48.8566,2.3522,2026-07-21 09:00:00+00:00,2.0,3.63,9.87,3.6,64.43
Antananarivo,Madagascar,-18.8792,47.5079,2026-07-21 10:00:00+00:00,1.0,6.43,9.87,0.13,52.38
Buenos Aires,Argentina,-34.6037,-58.3816,2026-07-21 10:00:00+00:00,1.0,0.66,1.13,0.44,40.57
London,England,51.5074,-0.1278,2026-07-21 10:00:00+00:00,2.0,5.86,12.17,10.71,65.81
Madrid,Spain,40.4168,-3.7038,2026-07-21 10:00:00+00:00,2.0,2.4,6.89,0.51,90.92
Paris,France,48.8566,2.3522,2026-07-21 10:00:00+00:00,2.0,4.0,9.26,2.03,81.88
Antananarivo,Madagascar,-18.8792,47.5079,2026-07-21 11:00:00+00:00,1.0,5.81,9.04,0.12,51.61
Buenos Aires,Argentina,-34.6037,-58.3816,2026-07-21 11:00:00+00:00,1.0,0.66,1.1,0.56,39.39
London,England,51.5074,-0.1278,2026-07-21 11:00:00+00:00,2.0,6.71,12.83,11.47,69.07
Madrid,Spain,40.4168,-3.7038,2026-07-21 11:00:00+00:00,2.0,2.51,7.87,0.36,95.56
Paris,France,48.8566,2.3522,2026-07-21 11:00:00+00:00,2.0,4.28,8.7,1.13,93.14
Antananarivo,Madagascar,-18.8792,47.5079,2026-07-21 12:00:00+00:00,1.0,5.56,8.78,0.13,50.69
Buenos Aires,Argentina,-34.6037,-58.3816,2026-07-21 12:00:00+00:00,1.0,0.66,1.08,0.66,38.32
London,England,51.5074,-0.1278,2026-07-21 12:00:00+00:00,2.0,8.18,14.16,12.67,73.57
Madrid,Spain,40.4168,-3.7038,2026-07-21 12:00:00+00:00,2.0,2.74,8.89,0.31,96.73
Paris,France,48.8566,2.3522,2026-07-21 12:00:00+00:00,3.0,4.51,8.54,0.8,100.34
Antananarivo,Madagascar,-18.8792,47.5079,2026-07-21 13:00:00+00:00,1.0,5.86,9.3,0.26,48.22
Buenos Aires,Argentina,-34.6037,-58.3816,2026-07-21 13:00:00+00:00,1.0,0.67,1.14,0.7,37.61
London,England,51.5074,-0.1278,2026-07-21 13:00:00+00:00,2.0,10.16,16.15,14.28,78.83
Madrid,Spain,40.4168,-3.7038,2026-07-21 13:00:00+00:00,2.0,6.79,33.5,0.22,97.82
Paris,France,48.8566,2.3522,2026-07-21 13:00:00+00:00,3.0,4.6,8.47,0.67,106.43
Antananarivo,Madagascar,-18.8792,47.5079,2026-07-21 14:00:00+00:00,1.0,6.65,10.52,0.58,44.36
Buenos Aires,Argentina,-34.6037,-58.3816,2026-07-21 14:00:00+00:00,1.0,0.71,1.27,0.68,37.46
London,England,51.5074,-0.1278,2026-07-21 14:00:00+00:00,2.0,12.01,18.09,16.01,82.8
Madrid,Spain,40.4168,-3.7038,2026-07-21 14:00:00+00:00,3.0,10.28,52.62,0.18,96.56
Paris,France,48.8566,2.3522,2026-07-21 14:00:00+00:00,3.0,4.63,8.48,0.64,109.31
Antananarivo,Madagascar,-18.8792,47.5079,2026-07-21 15:00:00+00:00,1.0,7.41,11.78,1.05,40.61
Buenos Aires,Argentina,-34.6037,-58.3816,2026-07-21 15:00:00+00:00,1.0,0.74,1.4,0.64,37.88
London,England,51.5074,-0.1278,2026-07-21 15:00:00+00:00,2.0,13.43,19.7,17.87,85.89
Madrid,Spain,40.4168,-3.7038,2026-07-21 15:00:00+00:00,3.0,11.54,58.5,0.18,96.37
Paris,France,48.8566,2.3522,2026-07-21 15:00:00+00:00,3.0,4.63,8.53,0.7,111.49
Antananarivo,Madagascar,-18.8792,47.5079,2026-07-21 16:00:00+00:00,1.0,8.71,13.71,1.51,36.28
Buenos Aires,Argentina,-34.6037,-58.3816,2026-07-21 16:00:00+00:00,1.0,0.76,1.55,0.56,40.15
London,England,51.5074,-0.1278,2026-07-21 16:00:00+00:00,2.0,14.4,21.04,18.48,92.05
Madrid,Spain,40.4168,-3.7038,2026-07-21 16:00:00+00:00,3.0,11.44,56.83,0.21,98.18
Paris,France,48.8566,2.3522,2026-07-21 16:00:00+00:00,3.0,4.61,8.68,0.8,114.13
Antananarivo,Madagascar,-18.8792,47.5079,2026-07-21 17:00:00+00:00,2.0,10.82,16.66,2.03,32.4
Buenos Aires,Argentina,-34.6037,-58.3816,2026-07-21 17:00:00+00:00,1.0,0.79,1.73,0.54,41.71
London,England,51.5074,-0.1278,2026-07-21 17:00:00+00:00,2.0,15.15,22.16,19.47,95.68
Madrid,Spain,40.4168,-3.7038,2026-07-21 17:00:00+00:00,3.0,10.47,50.54,0.24,99.48
Paris,France,48.8566,2.3522,2026-07-21 17:00:00+00:00,3.0,4.72,9.1,0.92,115.86
Antananarivo,Madagascar,-18.8792,47.5079,2026-07-21 18:00:00+00:00,2.0,12.8,19.27,2.42,29.57
Buenos Aires,Argentina,-34.6037,-58.3816,2026-07-21 18:00:00+00:00,1.0,0.81,1.91,0.58,42.9
London,England,51.5074,-0.1278,2026-07-21 18:00:00+00:00,2.0,15.55,22.87,20.28,98.91
Madrid,Spain,40.4168,-3.7038,2026-07-21 18:00:00+00:00,3.0,9.76,46.01,0.29,100.4
Paris,France,48.8566,2.3522,2026-07-21 18:00:00+00:00,3.0,4.85,9.57,1.11,116.23
Antananarivo,Madagascar,-18.8792,47.5079,2026-07-21 19:00:00+00:00,2.0,14.36,21.02,2.69,27.33
Buenos Aires,Argentina,-34.6037,-58.3816,2026-07-21 19:00:00+00:00,1.0,0.82,2.07,0.66,44.46
London,England,51.5074,-0.1278,2026-07-21 19:00:00+00:00,3.0,16.02,23.56,21.56,100.29
Madrid,Spain,40.4168,-3.7038,2026-07-21 19:00:00+00:00,2.0,8.94,39.14,0.53,95.01
Paris,France,48.8566,2.3522,2026-07-21 19:00:00+00:00,3.0,5.03,10.1,1.58,113.26
Antananarivo,Madagascar,-18.8792,47.5079,2026-07-21 20:00:00+00:00,2.0,15.26,21.89,2.86,25.91
Buenos Aires,Argentina,-34.6037,-58.3816,2026-07-21 20:00:00+00:00,1.0,0.84,2.21,0.81,44.26
London,England,51.5074,-0.1278,2026-07-21 20:00:00+00:00,2.0,16.53,24.16,22.39,99.19
Madrid,Spain,40.4168,-3.7038,2026-07-21 20:00:00+00:00,2.0,8.04,31.8,0.86,86.21
Paris,France,48.8566,2.3522,2026-07-21 20:00:00+00:00,3.0,5.34,10.73,2.25,107.76
Antananarivo,Madagascar,-18.8792,47.5079,2026-07-21 21:00:00+00:00,2.0,14.97,21.09,2.79,24.81
Buenos Aires,Argentina,-34.6037,-58.3816,2026-07-21 21:00:00+00:00,1.0,0.86,2.34,0.96,44.08
London,England,51.5074,-0.1278,2026-07-21 21:00:00+00:00,2.0,16.73,24.23,21.01,97.94
Madrid,Spain,40.4168,-3.7038,2026-07-21 21:00:00+00:00,2.0,7.36,26.7,1.11,79.51
Paris,France,48.8566,2.3522,2026-07-21 21:00:00+00:00,3.0,5.7,11.35,2.87,102.13
Antananarivo,Madagascar,-18.8792,47.5079,2026-07-21 22:00:00+00:00,2.0,14.17,19.69,2.61,24.0
Buenos Aires,Argentina,-34.6037,-58.3816,2026-07-21 22:00:00+00:00,1.0,0.87,2.47,1.0,44.35
London,England,51.5074,-0.1278,2026-07-21 22:00:00+00:00,2.0,16.52,23.71,20.44,96.29
Madrid,Spain,40.4168,-3.7038,2026-07-21 22:00:00+00:00,2.0,6.84,23.35,1.25,73.57
Paris,France,48.8566,2.3522,2026-07-21 22:00:00+00:00,2.0,6.02,11.76,3.35,95.54
Antananarivo,Madagascar,-18.8792,47.5079,2026-07-21 23:00:00+00:00,2.0,13.65,18.84,2.47,23.91
Buenos Aires,Argentina,-34.6037,-58.3816,2026-07-21 23:00:00+00:00,1.0,0.88,2.6,0.97,45.09
London,England,51.5074,-0.1278,2026-07-21 23:00:00+00:00,2.0,16.08,23.03,20.69,93.05
Madrid,Spain,40.4168,-3.7038,2026-07-21 23:00:00+00:00,2.0,6.6,21.61,1.3,70.06
Paris,France,48.8566,2.3522,2026-07-21 23:00:00+00:00,2.0,6.41,12.18,3.65,90.0
Antananarivo,Madagascar,-18.8792,47.5079,2026-07-22 00:00:00+00:00,2.0,11.56,16.39,2.25,25.56
Buenos Aires,Argentina,-34.6037,-58.3816,2026-07-22 00:00:00+00:00,1.0,0.89,2.72,0.89,46.22
London,England,51.5074,-0.1278,2026-07-22 00:00:00+00:00,2.0,15.47,22.17,20.69,89.58
Madrid,Spain,40.4168,-3.7038,2026-07-22 00:00:00+00:00,2.0,5.38,15.46,1.29,70.95
Paris,France,48.8566,2.3522,2026-07-22 00:00:00+00:00,2.0,5.79,10.49,4.2,81.29
Antananarivo,Madagascar,-18.8792,47.5079,2026-07-22 01:00:00+00:00,2.0,10.91,15.57,2.06,27.02
Buenos Aires,Argentina,-34.6037,-58.3816,2026-07-22 01:00:00+00:00,1.0,0.89,2.83,0.81,47.36
London,England,51.5074,-0.1278,2026-07-22 01:00:00+00:00,2.0,14.78,21.2,20.26,86.61
Madrid,Spain,40.4168,-3.7038,2026-07-22 01:00:00+00:00,2.0,5.26,14.71,1.24,69.01
Paris,France,48.8566,2.3522,2026-07-22 01:00:00+00:00,2.0,5.6,9.94,4.14,76.25
Antananarivo,Madagascar,-18.8792,47.5079,2026-07-22 02:00:00+00:00,2.0,10.73,15.26,1.96,26.43
Buenos Aires,Argentina,-34.6037,-58.3816,2026-07-22 02:00:00+00:00,1.0,0.95,3.07,0.85,46.59
London,England,51.5074,-0.1278,2026-07-22 02:00:00+00:00,2.0,14.33,20.4,19.8,84.45
Madrid,Spain,40.4168,-3.7038,2026-07-22 02:00:00+00:00,2.0,5.24,14.32,1.24,66.16
Paris,France,48.8566,2.3522,2026-07-22 02:00:00+00:00,2.0,5.38,9.38,4.06,72.96
Antananarivo,Madagascar,-18.8792,47.5079,2026-07-22 03:00:00+00:00,2.0,11.04,15.54,1.96,25.16
Buenos Aires,Argentina,-34.6037,-58.3816,2026-07-22 03:00:00+00:00,1.0,1.0,3.32,0.89,45.64
London,England,51.5074,-0.1278,2026-07-22 03:00:00+00:00,2.0,14.17,19.92,19.55,82.29
Madrid,Spain,40.4168,-3.7038,2026-07-22 03:00:00+00:00,2.0,5.27,14.25,1.31,61.8
Paris,France,48.8566,2.3522,2026-07-22 03:00:00+00:00,2.0,5.05,8.77,4.0,70.64
Antananarivo,Madagascar,-18.8792,47.5079,2026-07-22 04:00:00+00:00,2.0,11.82,16.67,2.15,23.81
Buenos Aires,Argentina,-34.6037,-58.3816,2026-07-22 04:00:00+00:00,1.0,1.05,3.48,0.91,44.59
London,England,51.5074,-0.1278,2026-07-22 04:00:00+00:00,2.0,12.4,17.13,13.5,90.52
Madrid,Spain,40.4168,-3.7038,2026-07-22 04:00:00+00:00,1.0,5.29,14.23,1.49,56.5
Paris,France,48.8566,2.3522,2026-07-22 04:00:00+00:00,2.0,4.56,8.0,3.94,68.46
Antananarivo,Madagascar,-18.8792,47.5079,2026-07-22 05:00:00+00:00,2.0,12.49,17.76,1.86,24.84
Buenos Aires,Argentina,-34.6037,-58.3816,2026-07-22 05:00:00+00:00,1.0,1.09,3.61,0.93,43.88
London,England,51.5074,-0.1278,2026-07-22 05:00:00+00:00,2.0,11.92,16.21,12.03,91.7
Madrid,Spain,40.4168,-3.7038,2026-07-22 05:00:00+00:00,1.0,5.29,13.96,1.89,52.2
Paris,France,48.8566,2.3522,2026-07-22 05:00:00+00:00,2.0,4.12,7.34,4.38,65.3
Antananarivo,Madagascar,-18.8792,47.5079,2026-07-22 06:00:00+00:00,2.0,12.9,18.25,1.29,30.92
Buenos Aires,Argentina,-34.6037,-58.3816,2026-07-22 06:00:00+00:00,1.0,1.11,3.67,0.93,43.34
London,England,51.5074,-0.1278,2026-07-22 06:00:00+00:00,2.0,11.94,16.03,12.69,90.04
Madrid,Spain,40.4168,-3.7038,2026-07-22 06:00:00+00:00,1.0,5.24,13.41,2.5,49.55
Paris,France,48.8566,2.3522,2026-07-22 06:00:00+00:00,2.0,3.78,6.82,5.16,62.23
Antananarivo,Madagascar,-18.8792,47.5079,2026-07-22 07:00:00+00:00,1.0,7.0,10.39,0.41,42.27
Buenos Aires,Argentina,-34.6037,-58.3816,2026-07-22 07:00:00+00:00,1.0,1.12,3.65,0.9,42.76
London,England,51.5074,-0.1278,2026-07-22 07:00:00+00:00,2.0,11.63,15.61,12.97,88.45
Madrid,Spain,40.4168,-3.7038,2026-07-22 07:00:00+00:00,1.0,5.08,12.96,2.65,49.4
Paris,France,48.8566,2.3522,2026-07-22 07:00:00+00:00,2.0,3.53,6.47,5.04,60.71
Antananarivo,Madagascar,-18.8792,47.5079,2026-07-22 08:00:00+00:00,1.0,5.82,8.46,0.22,45.06
Buenos Aires,Argentina,-34.6037,-58.3816,2026-07-22 08:00:00+00:00,1.0,1.14,3.67,0.87,42.93
London,England,51.5074,-0.1278,2026-07-22 08:00:00+00:00,2.0,11.59,15.61,13.87,86.3
Madrid,Spain,40.4168,-3.7038,2026-07-22 08:00:00+00:00,1.0,4.91,12.35,2.23,52.19
Paris,France,48.8566,2.3522,2026-07-22 08:00:00+00:00,2.0,3.46,6.34,4.73,61.74
Antananarivo,Madagascar,-18.8792,47.5079,2026-07-22 09:00:00+00:00,1.0,5.75,8.12,0.17,45.97
Buenos Aires,Argentina,-34.6037,-58.3816,2026-07-22 09:00:00+00:00,1.0,1.16,3.73,0.84,43.65
London,England,51.5074,-0.1278,2026-07-22 09:00:00+00:00,2.0,12.1,16.18,14.4,84.95
Madrid,Spain,40.4168,-3.7038,2026-07-22 09:00:00+00:00,1.0,4.74,11.85,1.65,59.45
Paris,France,48.8566,2.3522,2026-07-22 09:00:00+00:00,2.0,3.79,6.65,4.32,67.04
Antananarivo,Madagascar,-18.8792,47.5079,2026-07-22 10:00:00+00:00,1.0,4.72,6.44,0.15,53.83
Buenos Aires,Argentina,-34.6037,-58.3816,2026-07-22 10:00:00+00:00,1.0,1.17,3.82,0.85,44.35
London,England,51.5074,-0.1278,2026-07-22 10:00:00+00:00,2.0,12.96,17.05,14.32,85.4
Madrid,Spain,40.4168,-3.7038,2026-07-22 10:00:00+00:00,3.0,4.39,14.5,0.5,100.23
Paris,France,48.8566,2.3522,2026-07-22 10:00:00+00:00,2.0,4.1,6.86,2.1,89.05
Antananarivo,Madagascar,-18.8792,47.5079,2026-07-22 11:00:00+00:00,1.0,4.32,5.69,0.15,58.7
Buenos Aires,Argentina,-34.6037,-58.3816,2026-07-22 11:00:00+00:00,1.0,1.2,3.87,0.95,44.73
London,England,51.5074,-0.1278,2026-07-22 11:00:00+00:00,2.0,14.08,18.2,13.86,87.82
Madrid,Spain,40.4168,-3.7038,2026-07-22 11:00:00+00:00,3.0,4.82,17.88,0.36,104.63
Paris,France,48.8566,2.3522,2026-07-22 11:00:00+00:00,2.0,4.56,7.01,1.07,98.45
Antananarivo,Madagascar,-18.8792,47.5079,2026-07-22 12:00:00+00:00,1.0,4.51,5.83,0.18,59.83
Buenos Aires,Argentina,-34.6037,-58.3816,2026-07-22 12:00:00+00:00,1.0,1.22,3.91,1.04,44.75
London,England,51.5074,-0.1278,2026-07-22 12:00:00+00:00,2.0,15.31,19.52,13.21,92.28
Madrid,Spain,40.4168,-3.7038,2026-07-22 12:00:00+00:00,3.0,5.5,21.77,0.31,104.74
Paris,France,48.8566,2.3522,2026-07-22 12:00:00+00:00,3.0,5.04,7.24,0.77,102.25
Antananarivo,Madagascar,-18.8792,47.5079,2026-07-22 13:00:00+00:00,1.0,5.19,6.73,0.34,57.62
Buenos Aires,Argentina,-34.6037,-58.3816,2026-07-22 13:00:00+00:00,1.0,1.24,4.01,0.97,44.44
London,England,51.5074,-0.1278,2026-07-22 13:00:00+00:00,2.0,16.52,20.84,13.6,96.81
Madrid,Spain,40.4168,-3.7038,2026-07-22 13:00:00+00:00,3.0,10.57,50.12,0.23,103.59
Paris,France,48.8566,2.3522,2026-07-22 13:00:00+00:00,3.0,5.15,7.09,0.65,104.5
Antananarivo,Madagascar,-18.8792,47.5079,2026-07-22 14:00:00+00:00,1.0,6.36,8.36,0.78,52.59
Buenos Aires,Argentina,-34.6037,-58.3816,2026-07-22 14:00:00+00:00,1.0,1.25,4.13,0.76,44.65
London,England,51.5074,-0.1278,2026-07-22 14:00:00+00:00,3.0,17.19,21.63,14.08,101.32
Madrid,Spain,40.4168,-3.7038,2026-07-22 14:00:00+00:00,3.0,13.23,64.42,0.2,101.21
Paris,France,48.8566,2.3522,2026-07-22 14:00:00+00:00,3.0,4.95,6.62,0.63,104.23
Antananarivo,Madagascar,-18.8792,47.5079,2026-07-22 15:00:00+00:00,1.0,7.47,10.02,1.4,47.28
Buenos Aires,Argentina,-34.6037,-58.3816,2026-07-22 15:00:00+00:00,1.0,1.23,4.14,0.57,46.14
London,England,51.5074,-0.1278,2026-07-22 15:00:00+00:00,3.0,17.25,21.71,14.19,105.75
Madrid,Spain,40.4168,-3.7038,2026-07-22 15:00:00+00:00,3.0,13.33,65.0,0.21,100.22
Paris,France,48.8566,2.3522,2026-07-22 15:00:00+00:00,3.0,4.77,6.31,0.7,104.5
Antananarivo,Madagascar,-18.8792,47.5079,2026-07-22 16:00:00+00:00,1.0,8.6,11.77,1.79,42.52
Buenos Aires,Argentina,-34.6037,-58.3816,2026-07-22 16:00:00+00:00,1.0,1.12,3.82,0.4,52.1
London,England,51.5074,-0.1278,2026-07-22 16:00:00+00:00,3.0,16.61,20.92,13.36,109.22
Madrid,Spain,40.4168,-3.7038,2026-07-22 16:00:00+00:00,3.0,12.89,62.45,0.23,100.81
Paris,France,48.8566,2.3522,2026-07-22 16:00:00+00:00,3.0,4.56,6.05,0.82,105.5
Antananarivo,Madagascar,-18.8792,47.5079,2026-07-22 17:00:00+00:00,1.0,9.61,13.19,2.0,39.52
Buenos Aires,Argentina,-34.6037,-58.3816,2026-07-22 17:00:00+00:00,1.0,1.08,3.67,0.34,54.2
London,England,51.5074,-0.1278,2026-07-22 17:00:00+00:00,3.0,16.24,20.53,13.35,109.7
Madrid,Spain,40.4168,-3.7038,2026-07-22 17:00:00+00:00,3.0,11.89,56.87,0.27,100.99
Paris,France,48.8566,2.3522,2026-07-22 17:00:00+00:00,3.0,4.34,5.83,0.95,105.39
Antananarivo,Madagascar,-18.8792,47.5079,2026-07-22 18:00:00+00:00,2.0,10.17,13.86,2.06,37.25
Buenos Aires,Argentina,-34.6037,-58.3816,2026-07-22 18:00:00+00:00,1.0,1.12,3.72,0.33,54.56
London,England,51.5074,-0.1278,2026-07-22 18:00:00+00:00,3.0,15.87,19.96,14.04,108.77
Madrid,Spain,40.4168,-3.7038,2026-07-22 18:00:00+00:00,3.0,11.18,52.46,0.32,100.41
Paris,France,48.8566,2.3522,2026-07-22 18:00:00+00:00,3.0,4.13,5.68,1.17,104.78
Antananarivo,Madagascar,-18.8792,47.5079,2026-07-22 19:00:00+00:00,2.0,10.19,13.84,2.05,34.52
Buenos Aires,Argentina,-34.6037,-58.3816,2026-07-22 19:00:00+00:00,1.0,1.15,3.67,0.4,53.57
London,England,51.5074,-0.1278,2026-07-22 19:00:00+00:00,3.0,15.55,19.4,15.42,106.77
Madrid,Spain,40.4168,-3.7038,2026-07-22 19:00:00+00:00,2.0,10.37,45.72,0.52,95.74
Paris,France,48.8566,2.3522,2026-07-22 19:00:00+00:00,3.0,3.91,5.53,1.66,101.72
Antananarivo,Madagascar,-18.8792,47.5079,2026-07-22 20:00:00+00:00,1.0,9.87,13.47,1.99,32.34
Buenos Aires,Argentina,-34.6037,-58.3816,2026-07-22 20:00:00+00:00,1.0,1.18,3.6,0.65,50.39
London,England,51.5074,-0.1278,2026-07-22 20:00:00+00:00,3.0,15.13,18.77,16.14,103.23
Madrid,Spain,40.4168,-3.7038,2026-07-22 20:00:00+00:00,2.0,9.56,39.06,0.76,89.06
Paris,France,48.8566,2.3522,2026-07-22 20:00:00+00:00,2.0,3.69,5.39,2.29,96.46
Antananarivo,Madagascar,-18.8792,47.5079,2026-07-22 21:00:00+00:00,1.0,8.71,11.8,1.75,31.26
Buenos Aires,Argentina,-34.6037,-58.3816,2026-07-22 21:00:00+00:00,1.0,1.18,3.54,1.07,47.65
London,England,51.5074,-0.1278,2026-07-22 21:00:00+00:00,2.0,14.85,18.3,15.55,99.7
Madrid,Spain,40.4168,-3.7038,2026-07-22 21:00:00+00:00,2.0,8.89,34.33,0.93,84.02
Paris,France,48.8566,2.3522,2026-07-22 21:00:00+00:00,2.0,3.44,5.19,2.69,91.36
Antananarivo,Madagascar,-18.8792,47.5079,2026-07-22 22:00:00+00:00,1.0,7.16,8.87,1.43,31.36
Buenos Aires,Argentina,-34.6037,-58.3816,2026-07-22 22:00:00+00:00,1.0,1.16,3.46,1.32,45.67
London,England,51.5074,-0.1278,2026-07-22 22:00:00+00:00,2.0,14.62,17.91,15.12,97.19
Madrid,Spain,40.4168,-3.7038,2026-07-22 22:00:00+00:00,2.0,8.21,30.24,1.03,78.57
Paris,France,48.8566,2.3522,2026-07-22 22:00:00+00:00,2.0,3.16,4.91,2.82,85.8
Antananarivo,Madagascar,-18.8792,47.5079,2026-07-22 23:00:00+00:00,1.0,6.12,7.14,1.21,31.06
Buenos Aires,Argentina,-34.6037,-58.3816,2026-07-22 23:00:00+00:00,1.0,1.14,3.4,1.4,44.79
London,England,51.5074,-0.1278,2026-07-22 23:00:00+00:00,2.0,14.57,17.81,14.92,95.23
Madrid,Spain,40.4168,-3.7038,2026-07-22 23:00:00+00:00,2.0,7.7,26.97,1.05,74.52
Paris,France,48.8566,2.3522,2026-07-22 23:00:00+00:00,2.0,2.94,4.72,2.69,82.65
Antananarivo,Madagascar,-18.8792,47.5079,2026-07-23 00:00:00+00:00,1.0,5.19,5.95,1.02,31.22
Buenos Aires,Argentina,-34.6037,-58.3816,2026-07-23 00:00:00+00:00,1.0,1.12,3.35,1.4,44.25
London,England,51.5074,-0.1278,2026-07-23 00:00:00+00:00,2.0,14.73,18.01,14.5,94.36
Madrid,Spain,40.4168,-3.7038,2026-07-23 00:00:00+00:00,2.0,7.16,23.87,1.01,71.28
Paris,France,48.8566,2.3522,2026-07-23 00:00:00+00:00,2.0,2.74,4.56,2.44,80.82
Antananarivo,Madagascar,-18.8792,47.5079,2026-07-23 01:00:00+00:00,1.0,4.4,5.1,0.87,31.62
Buenos Aires,Argentina,-34.6037,-58.3816,2026-07-23 01:00:00+00:00,1.0,1.07,3.26,1.36,43.53
London,England,51.5074,-0.1278,2026-07-23 01:00:00+00:00,2.0,14.7,18.06,13.71,93.99
Madrid,Spain,40.4168,-3.7038,2026-07-23 01:00:00+00:00,2.0,6.5,20.67,0.99,67.61
Paris,France,48.8566,2.3522,2026-07-23 01:00:00+00:00,2.0,2.53,4.41,2.21,78.65
Antananarivo,Madagascar,-18.8792,47.5079,2026-07-23 02:00:00+00:00,1.0,3.89,4.65,0.78,31.85
Buenos Aires,Argentina,-34.6037,-58.3816,2026-07-23 02:00:00+00:00,1.0,1.05,3.28,1.33,43.3
London,England,51.5074,-0.1278,2026-07-23 02:00:00+00:00,2.0,14.09,17.51,12.27,93.46
Madrid,Spain,40.4168,-3.7038,2026-07-23 02:00:00+00:00,2.0,5.94,18.02,1.01,64.54
Paris,France,48.8566,2.3522,2026-07-23 02:00:00+00:00,2.0,2.37,4.29,2.14,77.11
Antananarivo,Madagascar,-18.8792,47.5079,2026-07-23 03:00:00+00:00,1.0,3.61,4.53,0.76,31.91
Buenos Aires,Argentina,-34.6037,-58.3816,2026-07-23 03:00:00+00:00,1.0,1.04,3.36,1.24,43.58
London,England,51.5074,-0.1278,2026-07-23 03:00:00+00:00,2.0,12.54,16.04,10.23,92.46
Madrid,Spain,40.4168,-3.7038,2026-07-23 03:00:00+00:00,2.0,5.46,15.78,1.08,61.73
Paris,France,48.8566,2.3522,2026-07-23 03:00:00+00:00,2.0,2.27,4.22,2.29,74.94
Antananarivo,Madagascar,-18.8792,47.5079,2026-07-23 04:00:00+00:00,1.0,3.16,4.65,0.75,34.23
Buenos Aires,Argentina,-34.6037,-58.3816,2026-07-23 04:00:00+00:00,1.0,1.05,3.43,1.1,43.34
London,England,51.5074,-0.1278,2026-07-23 04:00:00+00:00,2.0,10.54,14.08,8.24,89.96
Madrid,Spain,40.4168,-3.7038,2026-07-23 04:00:00+00:00,1.0,4.94,13.57,1.2,58.74
Paris,France,48.8566,2.3522,2026-07-23 04:00:00+00:00,2.0,2.2,4.23,2.65,71.38
Antananarivo,Madagascar,-18.8792,47.5079,2026-07-23 05:00:00+00:00,1.0,3.22,5.24,0.76,35.63
Buenos Aires,Argentina,-34.6037,-58.3816,2026-07-23 05:00:00+00:00,1.0,1.08,3.46,0.99,42.35
London,England,51.5074,-0.1278,2026-07-23 05:00:00+00:00,2.0,8.87,12.48,7.94,85.4
Madrid,Spain,40.4168,-3.7038,2026-07-23 05:00:00+00:00,1.0,4.48,11.62,1.55,56.0
Paris,France,48.8566,2.3522,2026-07-23 05:00:00+00:00,2.0,2.19,4.39,3.39,68.02
Antananarivo,Madagascar,-18.8792,47.5079,2026-07-23 06:00:00+00:00,1.0,3.64,6.06,0.61,38.7
Buenos Aires,Argentina,-34.6037,-58.3816,2026-07-23 06:00:00+00:00,1.0,1.11,3.42,0.89,41.41
London,England,51.5074,-0.1278,2026-07-23 06:00:00+00:00,2.0,7.62,11.22,8.4,81.24
Madrid,Spain,40.4168,-3.7038,2026-07-23 06:00:00+00:00,1.0,4.08,9.96,2.2,52.86
Paris,France,48.8566,2.3522,2026-07-23 06:00:00+00:00,2.0,2.21,4.54,4.2,65.86
Antananarivo,Madagascar,-18.8792,47.5079,2026-07-23 07:00:00+00:00,1.0,2.73,4.3,0.25,51.57
Buenos Aires,Argentina,-34.6037,-58.3816,2026-07-23 07:00:00+00:00,1.0,1.13,3.24,0.79,40.44
London,England,51.5074,-0.1278,2026-07-23 07:00:00+00:00,2.0,6.69,10.2,8.99,77.78
Madrid,Spain,40.4168,-3.7038,2026-07-23 07:00:00+00:00,1.0,3.71,8.56,2.39,50.16
Paris,France,48.8566,2.3522,2026-07-23 07:00:00+00:00,2.0,2.14,4.44,3.82,66.77
Antananarivo,Madagascar,-18.8792,47.5079,2026-07-23 08:00:00+00:00,1.0,2.96,4.37,0.16,55.87
Buenos Aires,Argentina,-34.6037,-58.3816,2026-07-23 08:00:00+00:00,1.0,1.16,3.12,0.73,40.0
London,England,51.5074,-0.1278,2026-07-23 08:00:00+00:00,2.0,6.19,9.6,9.86,74.63
Madrid,Spain,40.4168,-3.7038,2026-07-23 08:00:00+00:00,1.0,3.35,7.37,1.94,52.09
Paris,France,48.8566,2.3522,2026-07-23 08:00:00+00:00,2.0,2.16,4.47,3.26,68.87
Antananarivo,Madagascar,-18.8792,47.5079,2026-07-23 09:00:00+00:00,1.0,3.33,4.66,0.16,58.13
Buenos Aires,Argentina,-34.6037,-58.3816,2026-07-23 09:00:00+00:00,1.0,1.19,3.04,0.74,39.66
London,England,51.5074,-0.1278,2026-07-23 09:00:00+00:00,2.0,6.12,9.4,10.76,72.89
Madrid,Spain,40.4168,-3.7038,2026-07-23 09:00:00+00:00,2.0,3.04,6.41,1.36,62.17
Paris,France,48.8566,2.3522,2026-07-23 09:00:00+00:00,2.0,2.5,4.92,2.8,73.28
Antananarivo,Madagascar,-18.8792,47.5079,2026-07-23 10:00:00+00:00,2.0,4.02,5.24,0.19,62.69
Buenos Aires,Argentina,-34.6037,-58.3816,2026-07-23 10:00:00+00:00,1.0,1.25,3.06,0.96,38.98
London,England,51.5074,-0.1278,2026-07-23 10:00:00+00:00,2.0,6.39,9.57,12.17,72.1
Madrid,Spain,40.4168,-3.7038,2026-07-23 10:00:00+00:00,2.0,3.58,10.09,0.42,97.76
Paris,France,48.8566,2.3522,2026-07-23 10:00:00+00:00,2.0,2.58,4.58,1.73,82.29
Antananarivo,Madagascar,-18.8792,47.5079,2026-07-23 11:00:00+00:00,2.0,4.62,5.77,0.23,65.42
Buenos Aires,Argentina,-34.6037,-58.3816,2026-07-23 11:00:00+00:00,1.0,1.36,3.3,1.61,37.66
London,England,51.5074,-0.1278,2026-07-23 11:00:00+00:00,2.0,7.06,10.18,13.82,70.84
Madrid,Spain,40.4168,-3.7038,2026-07-23 11:00:00+00:00,3.0,4.21,13.41,0.32,101.01
Paris,France,48.8566,2.3522,2026-07-23 11:00:00+00:00,2.0,2.83,4.51,1.0,87.95
Antananarivo,Madagascar,-18.8792,47.5079,2026-07-23 12:00:00+00:00,2.0,5.1,6.21,0.28,66.95
Buenos Aires,Argentina,-34.6037,-58.3816,2026-07-23 12:00:00+00:00,1.0,1.57,3.83,2.94,36.35
London,England,51.5074,-0.1278,2026-07-23 12:00:00+00:00,2.0,8.21,11.25,15.03,70.61
Madrid,Spain,40.4168,-3.7038,2026-07-23 12:00:00+00:00,3.0,4.5,15.06,0.3,101.46
Paris,France,48.8566,2.3522,2026-07-23 12:00:00+00:00,2.0,3.32,5.02,0.74,91.68
Antananarivo,Madagascar,-18.8792,47.5079,2026-07-23 13:00:00+00:00,2.0,6.02,7.41,0.5,65.04
Buenos Aires,Argentina,-34.6037,-58.3816,2026-07-23 13:00:00+00:00,1.0,1.88,4.64,4.66,36.0
London,England,51.5074,-0.1278,2026-07-23 13:00:00+00:00,2.0,9.3,12.25,18.1,68.39
Madrid,Spain,40.4168,-3.7038,2026-07-23 13:00:00+00:00,2.0,6.58,24.19,0.28,99.24
Paris,France,48.8566,2.3522,2026-07-23 13:00:00+00:00,2.0,3.72,5.49,0.64,96.02
Antananarivo,Madagascar,-18.8792,47.5079,2026-07-23 14:00:00+00:00,1.0,7.43,9.38,1.0,59.66
Buenos Aires,Argentina,-34.6037,-58.3816,2026-07-23 14:00:00+00:00,1.0,2.17,5.37,5.81,35.78
London,England,51.5074,-0.1278,2026-07-23 14:00:00+00:00,2.0,9.85,12.68,19.51,68.11
Madrid,Spain,40.4168,-3.7038,2026-07-23 14:00:00+00:00,2.0,7.67,28.24,0.27,95.11
Paris,France,48.8566,2.3522,2026-07-23 14:00:00+00:00,2.0,3.77,5.49,0.63,97.71
Antananarivo,Madagascar,-18.8792,47.5079,2026-07-23 15:00:00+00:00,1.0,8.79,11.35,1.72,53.37
Buenos Aires,Argentina,-34.6037,-58.3816,2026-07-23 15:00:00+00:00,1.0,2.44,5.98,6.65,36.66
London,England,51.5074,-0.1278,2026-07-23 15:00:00+00:00,2.0,9.52,12.17,18.15,73.01
Madrid,Spain,40.4168,-3.7038,2026-07-23 15:00:00+00:00,2.0,8.22,30.75,0.28,92.76
Paris,France,48.8566,2.3522,2026-07-23 15:00:00+00:00,2.0,3.65,5.33,0.7,98.33
Antananarivo,Madagascar,-18.8792,47.5079,2026-07-23 16:00:00+00:00,2.0,10.31,13.63,2.23,47.38
Buenos Aires,Argentina,-34.6037,-58.3816,2026-07-23 16:00:00+00:00,1.0,2.61,6.08,7.27,42.6
London,England,51.5074,-0.1278,2026-07-23 16:00:00+00:00,2.0,8.35,10.66,13.59,83.62
Madrid,Spain,40.4168,-3.7038,2026-07-23 16:00:00+00:00,2.0,8.41,32.87,0.28,92.57
Paris,France,48.8566,2.3522,2026-07-23 16:00:00+00:00,2.0,3.45,5.09,0.82,99.26
Antananarivo,Madagascar,-18.8792,47.5079,2026-07-23 17:00:00+00:00,2.0,12.31,16.54,2.68,42.71
Buenos Aires,Argentina,-34.6037,-58.3816,2026-07-23 17:00:00+00:00,1.0,2.48,5.59,7.47,44.22
London,England,51.5074,-0.1278,2026-07-23 17:00:00+00:00,2.0,8.49,10.66,15.08,84.01
Madrid,Spain,40.4168,-3.7038,2026-07-23 17:00:00+00:00,2.0,7.59,30.48,0.27,93.5
Paris,France,48.8566,2.3522,2026-07-23 17:00:00+00:00,2.0,3.21,4.82,0.95,98.78
Antananarivo,Madagascar,-18.8792,47.5079,2026-07-23 18:00:00+00:00,2.0,14.36,19.37,3.02,38.86
Buenos Aires,Argentina,-34.6037,-58.3816,2026-07-23 18:00:00+00:00,1.0,2.37,5.21,7.77,45.14
London,England,51.5074,-0.1278,2026-07-23 18:00:00+00:00,2.0,8.64,10.73,17.3,82.84
Madrid,Spain,40.4168,-3.7038,2026-07-23 18:00:00+00:00,2.0,6.57,26.65,0.29,94.74
Paris,France,48.8566,2.3522,2026-07-23 18:00:00+00:00,2.0,2.95,4.57,1.16,97.05
Antananarivo,Madagascar,-18.8792,47.5079,2026-07-23 19:00:00+00:00,2.0,15.92,21.58,3.2,35.4
Buenos Aires,Argentina,-34.6037,-58.3816,2026-07-23 19:00:00+00:00,1.0,2.4,5.13,8.19,46.78
London,England,51.5074,-0.1278,2026-07-23 19:00:00+00:00,2.0,8.79,10.82,19.7,80.84
Madrid,Spain,40.4168,-3.7038,2026-07-23 19:00:00+00:00,2.0,5.39,20.81,0.42,93.19
Paris,France,48.8566,2.3522,2026-07-23 19:00:00+00:00,2.0,2.71,4.33,1.65,92.62
Antananarivo,Madagascar,-18.8792,47.5079,2026-07-23 20:00:00+00:00,2.0,16.81,22.96,3.3,32.91
Buenos Aires,Argentina,-34.6037,-58.3816,2026-07-23 20:00:00+00:00,1.0,2.6,5.44,9.26,46.54
London,England,51.5074,-0.1278,2026-07-23 20:00:00+00:00,2.0,8.92,10.9,21.72,76.9
Madrid,Spain,40.4168,-3.7038,2026-07-23 20:00:00+00:00,2.0,4.24,14.81,0.63,89.64
Paris,France,48.8566,2.3522,2026-07-23 20:00:00+00:00,2.0,2.54,4.18,2.31,86.56
Antananarivo,Madagascar,-18.8792,47.5079,2026-07-23 21:00:00+00:00,2.0,16.11,22.21,3.08,31.09
Buenos Aires,Argentina,-34.6037,-58.3816,2026-07-23 21:00:00+00:00,1.0,2.94,6.0,9.92,46.68
London,England,51.5074,-0.1278,2026-07-23 21:00:00+00:00,2.0,9.06,10.99,22.76,72.5
Madrid,Spain,40.4168,-3.7038,2026-07-23 21:00:00+00:00,2.0,3.4,10.76,0.78,87.07
Paris,France,48.8566,2.3522,2026-07-23 21:00:00+00:00,2.0,2.42,4.08,2.76,80.99
Antananarivo,Madagascar,-18.8792,47.5079,2026-07-23 22:00:00+00:00,2.0,14.04,19.6,2.62,30.48
Buenos Aires,Argentina,-34.6037,-58.3816,2026-07-23 22:00:00+00:00,1.0,3.51,6.9,9.42,47.36
London,England,51.5074,-0.1278,2026-07-23 22:00:00+00:00,2.0,9.22,11.12,24.18,68.11
Madrid,Spain,40.4168,-3.7038,2026-07-23 22:00:00+00:00,2.0,2.87,8.33,0.9,83.07
Paris,France,48.8566,2.3522,2026-07-23 22:00:00+00:00,2.0,2.3,3.93,3.01,74.8
Antananarivo,Madagascar,-18.8792,47.5079,2026-07-23 23:00:00+00:00,2.0,11.95,17.01,2.19,30.46
Buenos Aires,Argentina,-34.6037,-58.3816,2026-07-23 23:00:00+00:00,1.0,4.37,8.21,9.33,46.91
London,England,51.5074,-0.1278,2026-07-23 23:00:00+00:00,2.0,9.35,11.24,25.62,64.14
Madrid,Spain,40.4168,-3.7038,2026-07-23 23:00:00+00:00,2.0,2.62,7.07,0.97,79.2
Paris,France,48.8566,2.3522,2026-07-23 23:00:00+00:00,2.0,2.24,3.87,3.08,70.05
Antananarivo,Madagascar,-18.8792,47.5079,2026-07-24 00:00:00+00:00,2.0,10.36,15.1,1.88,30.34
Buenos Aires,Argentina,-34.6037,-58.3816,2026-07-24 00:00:00+00:00,1.0,5.16,9.41,10.1,45.27
London,England,51.5074,-0.1278,2026-07-24 00:00:00+00:00,2.0,9.43,11.31,26.41,61.4
Madrid,Spain,40.4168,-3.7038,2026-07-24 00:00:00+00:00,2.0,2.45,6.29,0.99,75.53
Paris,France,48.8566,2.3522,2026-07-24 00:00:00+00:00,2.0,2.21,3.86,3.05,66.33
Antananarivo,Madagascar,-18.8792,47.5079,2026-07-24 01:00:00+00:00,1.0,9.26,13.64,1.69,29.79
Buenos Aires,Argentina,-34.6037,-58.3816,2026-07-24 01:00:00+00:00,1.0,5.38,9.68,11.08,42.48
London,England,51.5074,-0.1278,2026-07-24 01:00:00+00:00,1.0,9.66,11.54,26.98,59.39
Madrid,Spain,40.4168,-3.7038,2026-07-24 01:00:00+00:00,2.0,2.32,5.75,1.0,71.78
Paris,France,48.8566,2.3522,2026-07-24 01:00:00+00:00,2.0,2.19,3.88,3.06,62.61
Antananarivo,Madagascar,-18.8792,47.5079,2026-07-24 02:00:00+00:00,1.0,8.76,12.89,1.6,28.95
Buenos Aires,Argentina,-34.6037,-58.3816,2026-07-24 02:00:00+00:00,1.0,5.19,9.35,11.85,39.61
London,England,51.5074,-0.1278,2026-07-24 02:00:00+00:00,2.0,10.3,12.24,29.24,55.35
Madrid,Spain,40.4168,-3.7038,2026-07-24 02:00:00+00:00,2.0,2.23,5.37,1.01,70.1
Paris,France,48.8566,2.3522,2026-07-24 02:00:00+00:00,1.0,2.22,3.98,3.21,59.95
Antananarivo,Madagascar,-18.8792,47.5079,2026-07-24 03:00:00+00:00,1.0,8.55,12.56,1.59,28.27
Buenos Aires,Argentina,-34.6037,-58.3816,2026-07-24 03:00:00+00:00,1.0,4.89,8.94,12.22,36.71
London,England,51.5074,-0.1278,2026-07-24 03:00:00+00:00,2.0,11.13,13.1,31.22,51.55
Madrid,Spain,40.4168,-3.7038,2026-07-24 03:00:00+00:00,2.0,2.18,5.18,1.01,69.93
Paris,France,48.8566,2.3522,2026-07-24 03:00:00+00:00,1.0,2.26,4.12,3.52,57.84
Antananarivo,Madagascar,-18.8792,47.5079,2026-07-24 04:00:00+00:00,1.0,8.72,12.97,1.76,27.89
Buenos Aires,Argentina,-34.6037,-58.3816,2026-07-24 04:00:00+00:00,1.0,4.62,8.3,12.37,33.96
London,England,51.5074,-0.1278,2026-07-24 04:00:00+00:00,2.0,12.11,14.11,32.95,47.8
Madrid,Spain,40.4168,-3.7038,2026-07-24 04:00:00+00:00,2.0,2.23,5.34,1.02,70.9
Paris,France,48.8566,2.3522,2026-07-24 04:00:00+00:00,1.0,2.29,4.2,3.94,55.22
Antananarivo,Madagascar,-18.8792,47.5079,2026-07-24 05:00:00+00:00,1.0,8.99,13.53,1.62,28.85
Buenos Aires,Argentina,-34.6037,-58.3816,2026-07-24 05:00:00+00:00,1.0,4.31,7.46,12.22,31.41
London,England,51.5074,-0.1278,2026-07-24 05:00:00+00:00,2.0,13.01,15.01,34.47,44.86
Madrid,Spain,40.4168,-3.7038,2026-07-24 05:00:00+00:00,2.0,2.51,5.98,1.28,69.23
Paris,France,48.8566,2.3522,2026-07-24 05:00:00+00:00,1.0,2.32,4.25,4.69,52.98
Antananarivo,Madagascar,-18.8792,47.5079,2026-07-24 06:00:00+00:00,2.0,10.07,14.56,1.11,35.21
Buenos Aires,Argentina,-34.6037,-58.3816,2026-07-24 06:00:00+00:00,1.0,4.0,6.79,11.86,29.47
London,England,51.5074,-0.1278,2026-07-24 06:00:00+00:00,2.0,13.55,15.55,35.9,43.84
Madrid,Spain,40.4168,-3.7038,2026-07-24 06:00:00+00:00,2.0,2.88,6.8,1.78,67.15
Paris,France,48.8566,2.3522,2026-07-24 06:00:00+00:00,1.0,2.35,4.27,5.58,52.2
Antananarivo,Madagascar,-18.8792,47.5079,2026-07-24 07:00:00+00:00,1.0,5.3,7.39,0.3,56.57
Buenos Aires,Argentina,-34.6037,-58.3816,2026-07-24 07:00:00+00:00,1.0,3.73,6.17,11.43,27.84
London,England,51.5074,-0.1278,2026-07-24 07:00:00+00:00,2.0,13.76,15.74,35.24,45.04
Madrid,Spain,40.4168,-3.7038,2026-07-24 07:00:00+00:00,2.0,3.19,7.46,1.94,65.06
Paris,France,48.8566,2.3522,2026-07-24 07:00:00+00:00,1.0,2.35,4.23,5.1,55.27
Antananarivo,Madagascar,-18.8792,47.5079,2026-07-24 08:00:00+00:00,1.0,5.67,7.61,0.19,59.24
Buenos Aires,Argentina,-34.6037,-58.3816,2026-07-24 08:00:00+00:00,1.0,3.5,5.62,11.06,26.23
London,England,51.5074,-0.1278,2026-07-24 08:00:00+00:00,2.0,13.79,15.76,33.65,45.65
Madrid,Spain,40.4168,-3.7038,2026-07-24 08:00:00+00:00,2.0,3.48,8.04,1.54,67.2
Paris,France,48.8566,2.3522,2026-07-24 08:00:00+00:00,1.0,2.49,4.4,4.59,57.98
Antananarivo,Madagascar,-18.8792,47.5079,2026-07-24 09:00:00+00:00,2.0,6.4,8.36,0.18,60.1
Buenos Aires,Argentina,-34.6037,-58.3816,2026-07-24 09:00:00+00:00,1.0,3.31,5.25,10.78,24.86
London,England,51.5074,-0.1278,2026-07-24 09:00:00+00:00,2.0,13.87,15.84,31.43,47.39
Madrid,Spain,40.4168,-3.7038,2026-07-24 09:00:00+00:00,2.0,3.81,8.65,0.99,75.1
Paris,France,48.8566,2.3522,2026-07-24 09:00:00+00:00,2.0,2.95,4.91,4.1,63.7
Antananarivo,Madagascar,-18.8792,47.5079,2026-07-24 10:00:00+00:00,2.0,7.37,9.45,0.2,61.91
Buenos Aires,Argentina,-34.6037,-58.3816,2026-07-24 10:00:00+00:00,1.0,3.18,5.07,10.77,23.7
London,England,51.5074,-0.1278,2026-07-24 10:00:00+00:00,2.0,13.99,15.96,25.62,53.89
Madrid,Spain,40.4168,-3.7038,2026-07-24 10:00:00+00:00,2.0,3.08,6.7,0.36,96.31
Paris,France,48.8566,2.3522,2026-07-24 10:00:00+00:00,2.0,3.01,4.54,1.81,85.05
Antananarivo,Madagascar,-18.8792,47.5079,2026-07-24 11:00:00+00:00,2.0,8.01,10.15,0.21,62.05
Buenos Aires,Argentina,-34.6037,-58.3816,2026-07-24 11:00:00+00:00,1.0,3.12,5.08,11.42,22.12
London,England,51.5074,-0.1278,2026-07-24 11:00:00+00:00,2.0,14.09,16.08,24.46,55.57
Madrid,Spain,40.4168,-3.7038,2026-07-24 11:00:00+00:00,3.0,2.72,5.5,0.28,100.61
Paris,France,48.8566,2.3522,2026-07-24 11:00:00+00:00,2.0,3.25,4.56,0.93,94.79
Antananarivo,Madagascar,-18.8792,47.5079,2026-07-24 12:00:00+00:00,2.0,8.5,10.73,0.22,61.93
Buenos Aires,Argentina,-34.6037,-58.3816,2026-07-24 12:00:00+00:00,1.0,3.15,5.13,12.69,20.18
London,England,51.5074,-0.1278,2026-07-24 12:00:00+00:00,2.0,14.26,16.3,23.49,57.34
Madrid,Spain,40.4168,-3.7038,2026-07-24 12:00:00+00:00,3.0,2.83,5.25,0.31,101.47
Paris,France,48.8566,2.3522,2026-07-24 12:00:00+00:00,2.0,3.52,4.78,0.73,99.21
Antananarivo,Madagascar,-18.8792,47.5079,2026-07-24 13:00:00+00:00,2.0,9.21,11.64,0.29,61.08
Buenos Aires,Argentina,-34.6037,-58.3816,2026-07-24 13:00:00+00:00,1.0,3.24,5.18,13.48,19.2
London,England,51.5074,-0.1278,2026-07-24 13:00:00+00:00,2.0,14.31,16.43,22.38,60.34
Madrid,Spain,40.4168,-3.7038,2026-07-24 13:00:00+00:00,3.0,2.6,4.36,0.32,105.0
Paris,France,48.8566,2.3522,2026-07-24 13:00:00+00:00,3.0,3.66,4.88,0.68,103.78
Antananarivo,Madagascar,-18.8792,47.5079,2026-07-24 14:00:00+00:00,1.0,9.98,12.67,0.46,58.62
Buenos Aires,Argentina,-34.6037,-58.3816,2026-07-24 14:00:00+00:00,1.0,3.4,5.35,12.83,19.59
London,England,51.5074,-0.1278,2026-07-24 14:00:00+00:00,2.0,14.06,16.24,20.87,64.89
Madrid,Spain,40.4168,-3.7038,2026-07-24 14:00:00+00:00,3.0,2.46,3.71,0.33,106.89
Paris,France,48.8566,2.3522,2026-07-24 14:00:00+00:00,3.0,3.49,4.6,0.67,106.04
Antananarivo,Madagascar,-18.8792,47.5079,2026-07-24 15:00:00+00:00,2.0,10.34,13.26,0.68,55.81
Buenos Aires,Argentina,-34.6037,-58.3816,2026-07-24 15:00:00+00:00,1.0,3.53,5.52,11.74,21.02
London,England,51.5074,-0.1278,2026-07-24 15:00:00+00:00,2.0,13.49,15.69,18.69,72.47
Madrid,Spain,40.4168,-3.7038,2026-07-24 15:00:00+00:00,3.0,2.62,3.68,0.37,107.98
Paris,France,48.8566,2.3522,2026-07-24 15:00:00+00:00,3.0,3.38,4.44,0.72,107.71
Antananarivo,Madagascar,-18.8792,47.5079,2026-07-24 16:00:00+00:00,2.0,10.62,13.8,0.87,52.28
Buenos Aires,Argentina,-34.6037,-58.3816,2026-07-24 16:00:00+00:00,1.0,3.23,5.18,9.13,28.27
London,England,51.5074,-0.1278,2026-07-24 16:00:00+00:00,2.0,12.57,14.75,16.05,82.98
Madrid,Spain,40.4168,-3.7038,2026-07-24 16:00:00+00:00,3.0,2.46,3.46,0.38,108.96
Paris,France,48.8566,2.3522,2026-07-24 16:00:00+00:00,3.0,3.4,4.47,0.84,110.18
Antananarivo,Madagascar,-18.8792,47.5079,2026-07-24 17:00:00+00:00,2.0,11.23,14.81,1.08,49.73
Buenos Aires,Argentina,-34.6037,-58.3816,2026-07-24 17:00:00+00:00,1.0,2.96,4.87,6.94,33.44
London,England,51.5074,-0.1278,2026-07-24 17:00:00+00:00,2.0,11.67,13.91,15.81,88.18
Madrid,Spain,40.4168,-3.7038,2026-07-24 17:00:00+00:00,3.0,2.28,3.33,0.4,108.85
Paris,France,48.8566,2.3522,2026-07-24 17:00:00+00:00,3.0,3.43,4.53,0.97,111.08
